,BHP Share Price,S&P 500 ,ASX 200,AUD/USD,EUR/USD,YEN/USD,GBP/USD,AUD/CNY,AUD/USD Growth,EUR/USD Growth,YEN/USD Growth,GBP/USD Growth,AUD/CNY Growth,Unemployment Rate,Participation Rate,Inflation,Australian Cash Rate,US Federal Reserve Rate,Australia GDP Trend,Australia GDP Seasonally Adjusted,Terms of Trade ,"Crude oil, average","Crude oil, WTI","Coal, Australian","Natural gas, US","Natural gas, Europe","Liquefied natural gas, Japan",Natural gas index,Cocoa,"Coffee, Arabica","Tea, avg 3 auctions",Coconut oil,Palm oil,Palm kernel oil,Soybeans,Soybean oil,"Rice, Thai 5% ","Wheat, US SRW","Banana, US",Orange,Beef,"Meat, chicken","Meat, sheep","Sugar, US","Sugar, world","Tobacco, US import u.v.","Logs, Cameroon",Plywood,Woodpulp,"Cotton, A Index","Rubber, TSR20",Phosphate rock,Potassium chloride,Aluminum,"Iron ore, cfr spot",Copper,Lead,Tin,Nickel,Zinc,Gold,Platinum,Silver
31-Jan-08,46.235157,1378.550049,5572.100098,0.8814,1.4703,0.0092,1.9699,6.4363,0.010663915,0.009752077,0.033707865,-0.024173973,0.006096322,3.9,65.5,0.029,6.75,3.94,0.80%,0.60%,0.7,0.013069642,0.017722271,0.008241758,0.118918379,0.127502634,0.082788671,0.120095125,0.042037252,0.016572176,0.027873341,0.114483955,0.114736842,0.126102293,0.049805951,0.096219931,0.041404806,-0.004341442,0.063829787,0.11209127,0.019748954,0.005026611,-0.004475512,0.001491971,0.121836926,0.001593215,0.154935015,-0.007714553,0.02236645,0.053199137,0.05218366,0.407407407,0.1375,0.026799832,0.017094467,0.071854877,0.004664048,0.004563533,0.065312583,-0.005511493,0.107559359,0.060553286,0.112230487
29-Feb-08,50.073826,1330.630005,5355.700195,0.9087,1.4717,0.0093,1.9643,6.6233,0.030973451,0.000952187,0.010869565,-0.002842784,0.02905396,3.7,65.4,0.029,7,2.98,0.80%,0.60%,0.7,0.02974592,0.025902309,0.438692098,0.06875,0.013084112,0.052313883,0.049736794,0.137199858,0.124624625,0.008270875,0.075486381,0.095372993,0.085356304,0.057301294,0.097178683,0.237353568,0.130704286,0.15,0.018827599,0.055514525,0.024541532,0.052430489,-0.004870474,0.128654971,-0.014909357,0.127799952,-0.00268114,0.00507097,0.024573379,0.0737029,0,0.41025641,0.135515389,-0.037492889,0.117074679,0.180874387,0.05341938,0.009604022,0.041890694,0.036761672,0.262976063,0.104350395
31-Mar-08,45.415104,1322.699951,5595.399902,0.9246,1.5481,0.0099,2.0022,6.4023,0.017497524,0.051912754,0.064516129,0.019294405,-0.033367053,3.9,65.4,0.043,7.25,2.61,0.70%,0.60%,1.1,0.090539253,0.105767215,-0.104166667,0.099582289,0.018450185,0.047801147,0.071585591,0.0890713,-0.047046856,-0.056007605,0.064399421,0.076724138,0.054834055,0.005244755,0.054285714,0.278106509,0.079395085,0.295652174,0.17323955,0.036929057,0.026342965,0.060755122,0.025322741,-0.022945966,-0.011574874,0.031418571,0.002705546,0.007803386,0.068620919,-0.00926028,0.700657895,0.155844156,0.082234728,0.059101655,0.069931628,-0.023150894,0.150723242,0.116964097,0.030076579,0.050022878,0.012762106,0.099516193
30-Apr-08,55.629192,1385.589966,5654.700195,0.9301,1.5768,0.0098,1.9821,6.5863,0.005948518,0.018538854,-0.01010101,-0.010038957,0.028739672,4.2,65.6,0.043,7.25,2.28,0.70%,0.60%,1.1,0.067902161,0.067749241,0.040169133,0.077737564,0.104166667,0.041970803,0.084180338,-0.043642192,-0.061311629,0.09956904,-0.01903467,-0.060048038,-0.023255814,-0.029565217,-0.034552846,0.526936027,-0.229223054,-0.057718121,0.002396075,0.028116214,0.009943182,0.020758179,-0.008078362,-0.048484848,0.018588537,-0.006914408,0.008775565,0.01359391,-0.059850374,0.002893068,0.137330754,0.073314607,-0.015311672,-0.005935471,0.029107073,-0.061766369,0.093652493,-0.078849008,-0.098618978,-0.060643265,-0.018161259,-0.094080984
31-May-08,58.167198,1400.380005,5215.299805,0.9478,1.5543,0.0096,1.9655,6.6364,0.019030212,-0.014269406,-0.020408163,-0.008374956,0.007606699,4,65.4,0.043,7.25,1.98,0.70%,0.60%,1.1,0.127571341,0.110060542,0.082926829,0.10838455,0.015586546,0.018388792,0.076200509,0.029426654,0.008884151,-0.001658202,0.040887041,0.028534923,0.004201681,0.03046595,0.007719298,-0.005733186,-0.211260522,-0.045584046,0.068065895,0.120875114,0.017307392,0.012229417,0.017071338,-0.039012739,0.022055158,-0.011934023,0.002496414,0.003847136,-0.017241379,0.094825992,0,0.085160953,-0.019049611,-0.015310028,-0.034793825,-0.208351785,0.110977164,-0.105279798,-0.036087632,-0.023130575,0.032206637,-0.025142857
30-Jun-08,58.753426,1280,4977.399902,0.9502,1.5549,0.0094,1.9658,6.5668,0.00253218,0.000386026,-0.020833333,0.000152633,-0.010487614,4,65.6,0.044,7.25,2,0.50%,0.30%,13.1,0.072480739,0.071305727,0.199324324,0.128733519,0.020193861,0.03783319,0.093756052,0.118078555,0.029587883,0.074676547,0.032623169,0.004554865,-0.025801953,0.08173913,0.070334262,-0.160567753,-0.001397151,-0.059701493,0.07341235,0.053188029,0.026997965,-0.000747913,0.043932433,0.004971002,0.02282716,-0.000257119,-0.001342808,0.002789007,0.039811066,0.071175219,0,0.037044183,0.018931758,-0.046747862,-0.014572187,-0.166281591,-0.076175919,-0.123798407,-0.131810641,0.000928361,-0.00643621,-0.005334115
31-Jul-08,51.491131,1267.380005,5135.600098,0.9621,1.5749,0.0094,1.9876,6.4343,0.012523679,0.012862564,0,0.011089633,-0.020177255,4,65.5,0.044,7.25,2.01,0.50%,0.30%,13.1,0.009915316,-0.004102347,0.126760563,-0.120494234,0.137767221,0.023198012,-0.045402631,-0.011335541,0.008279165,0.033685532,-0.074145712,-0.070074196,-0.089477452,0.019292605,-0.01691607,-0.03335535,-0.036492139,-0.168253968,0.012206801,0.084942085,0.029616334,0.01293279,0.092467669,0.173124485,0.02511689,0.013566514,0.000870503,0.005679865,0.003244646,0.007883948,0,0.041860465,0.038332482,-0.018648399,0.018575902,0.043941434,0.040939776,-0.105939328,-0.022225671,0.056531398,-0.066107962,0.062755613
31-Aug-08,48.628998,1282.829956,4600.5,0.8869,1.5017,0.0092,1.8958,5.8779,-0.078162353,-0.046479142,-0.021276596,-0.046186355,-0.086474053,4,65.5,0.044,7.25,2,0.50%,0.30%,13.1,-0.137461575,-0.125487601,-0.12,-0.260008892,0.018789144,0.072874494,-0.157063206,-0.051018482,-0.006311075,-0.006192215,-0.169220056,-0.215425532,-0.157232704,-0.123028391,-0.125082727,-0.052271951,0.040419162,0.106870229,-0.209429984,-0.035587189,0.001882763,-0.049783854,-0.02122678,0.026704146,0.013573633,-0.009885601,0.002136594,-0.041589231,0.009640855,-0.088297872,0.170068027,0.142857143,-0.099915376,-0.009750693,-0.092624081,-0.010971185,-0.13453698,-0.061133618,-0.0696918,-0.107203662,-0.219950326,-0.188472821
30-Sep-08,35.856209,1166.359985,4018,0.8201,1.4376,0.0094,1.7988,5.4381,-0.075318525,-0.042684957,0.02173913,-0.051165735,-0.074822641,4.1,65.5,0.05,7,1.81,0.20%,0.10%,5.6,-0.13014289,-0.108914246,-0.053030303,-0.067333333,0.014344262,0.086037736,-0.027830768,-0.042638274,-0.021580277,-0.026771411,-0.069572506,-0.128813559,-0.068097015,-0.084532374,-0.072617247,-0.013987022,-0.123741007,0.004310345,-0.183664937,-0.04501845,-0.000139202,-0.04656352,-0.006696017,-0.073921971,0.01191527,-0.040459687,-0.000669736,-0.018593679,-0.056957198,-0.036550209,0,0.1015625,-0.086296903,-0.218753497,-0.084330229,-0.028702286,-0.082760677,-0.059870032,0.007080704,-0.010837579,-0.176614722,-0.154560984
31-Oct-08,27.15851,968.75,3742.5,0.6984,1.3402,0.0099,1.7089,4.5678,-0.148396537,-0.067751809,0.053191489,-0.049977763,-0.160037513,4.2,65.4,0.05,6,0.97,0.20%,0.10%,5.6,-0.27056882,-0.262870505,-0.28,-0.124894405,0.072727273,0.043085476,-0.035190159,-0.156466547,-0.137363021,-0.136286632,-0.228828829,-0.293125811,-0.253253253,-0.225933202,-0.243066884,-0.109023106,-0.169129721,0.006008584,-0.015309863,-0.150540958,-0.009820069,-0.05003228,-0.073291362,-0.120473023,0.014866765,-0.072890497,-0.007653408,-0.052296567,-0.153532609,-0.336622377,-0.037209302,0.081560284,-0.160108527,-0.365010026,-0.295409552,-0.207804796,-0.215970078,-0.317780646,-0.249711175,-0.028089048,-0.253936461,-0.156122202
30-Nov-08,27.954819,896.23999,3722.300049,0.6576,1.2736,0.0103,1.5383,4.471,-0.058419244,-0.049694076,0.04040404,-0.0998303,-0.021191821,4.3,65.4,0.05,5.25,0.39,0.20%,0.10%,5.6,-0.257522581,-0.252184993,-0.145833333,-0.008762159,-0.007532957,0.003331113,-0.007473494,-0.096458554,-0.013755158,-0.146473295,-0.160046729,-0.104587156,-0.293565684,-0.040609137,-0.112068966,-0.093967993,-0.015810277,0.11774744,-0.062085296,-0.163027656,-0.006976744,-0.060353201,-0.081151665,0.017647059,-0.016701889,-0.083039623,0.004092848,-0.080688996,-0.117977528,-0.132202116,-0.154589372,0.003278689,-0.126796621,-0.26750874,-0.24538583,-0.127699379,-0.052649128,-0.118476829,-0.114820649,-0.056726835,-0.079193925,-0.055175122
31-Dec-08,29.966568,903.25,3540.699951,0.6717,1.3511,0.0109,1.4888,4.8276,0.021441606,0.060851131,0.058252427,-0.032178379,0.079758443,4.5,65.4,0.037,4.25,0.16,-0.10%,-0.50%,-2.8,-0.234077534,-0.27672573,-0.147425474,-0.131800135,-0.019607843,-0.08499336,-0.078259191,0.165125832,-0.023956026,-0.021007057,0.029207232,0.030737705,0.051233397,-0.047619048,-0.104368932,-0.036594203,-0.020080321,-0.080152672,-0.107364575,-0.023188406,0.001102483,-0.030409585,0.005345662,-0.029727498,0.009268021,0.054508325,-0.000646866,-0.124292727,0.009099181,-0.271517852,0,0.009803922,-0.195417358,0.077444188,-0.173533495,-0.25421656,-0.176164474,-0.094853151,-0.045140552,0.072587312,-0.000714031,0.042624579
31-Jan-09,26.222488,825.880005,3344.5,0.6782,1.3342,0.0111,1.4491,4.3412,0.009676939,-0.012508327,0.018348624,-0.026665771,-0.100753998,4.8,65.5,0.037,4.25,0.15,-0.10%,-0.50%,-2.8,0.060869733,0.007226334,0.009535919,-0.095499413,-0.103870968,-0.077648766,-0.098434529,0.096942761,0.078423132,0.134892374,-0.008108108,0.117296223,0.028880866,0.147222222,0.069444444,0.090635577,0.088114754,-0.012448133,0.027786982,0.015949555,0.002633469,-0.03143049,0.018883755,0.071489362,0.014170788,-0.013406823,-0.110468736,-0.035662037,0.040577096,0.195911832,-0.242857143,0.104368932,-0.051870971,0.036153187,0.048409883,0.176404976,0.011820018,0.167293437,0.078899044,0.052197546,0.128272002,0.095520966
28-Feb-09,25.440147,735.090027,3582.100098,0.6499,1.2807,0.0108,1.4397,4.3753,-0.041728104,-0.040098936,-0.027027027,-0.006486785,0.007854971,5.5,65.7,0.037,3.25,0.22,-0.10%,-0.50%,-2.8,-0.045867724,-0.062004473,-0.050629723,-0.137825772,-0.205183585,-0.172305271,-0.172135214,0.008227689,0.009197194,-0.02316312,-0.083106267,0.017793594,0.00877193,-0.055690073,-0.052264808,0.018534483,-0.060263653,0.151260504,-0.020979628,-0.061336254,-0.006303725,-0.001213424,-0.02077442,0.05401112,0.070125076,-0.102795635,-0.003025528,-0.095457967,-0.043327556,-0.078303374,-0.405660377,0.022710623,-0.058678002,0.0424769,0.02919716,-0.028438174,-0.029333614,-0.079434204,-0.063440865,0.098184444,0.090604912,0.190296587
31-Mar-09,31.811104,797.869995,3780.5,0.6654,1.3064,0.0102,1.421,4.7294,0.023849823,0.020067151,-0.055555556,-0.012988817,0.080931593,5.8,65.7,0.024,3.25,0.18,-0.10%,0.40%,-7.8,0.114751573,0.213800006,-0.190766782,-0.125868555,-0.012681159,-0.098859316,-0.072299046,-0.051961029,-0.007414272,0.039059418,-0.071322437,0.045454545,0.020869565,-0.028205128,-0.028074866,-0.004231909,0.002004008,-0.03649635,0.105148192,0.049008168,-0.011179132,-0.014974487,0.00122837,0.009796534,0.025893838,-0.07979128,-0.003794866,-0.022051072,-0.067028986,-0.015566001,0,-0.00286533,0.004240716,-0.152401111,0.131240148,0.125743622,-0.032913558,-0.068441071,0.094125846,-0.019858961,0.046958626,-0.022046598
30-Apr-09,34.336021,872.809998,3818,0.7148,1.3194,0.0101,1.4698,4.9451,0.074241058,0.00995101,-0.009803922,0.034342013,0.045608322,5.6,65.6,0.024,3,0.15,-0.10%,0.40%,-7.8,0.077881201,0.048150142,0.041967213,-0.114019543,-0.219266055,-0.143459916,-0.167148217,0.018006148,0.049486461,0.130864414,0.1952,0.173913043,0.221465077,0.092348285,0.101788171,-0.065590027,-0.006,-0.021212121,0.067846502,0.031368187,-0.004037685,0.079466467,0.075269807,0.018656716,-0.0029558,-0.014737468,-0.005376344,0.002023969,0.102912621,0.160861057,-0.203174603,-0.143678161,0.063637065,-0.066958015,0.175158344,0.116385465,0.100000009,0.15156568,0.133223752,-0.036864649,0.077354706,-0.048601793
31-May-09,40.113373,919.140015,3954.899902,0.7619,1.3636,0.0103,1.5395,5.4708,0.065892557,0.033500076,0.01980198,0.047421418,0.106307254,6.1,65.5,0.024,3,0.18,-0.10%,0.40%,-7.8,0.15664463,0.187033337,0.014789176,0.088633636,-0.049353702,-0.07635468,0.015263468,-0.02907679,0.119439502,0.073617448,0.127844712,0.141025641,0.157601116,0.123188406,0.11360799,-0.030321407,0.108651911,-0.067337461,-0.018003912,0.031924072,0.018468468,0.057770415,0.018149718,0.175091575,0.008482108,0.03358605,-0.003175778,0.012217001,0.090669014,0.05303439,-0.06374502,-0.036912752,0.027868529,0.048678488,0.036782063,0.041253705,0.174557926,0.131536539,0.076106175,0.043186924,-0.031558625,0.120559647
30-Jun-09,39.036362,919.320007,4244,0.8039,1.4037,0.0104,1.6374,5.5119,0.055125345,0.029407451,0.009708738,0.063592075,0.007512612,6.3,65.4,0.014,3,0.21,0.30%,0.60%,-7.4,0.189081217,0.177528349,0.106666667,-0.001496063,-0.017305315,-0.042666667,-0.010595727,0.088509731,-0.007947546,0.032638939,-0.113353116,-0.093632959,-0.107228916,0.08172043,0.004484305,0.077861163,-0.003629764,0.029045643,-0.081192872,0.02111204,0.013931889,0.06131188,0.030979841,0.024314214,0.004345366,0.028093596,-0.004036637,0.037274183,-0.008878128,-0.022304614,-0.175531915,0,0.077565293,0.143085022,0.097474036,0.162688399,0.086436933,0.184073321,0.049524562,0.018333163,0.079022212,0.04794834
31-Jul-09,44.906441,987.47998,4479.100098,0.8018,1.4074,0.0106,1.6361,5.7071,-0.002612265,0.002635891,0.019230769,-0.000793942,0.035414285,6,65.4,0.014,3,0.16,0.30%,0.60%,-7.4,-0.064830707,-0.079011798,0.033903054,-0.108850511,-0.161006289,0.051532033,-0.122254446,0.033635399,-0.059349756,0.063779321,-0.082998661,-0.119834711,-0.101214575,-0.081510934,-0.066964286,-0.00435161,-0.129326047,-0.032258065,-0.123462426,0.015353122,0.004416576,-0.000489057,0.032273191,0.121728545,-0.001468362,0.005136986,-0.003016846,0.053915208,0.055374593,0.044969341,-0.070967742,-0.08641115,0.059876967,0.171504326,0.040205387,0.002480807,-0.063178239,0.068454469,0.013700873,-0.012099358,-0.045653852,-0.088206192
31-Aug-09,44.435692,1020.619995,4743.600098,0.835,1.4257,0.0105,1.6543,5.7686,0.041406835,0.0130027,-0.009433962,0.011124014,0.010776051,6,65.3,0.014,3,0.16,0.30%,0.60%,-7.4,0.10767539,0.108226704,-0.017615176,-0.07147071,0.037481259,0.02781457,-0.020663161,0.059237027,0.062881476,0.011279956,0.090510949,0.131455399,0.094594595,0.017316017,0.059808612,-0.079982517,-0.079497908,0.008333333,0.169049024,0,-0.020209149,0.00505849,0.132553304,0.217580033,0.007950254,0.012776831,0.000144633,0.055374723,-0.008487654,0.152538612,0,-0.340198322,0.159352429,0.163430613,0.182101269,0.131949132,0.059181006,0.228794778,0.153974797,0.016213387,0.070818922,0.074466572
30-Sep-09,47.081867,1057.079956,4643.200195,0.8607,1.4556,0.0109,1.6328,6.0326,0.030778443,0.020972154,0.038095238,-0.012996434,0.045765004,6.1,65.2,0.012,3,0.15,0.50%,0.20%,1,-0.045840932,-0.022750727,-0.067034483,-0.059182312,0.030346821,0.085051546,-0.010694157,0.063007979,-0.008213141,0.05504894,-0.061579652,-0.067773167,-0.034293553,-0.085106383,-0.045146727,-0.014251781,-0.020454545,-0.018181818,0.232762138,-0.002419355,-0.021870089,-0.012868536,0.109138076,0.027629234,0.00650469,0.020605551,-0.002336271,0.045137113,-0.00311284,0.123854583,0,0,-0.051524758,-0.173645951,0.005049552,0.160225778,-4.43E-05,-0.110406048,0.034225644,0.049733772,0.03545803,0.141592427
31-Oct-09,47.407982,1036.189941,4701.399902,0.9044,1.4807,0.0111,1.6167,6.1403,0.050772627,0.017243748,0.018348624,-0.009860363,0.017852999,5.9,65.2,0.012,3.25,0.12,0.50%,0.20%,1,0.083903749,0.091138185,0.050709639,0.358454889,0.065918654,0.080760095,0.206268058,0.073092031,0.040665185,-0.041292435,0.007132668,0.008902077,0.03125,-0.006976744,0.060283688,-0.049638554,0.109048724,-0.010942761,0.118015193,-0.028900566,-0.023809524,-0.009547708,0.063408163,-0.018213356,0.006766891,0.052526889,-0.002465356,0.054616715,0.042935207,0.095365334,0,0.005780347,0.024237316,0.075331434,0.014773825,0.016433323,0.009400238,0.060209125,0.099557171,0.046727293,0.034197253,0.051655023
30-Nov-09,54.434608,1095.630005,4870.600098,0.9183,1.4895,0.0112,1.6583,6.2482,0.015369306,0.005943135,0.009009009,0.025731428,0.017572431,5.8,65.2,0.012,3.5,0.12,0.50%,0.20%,1,0.046863757,0.029334309,0.108766005,-0.082645655,0.027631579,0.003296703,-0.033121146,0.003399137,-0.015268163,0.009663624,0.032577904,0.066176471,0,0.030444965,0.037904125,0.100912779,0.165271967,0.029787234,0.001555028,0.040582726,-0.008684552,0.024964469,0.036409604,-0.016784452,0.022624121,0.015002925,-0.001263816,0.041021289,0.074850299,0.099469802,0,0,0.037644631,0.143680147,0.061644309,0.030341762,-0.004429582,-0.082808,0.058790562,0.080406726,0.050909009,0.033951996
31-Dec-09,55.359928,1115.099976,4569.600098,0.9015,1.4587,0.0111,1.6223,6.1262,-0.018294675,-0.02067808,-0.008928571,-0.021708979,-0.019525623,5.7,65.4,0.021,3.75,0.12,0.60%,0.90%,2.9,-0.034434612,-0.044973745,0.054568528,0.453707969,0.025608195,0.069003286,0.246355402,0.033550489,0.039087445,-0.026947294,0.053497942,0.092413793,0.141873278,0.022727273,0.004296455,0.088899125,0.008976661,-0.045454545,-0.121993208,0.016,0.00013658,-0.020678845,0.045199191,0.05705301,0.00751758,0.003492198,-0.002489658,0.012994117,0.058495822,0.122667095,0,-0.082758621,0.118406945,0.058533145,0.045856437,0.008559566,0.040457006,0.004428118,0.083237249,0.006821433,0.026316917,-0.010049772
31-Jan-10,50.147785,1073.869995,4637.700195,0.911,1.4278,0.011,1.6148,6.0394,0.010537992,-0.021183245,-0.009009009,-0.004623066,-0.014168653,5.5,65.4,0.021,3.75,0.11,0.60%,0.90%,2.9,0.029904049,0.051928206,0.167268351,0.082326847,0.098626717,0.026639344,0.084625241,0.007878979,0.004681982,-0.025502258,0.020833333,0.001262626,0.059107358,-0.031111111,-0.012834225,-0.037563452,-0.037366548,-0.012987013,0.074671365,0.054133858,0.010398174,0.002813548,0.181805839,0.124946876,0.001087277,-0.02272665,0,0.028986097,0.018421053,0.086985309,0.083333333,-0.111842105,0.025253487,0.196535643,0.057942219,0.017114275,0.139439007,0.080439851,0.024620868,-0.014770993,0.0837716,0.006053667
28-Feb-10,53.01049,1104.48999,4875.5,0.8852,1.3663,0.0111,1.5608,6.1114,-0.028320527,-0.04307326,0.009090909,-0.033440674,0.011921714,5.5,65.2,0.021,3.75,0.13,0.60%,0.90%,2.9,-0.03057623,-0.024785894,-0.028969072,-0.081144845,0,0.0499002,-0.045184359,-0.07054409,-0.006544997,-0.016057949,0.017857143,0.00630517,0.018223235,-0.068807339,-0.009750813,-0.059423347,-0.035120148,-0.083333333,-0.098846216,0.058823529,0.003012048,0.005875189,0.022719979,-0.040800907,-0.017073362,-0.041066136,0,0.031858666,0.034237726,0.014355327,0.064102564,-0.054673721,-0.083316556,0.014078906,-0.072848198,-0.103319787,-0.07637703,0.029109102,-0.114009324,-0.020170614,-0.024102959,-0.105696096
31-Mar-10,58.063572,1169.430054,4807.399902,0.9109,1.3576,0.011,1.5054,6.2573,0.029032987,-0.006367562,-0.009009009,-0.035494618,0.023873417,5.6,65.2,0.029,4,0.16,0.60%,0.50%,4.2,0.060653861,0.06330424,0.001964115,-0.195531983,0.014772727,-0.009505703,-0.106534668,-0.056990984,0.042062587,-0.080603091,0.154135338,0.042606516,0.112975391,0.004926108,0.001094092,-0.061308411,-0.009578544,0.163636364,-0.027374444,0.071604938,0.008580009,-0.019208932,-0.127650273,-0.265064986,-0.041546187,0.007784538,0,0.047897217,0.071830106,0.031014022,0.012048193,-0.067164179,0.07648157,0.09569378,0.089753986,0.022796332,0.072583801,0.183669056,0.054784645,0.016362778,0.052014339,0.077685378
30-Apr-10,53.210796,1186.689941,4429.700195,0.9259,1.3441,0.0107,1.5331,6.3109,0.01646723,-0.009944019,-0.027272727,0.018400425,0.008565995,5.7,65.3,0.029,4.25,0.2,0.60%,0.50%,4.2,0.061605534,0.039718978,0.061192053,-0.066745876,-0.157894737,0.053742802,-0.096449246,0.042525865,0.02881459,0.058350307,0.02062975,-0.002403846,0.025125628,0.007352941,-0.01420765,-0.072082836,-0.011605416,-0.015213816,0.041903897,0.073897301,0.015312633,0.030160036,-0.116630169,-0.118435155,-0.006451651,0.00486454,0.013362448,0.045222399,0.026573427,0.032821341,0.19047619,0.006016,0.050368829,0.234662467,0.037820659,0.042706853,0.064626447,0.158915351,0.040266981,0.031752291,0.069443489,0.055898188
31-May-10,47.399204,1089.410034,4301.5,0.8746,1.2624,0.0109,1.4707,5.7801,-0.055405551,-0.060784168,0.018691589,-0.040701846,-0.084108447,5.4,65,0.029,4.5,0.2,0.60%,0.50%,4.2,-0.101737337,-0.127224455,-0.0001997,0.037469732,-0.033244681,0.037340619,0.009930971,-0.013277668,0.023871425,0.008828047,-0.008510638,-0.022891566,0.009803922,-0.00973236,-0.041019956,-0.031473534,0.01369863,-0.03131524,0.060300995,-0.032950192,0.013929619,0.061773734,-0.004064385,-0.075987842,0.015499178,-0.060888451,0.003764366,0.03358158,0.022593097,-0.119993294,0,0.001972136,-0.119219588,-0.064474981,-0.117157161,-0.168737886,-0.059809297,-0.154532313,-0.16829814,0.049400708,-0.050067232,0.02054002
30-Jun-10,45.315811,1030.709961,4493.5,0.8539,1.2216,0.011,1.4738,5.6966,-0.023667962,-0.032319392,0.009174312,0.00210784,-0.014446117,5.2,65.2,0.031,4.5,0.18,0.90%,1.20%,12.5,-0.011813506,0.02202138,-0.01939978,0.153705486,0.064649243,-0.079894644,0.101083008,0.016508289,0.101685134,-0.028869735,0.065450644,-0.016029593,0.02038835,0.002457002,-0.006936416,-0.025110783,-0.040540541,0.203793103,0.138956224,-0.080824089,0.008509928,0.074077745,0.062658633,0.044736842,0.021965293,-0.031485447,0.001247194,0.020304738,0.032974353,0.004551831,0,0.012698413,-0.053486209,-0.109823365,-0.049488833,-0.094933085,-0.014020224,-0.119025045,-0.114575628,0.022801746,-0.044083798,0.001166367
31-Jul-10,52.80143,1101.599976,4404.200195,0.8747,1.2772,0.0114,1.527,6.1247,0.024358824,0.04551408,0.036363636,0.036097164,0.07515009,5.4,65.4,0.031,4.5,0.18,0.90%,1.20%,12.5,-0.001948462,0.013228822,-0.022482495,-0.03507967,0.03875969,0.080152672,-0.000462477,-0.000409417,0.064484023,0.05373407,0.038267875,0.011278195,0.007611798,0.051470588,0.055878929,0.004090909,0.21720801,0.024061873,0.084195448,0.004310345,0.007660991,0.035775956,0.012486632,0.099496222,0.010152977,0.078255814,0.003831032,0.019271165,-0.095452591,0.009074951,0,0.003134796,0.029453978,-0.120239504,0.036304707,0.078066616,0.050323466,0.006646367,0.057977176,-0.032405996,-0.017795175,-0.02678436
31-Aug-10,48.612701,1049.329956,4582.899902,0.9007,1.2908,0.0117,1.5665,6.0641,0.029724477,0.010648293,0.026315789,0.025867714,-0.009894362,5,65.4,0.031,4.5,0.19,0.90%,1.20%,12.5,0.016718674,0.003291951,-0.064596791,-0.069511088,0.050995025,-0.001766784,-0.019297135,-0.048877056,0.041238128,0.0451393,0.134820563,0.121437423,0.100094429,0.064685315,0.105016538,0.024784971,0.176952141,-0.087412587,-0.125217468,0.04806867,-0.000597074,0.082212665,0.053159026,0.060137457,-0.0072477,0.010072333,0.0037719,0.004147328,0.073505395,0.073872726,0,0.078125,0.065317992,0.150205761,0.081467206,0.129702767,0.140912908,0.097135033,0.108838074,0.019148911,0.009832262,0.023785529
30-Sep-10,55.791302,1141.199951,4661.600098,0.9349,1.3043,0.0118,1.5561,6.4696,0.037970467,0.01045863,0.008547009,-0.006639004,0.06686895,4.9,65.5,0.029,4.5,0.19,0.60%,0.20%,0.8,0.003824151,-0.017106508,0.057028291,-0.093170732,-0.020118343,-0.023893805,-0.058557174,-0.06402067,0.052554469,0.0008829,0.08974359,0.007734807,0.081545064,0.029009305,0.039660763,0.052457206,0.056179775,-0.020689655,-0.081167361,-0.004095004,-0.000438116,0.021619448,0.090415655,0.216099406,0.001898427,0.01506135,0.006176751,-0.012461387,0.159219924,0.069984639,0,-0.02173913,0.020866391,-0.032425535,0.058394536,0.052518795,0.093779635,0.057444397,0.052254483,0.045374688,0.033208057,0.117584037
31-Oct-10,61.149525,1183.26001,4584.399902,0.9809,1.3892,0.0122,1.5864,6.5617,0.049203123,0.065092387,0.033898305,0.019471756,0.014235811,5.3,65.6,0.029,4.5,0.19,0.60%,0.20%,0.8,0.073612727,0.087766899,0.02687039,-0.121007198,0.001207729,0.009066183,-0.059646765,0.018250134,-0.022765031,0.012918333,0.10745098,0.082236842,0.120634921,0.04893617,0.110364683,0.019937041,-0.031914894,0.040688576,0.037706186,0.018092105,-0.011633428,0.042346731,0.001634293,0.09329187,-0.00019694,0.062177749,0.005008058,0.009567356,0.208345269,0.144364287,0.12,-0.007407407,0.085198865,0.055847486,0.075637266,0.089477879,0.160409726,0.051404451,0.102599738,0.055899517,0.060901523,0.138371176
30-Nov-10,61.023621,1180.550049,4745.200195,0.9889,1.3674,0.0121,1.5974,6.386,0.008155775,-0.015692485,-0.008196721,0.006933938,-0.026776598,5.1,65.8,0.029,4.75,0.19,0.60%,0.20%,0.8,0.034443469,0.028530894,0.099640841,0.086186799,0.036188179,-0.026055705,0.05440161,-0.005873936,0.072780739,-0.002525738,0.07082153,0.12360689,0.151558074,0.06653144,0.077787381,0.058641975,0.041208791,-0.007518797,-0.242077849,0.008077544,-0.014652895,0.00604704,0.015818055,0.070702966,0.003369676,-0.018985294,0.00478454,-0.019730519,0.222140693,0.101455938,0,0.016791045,-0.00575393,0.0513133,0.021402838,-0.001235467,-0.031262192,-0.037722041,-0.033919119,0.020761179,0.002416074,0.134551346
31-Dec-10,68.814514,1257.640015,4753.899902,0.9921,1.3214,0.012,1.5595,6.7429,0.003235919,-0.033640486,-0.008264463,-0.023726055,0.05588788,4.9,65.6,0.028,4.75,0.18,0.50%,0.70%,1.1,0.064730099,0.058295938,0.103863382,0.136788581,0.017462165,-0.008302583,0.073236435,0.051435497,0.062917595,0.005033974,0.134259259,0.107303877,0.119311193,0.040319513,0.060144346,0.034013605,0.10817942,-0.010606061,-0.120797212,0.088675214,-0.001218918,-0.022256485,-0.010928085,0.061894083,-0.003972089,-0.030377891,0.002384918,-0.018288943,0.086136888,0.106429338,0,0.039266055,0.007543286,0.044843049,0.07997463,0.015231871,0.025245492,0.052462147,-0.004692187,0.015086657,0.010999722,0.104890942
31-Jan-11,65.933662,1286.119995,4831.700195,0.9975,1.3355,0.0121,1.5762,6.5835,0.005443,0.010670501,0.008333333,0.01070856,-0.02363968,5,65.7,0.028,4.75,0.17,0.50%,0.70%,1.1,0.029827285,0.002935403,0.119959422,0.060490678,0.099542334,0.065116279,0.07700628,0.034293948,0.062860136,-0.007051103,0.188338192,0.043159609,0.164835165,0.045703839,0.039334342,-0.028571429,0.038095238,-0.008454148,0.014810389,0.09421001,-0.004149378,0.02754384,0.001271758,0.058221515,0.003666445,0.010974439,0.00362361,-0.001930326,0.065146085,0.137024023,0.107142857,0.038135593,0.037801186,0.098589822,0.044651394,0.078212413,0.049761129,0.063665875,0.039729864,-0.021641031,0.043263079,-0.027833097
28-Feb-11,70.058678,1327.219971,4837.899902,1.0086,1.3647,0.0121,1.6115,6.6939,0.01112782,0.02186447,0,0.022395635,0.016769196,4.9,65.5,0.028,4.75,0.16,0.50%,0.70%,1.1,0.056355197,0.001388364,-0.031099034,-0.0931366,-0.026014568,0.049781659,-0.05448043,0.097102257,0.091443303,-0.045928579,0.106967615,0.008587041,0.083018868,-0.003496503,-0.006550218,0.013931889,0.05733945,0.123552124,0.204659602,-0.011883408,0.000802139,0.022060204,0.030638915,-0.004728132,-0.012288057,0.021644808,0.007173895,0.007658189,0.191432284,0.046717929,0.032258065,0.020408163,0.028140724,0.04464784,0.032640204,-0.005755963,0.147850466,0.101613296,0.039457317,0.010452347,0.022666809,0.079621588
31-Mar-11,71.006607,1325.829956,4823.200195,1.0102,1.403,0.0123,1.6178,6.7634,0.001586357,0.028064776,0.016528926,0.003909401,0.010382587,4.9,65.6,0.033,4.75,0.14,-0.20%,-1.20%,5.8,0.109596221,0.149481314,-0.017373013,-0.025423937,0.001068376,0.039933444,-0.008669061,-0.022857143,0.014519435,-0.043152951,-0.146719858,-0.086687307,-0.138937282,-0.029824561,-0.042490842,-0.059637405,-0.105206074,-0.006185567,-0.036739475,0.022736555,0.011858032,0.001518363,0.001349098,-0.109602986,0.051101442,0.026087529,0.006002382,0.026878775,0.077352472,-0.132880927,0,0.013333333,0.018868301,-0.095202479,-0.036912724,0.014437453,-0.02966028,-0.054576184,-0.0501577,0.035339133,-0.030521934,0.163588219
30-Apr-11,75.714478,1363.609985,4708.299805,1.0577,1.4446,0.012,1.6357,7.119,0.047020392,0.029650748,-0.024390244,0.011064408,0.052577106,5,65.3,0.033,4.75,0.1,-0.20%,-1.20%,5.8,0.069933583,0.068438407,-0.02877983,0.0682648,0.10565635,0.0392,0.082285726,-0.076218324,0.027561886,0.095706407,0.085194805,-0.026271186,-0.039453718,0.005424955,0.006120888,-0.017250127,0.038787879,0.030428769,0.033462842,0.027689031,0.003798034,0.030882077,-0.036932472,-0.071646341,0.015275811,0.03231679,0.006940447,0.030566831,-0.056835169,0.027104521,0.140625,0.088815789,0.047978869,0.058868682,-0.001112238,0.029401453,0.057938088,-0.011307227,0.008857646,0.040491548,0.015665162,0.192153797
31-May-11,71.36187,1345.199951,4608,1.069,1.4337,0.0123,1.6356,6.9143,0.010683559,-0.007545341,0.025,-6.11E-05,-0.028754038,5.1,65.3,0.033,4.75,0.09,-0.20%,-1.20%,5.8,-0.070323735,-0.078907624,-0.027591837,0.015687947,-0.005791506,0.047729022,0.008606503,-0.020257438,-0.030087965,-0.023414762,0.003829584,0.00870322,0.031068984,0,-0.015969582,-0.00588539,-0.019836639,-0.015100671,-0.050579061,-0.053108808,0.001595074,0.005707816,-0.072395527,-0.098932677,-0.038168436,0.020291282,0.015600936,0.000830647,-0.235885204,-0.090139117,0,0.011077543,-0.030491653,-0.012713991,-0.056136289,-0.101011784,-0.11392098,-0.082231629,-0.082494433,0.021399294,-0.006312921,-0.125524649
30-Jun-11,70.771049,1320.640015,4424.600098,1.0605,1.4386,0.0124,1.6224,6.9313,-0.007951356,0.00341773,0.008130081,-0.008070433,0.002458673,5,65.3,0.035,4.75,0.09,0.20%,1.20%,5.4,-0.020570825,-0.049650715,0.008143049,0.055708514,-0.003883495,0.066862601,0.030234967,-0.017948166,-0.055343708,0.022703729,-0.140200286,-0.022433132,-0.098569969,0.003597122,0.023183926,0.067199834,-0.085714286,-0.035093697,0.095634003,-0.030916553,0.004629458,0.016766481,0.002781623,0.148519362,-0.00935235,0.034432935,0.003489702,0.013012506,-0.129229096,0.000470365,0,0.042231076,-0.014901115,-0.034848913,0.011936517,0.039809416,-0.110082315,-0.074919348,0.030968694,0.011093628,-0.010103272,-0.04127127
31-Jul-11,68.467613,1292.280029,4296.5,1.078,1.4309,0.0126,1.6157,7.0775,0.01650165,-0.005352426,0.016129032,-0.004129684,0.021092724,5.1,65.4,0.035,4.75,0.07,0.20%,1.20%,5.4,0.019567742,0.010933656,0.005495878,-0.029874698,0.071150097,0.11707989,0.026102526,0.05022297,-0.025310932,0.027534489,-0.078202995,-0.038834951,-0.223229462,0.001792115,0.009818731,0.047688564,-0.055989583,-0.014830508,0.060193584,0.012140034,0.004584666,0.02001899,0.066674763,0.119397065,0.015686312,0.034956271,0.008164101,0.004904303,-0.153541941,0.008184942,0.082191781,0.057912844,-0.012639966,0.012289326,0.064367448,0.061794304,0.073606722,0.06364678,0.073073257,0.028371345,-0.004942041,0.059284816
31-Aug-11,63.696178,1218.890015,4008.600098,1.0493,1.4328,0.013,1.6366,6.8268,-0.026623377,0.001327836,0.031746032,0.01293557,-0.035422112,5.3,65.4,0.035,4.75,0.1,0.20%,1.20%,5.4,-0.06885118,-0.112892722,-0.005134576,-0.081394031,-0.016378526,0.020345253,-0.042748044,-0.0324377,0.009029177,-0.025491014,-0.125150421,-0.005509642,0.002917578,-0.001788909,-0.005235602,0.051555968,0.042143928,-0.010752688,-0.023392021,0.009205021,0.008977361,0.012749892,0.052685274,-0.016654855,0.024849167,0.003162763,0.010561352,-0.019803555,-0.064754098,0.012234204,0,0.046070461,-0.057843615,0.026130188,-0.067323216,-0.105832855,-0.122478201,-0.083984577,-0.082402252,0.118429502,0.025537573,0.063670481
30-Sep-11,49.688564,1131.420044,4298.100098,1.0284,1.3797,0.013,1.5803,6.1675,-0.019918041,-0.037060302,0,-0.034400587,-0.096575262,5.3,65.5,0.034,4.75,0.08,0.80%,1%,2.7,0.003313139,-0.008620832,0.024639973,-0.037642764,0.003700278,-0.016918429,-0.016566233,-0.062158273,0.01641769,-0.044587746,-0.102475928,-0.016620499,-0.077818182,-0.02688172,-0.018796992,0.057862191,-0.036469048,-0.003623188,0.259374212,-0.028468767,0.009692671,-0.043285861,0.005683651,-0.039279279,0.005677311,-0.043671747,0.01924104,-0.038399493,0.024189308,-0.021947501,0,-0.025906736,-0.036098094,-0.001521127,-0.077840094,-0.045722652,-0.06304812,-0.067177567,-0.056791066,0.007464426,-0.031357012,-0.053972969
31-Oct-11,59.20216,1253.300049,4119.799805,1.0134,1.3719,0.0131,1.5765,6.6965,-0.014585764,-0.005653403,0.007692308,-0.002404607,0.085772193,5.4,65.4,0.034,4.75,0.07,0.80%,1%,2.7,-0.009637006,0.009687723,-0.030059306,-0.085433061,0.052534562,0.012907191,-0.010868939,-0.067428659,-0.098442957,0.005440799,-0.074329502,-0.066666667,-0.144321767,-0.073664825,-0.0651341,0.001085595,-0.052197802,0.007272727,-0.135771287,-0.003556188,0.000234137,-0.004323007,-0.064220575,-0.045386347,-0.002729238,0.001108647,-0.017756857,-0.032586907,-0.0534828,-0.095517175,0.006329114,0,-0.04918769,-0.151215934,-0.109148761,-0.143066963,-0.029208136,-0.065686865,-0.098206455,-0.059651043,-0.121800116,-0.161965168
30-Nov-11,56.995716,1246.959961,4056.600098,1.0139,1.3579,0.0129,1.5828,6.5548,0.000493389,-0.010204825,-0.015267176,0.003996194,-0.021160308,5.3,65.3,0.034,4.5,0.08,0.80%,1%,2.7,0.055657341,0.124032119,-0.04698886,-0.091241592,-0.008756567,0.018203883,-0.03884268,-0.057004195,-0.01101606,-0.0398805,0.224337748,0.059356137,0.196313364,-0.033797217,-0.002459016,0.02644311,-0.001449275,0.002166065,-0.33993421,0.078658101,0.002553626,-0.004064068,0.009256161,-0.056188605,-0.013132557,-0.039606523,-0.003902542,-0.037453341,-0.053611789,-0.184722642,0.018867925,0.008510638,-0.046165134,-0.098982916,0.025267135,0.017261959,-0.02638207,-0.061245178,0.034145195,0.043548184,0.04024909,0.034621014
31-Dec-11,53.553375,1257.599976,4262.700195,1.014,1.3177,0.0129,1.5595,6.4359,9.86E-05,-0.029604536,0,-0.014720748,-0.018139379,5.2,65.1,0.03,4.25,0.07,0.80%,0.40%,-4.7,-0.011143096,0.014831412,-0.019511338,-0.024121237,0.018551237,-0.017878427,-0.001479284,-0.130757153,-0.034191521,-0.033028778,-0.022988506,-0.024691358,0.053158706,-0.024691358,-0.010682005,-0.047947989,-0.033381713,-0.014409222,0.111612354,0.006484913,0.006622517,-0.01943417,-0.045203415,-0.040799334,-0.018549536,-0.029948426,-0.003946305,-0.052219618,-0.088173481,0.004975978,0,0.002109705,-0.027755075,0.006271211,-0.002049856,0.014105766,-0.090020524,0.022030996,-0.015806172,-0.056946521,-0.089162043,-0.083991802
31-Jan-12,60.233337,1312.410034,4298.5,1.0386,1.2893,0.013,1.5504,6.6973,0.024260355,-0.021552705,0.007751938,-0.005835204,0.04061592,5.1,65.3,0.03,4.25,0.08,0.80%,0.40%,-4.7,0.027286607,0.017482994,0.043922553,-0.153129468,-0.006938422,0.013956311,-0.058508139,0.050396457,0.002098847,-0.014271886,0.004152249,0.033106134,-0.000731529,0.050632911,0.011627907,-0.074690568,0.037537538,0.002923977,-0.035828068,0.001183432,0.005967443,-0.012486712,-0.041881904,0.022569444,-0.005429538,-0.01804159,0,-0.019991532,0.059298062,0.046889462,0,0.002631579,0.060304117,0.028374514,0.062783855,0.036497144,0.106509364,0.08693441,0.040493928,0.008585523,0.030750933,0.011474036
29-Feb-12,58.246792,1365.680054,4335.200195,1.0721,1.3225,0.0128,1.5798,6.7558,0.032254959,0.025750407,-0.015384615,0.018962848,0.008734863,5.2,65.1,0.03,4.25,0.1,0.80%,0.40%,-4.7,0.052420957,0.019214853,0.004808518,-0.059894764,-0.028820961,-0.040694195,-0.040475489,0.021069327,-0.055001868,-0.033679973,-0.027567195,0.042412818,-0.002928258,0.02811245,0.030377668,-0.008302583,0.03617945,0.129737609,0.065781471,0.019175204,0.008992391,0.004685761,-0.03059695,0.0237691,0.000666352,0.018123567,-0.004449383,0.002222626,-0.003560479,0.078478582,-0.049382716,0.014173228,0.029717377,0.000998146,0.049875194,0.011974277,0.133155897,0.027142092,0.038312494,0.054877422,0.105674572,0.113849838
31-Mar-12,55.672501,1408.469971,4396.600098,1.0552,1.3212,0.0121,1.5825,6.5156,-0.015763455,-0.000982987,-0.0546875,0.001709077,-0.035554635,5.2,65.3,0.016,4.25,0.13,0.90%,1.30%,-4.3,0.045235497,0.038511892,-0.081695437,-0.140163544,0.076438849,0.01933874,-0.000391506,0.001277459,-0.102159172,-0.055675992,-0.051736357,0.042495479,0.005873715,0.060546875,0.025498008,0.019534884,-0.012569832,0.070967742,0.030735579,-0.00193299,0.01778934,-0.000794314,0.029784036,-0.000829187,-0.00871906,-0.001805491,-0.002173957,0.0049661,-0.012406948,0.000712572,0,-0.00621118,-0.010761259,0.03034188,0.003469767,-0.030439456,-0.053837044,-0.084970483,-0.010627907,-0.03947112,-0.001417576,-0.034776878
30-Apr-12,57.133518,1397.910034,4076.300049,1.0358,1.3172,0.0123,1.5991,6.5594,-0.01838514,-0.003027551,0.016528926,0.010489731,0.006722328,5.1,65,0.016,4.25,0.14,0.90%,1.30%,-4.3,-0.034974742,-0.027013116,-0.0360134,-0.101288029,-0.045948204,0.03121175,-0.052327831,-0.039194659,-0.04874292,0.151463708,0.007473842,0.024284475,0.018248175,0.05893186,0.017871018,-0.000456204,-0.01980198,-0.09939759,0.025315513,-0.007746934,0.004974093,-0.001301399,-0.079856417,-0.056016598,-0.005693831,-0.003768873,0.001014769,0.014193407,0.004422111,-0.030822675,-0.022727273,-0.0234375,-0.061575159,0.020600028,-0.021402988,0.006991817,-0.034143803,-0.038638194,-0.016592008,-0.015961097,-0.042043965,-0.043325079
31-May-12,47.313927,1310.329956,4094.600098,0.999,1.2828,0.0125,1.594,6.1658,-0.035528094,-0.026116004,0.016260163,-0.003189294,-0.060005488,5.1,65.3,0.016,3.75,0.16,0.90%,1.30%,-4.3,-0.08427769,-0.083277808,-0.074910706,0.252067602,0.019264448,0.016023739,0.080446568,0.020800431,-0.035518412,0.07529691,-0.143175074,-0.081287045,-0.111827957,-0.003478261,-0.070229008,0.096303058,-0.012987013,-0.074247492,-0.081490853,-0.029928432,0.008713137,-0.038711071,-0.052326037,-0.085274725,0.000266034,-0.027036472,0,-0.006585235,-0.114127567,-0.078717266,-0.069767442,-0.024,-0.020510154,-0.074708751,-0.040272387,-0.028124869,-0.0808708,-0.048584712,-0.033034653,-0.036478293,-0.07258751,-0.08900414
30-Jun-12,50.212902,1362.160034,4269.200195,0.9966,1.2539,0.0126,1.5553,6.5084,-0.002402402,-0.022528843,0.008,-0.024278545,0.055564566,5.1,65.1,0.012,3.5,0.16,0.80%,0.60%,-0.6,-0.12833403,-0.130144252,-0.090159658,0.007302864,-0.012886598,0.004672897,-0.004586446,-0.021487253,-0.086433794,-0.009716745,-0.083982684,-0.079262673,-0.117836965,-0.010471204,-0.031198686,-0.000832639,-0.007309942,0.000722543,0.260548782,-0.015425889,0.004651163,-0.045308044,-0.052806686,-0.016338299,-0.016593064,-0.020315745,-0.008021692,-0.019039275,-0.071769991,-0.15207183,0,0,-0.058502974,-0.014274211,-0.066948587,-0.078829173,-0.055582133,-0.030410231,-0.039926456,0.006116901,-0.018249813,-0.025627098
31-Jul-12,51.012611,1379.319946,4316.100098,1.0298,1.2305,0.0126,1.5604,6.6836,0.033313265,-0.018661775,0,0.00327911,0.026919058,5.3,65,0.012,3.5,0.16,0.80%,0.60%,-0.6,0.066416561,0.067289179,0.012042665,0.199698599,-0.031331593,0.052906977,0.050566787,0.037809495,0.128994013,0.019150833,0.011342155,0.016016016,-0.02378774,0.167548501,0.05,-0.04375,0.29455081,0.010830325,0.065487851,-0.014168937,0.002425044,0.002487178,0.002646868,0.117733268,-0.021375371,-0.027246939,0,-0.029820928,0.021781455,0.010447696,0.028571429,0.010928962,-0.007368918,-0.049903461,0.021721277,0.014737134,-0.037620146,-0.025423297,-0.005892488,-0.002795917,-0.012494286,-0.019718692
31-Aug-12,50.597382,1406.579956,4387,1.0481,1.239,0.0127,1.5711,6.5548,0.017770441,0.006907761,0.007936508,0.006857216,-0.019271052,5.5,65,0.012,3.5,0.13,0.80%,0.60%,-0.6,0.088053357,0.07063601,0.031278332,-0.0363945,0.004492363,-0.020430701,-0.013023785,0.06912932,-0.082045955,0.029025817,-0.064485981,-0.01773399,-0.05529522,0.033232628,0.010492333,-0.010457516,0.033301182,-0.014285714,-0.044100498,0.013266998,0.003047535,-0.018825191,0.002073934,-0.087412587,0.003940593,0.001814171,0,-0.024629077,0.005120877,-0.102932055,0.027777778,0.010810811,-0.016455117,-0.159762389,-0.009062024,0.010174076,0.012214361,-0.024379501,-0.016012424,0.022593129,0.019245066,0.049883712
30-Sep-12,52.758148,1440.670044,4517,1.0404,1.2863,0.0128,1.6099,6.548,-0.007346627,0.038175948,0.007874016,0.024696073,-0.001037408,5.7,65.3,0.02,3.5,0.14,0.60%,0.50%,-4,0.009606659,0.004223336,-0.022417582,0.001127435,-0.008944544,-0.051296505,-0.010569191,0.042997142,0.023770443,-0.004248531,-0.033966034,-0.030090271,-0.023809524,-0.020467836,0.024760383,-0.007926024,0.029427604,0.014492754,0.031436149,-0.016639389,0.006609033,0.011289073,-0.086121579,-0.042725348,-0.003913243,0.037891614,0.002314148,-0.017925997,-0.002962085,0.064604474,0,-0.006951872,0.118536224,-0.074697674,0.076136639,0.145768485,0.106465719,0.09868021,0.105428915,0.070232042,0.117246742,0.166953702
31-Oct-12,55.367535,1412.160034,4506,1.0291,1.2974,0.0127,1.6078,6.4728,-0.010861207,0.008629402,-0.0078125,-0.001304429,-0.011484423,5.5,65.1,0.02,3.25,0.16,0.60%,0.50%,-4,-0.027069674,-0.052805149,-0.079923561,0.167481964,0.045126354,-0.090909091,0.072218842,-0.059818035,-0.031623645,-0.030540005,-0.071354705,-0.132368149,-0.12398374,-0.079104478,-0.084177708,-0.008877053,-0.009625668,-0.008571429,-0.020028,0.009153953,0.002022591,-0.002563036,-0.092648795,0.016180274,0.007749873,0.007457006,0.003403444,0.007997197,-0.026143791,0.069142241,0,-0.051803985,-0.043514912,0.145571529,-0.003178886,-0.016393668,0.022263454,-0.006896129,-0.052685524,0.001014437,0.007501617,-0.012529568
30-Nov-12,56.385033,1416.180054,4649,1.0395,1.2828,0.0124,1.5963,6.4916,0.010105918,-0.011253276,-0.023622047,-0.007152631,0.002904462,5.4,64.9,0.02,3.25,0.16,0.60%,0.50%,-4,-0.021598454,-0.031717815,0.049358583,0.06649786,0.021588946,-0.019607843,0.034664478,0.005934549,-0.077371336,0.002569266,-0.055679287,-0.030989273,-0.054524362,-0.045380875,-0.034042553,0.001791312,0.018358531,-0.023775216,-0.13662901,0.058960968,0.008316818,-0.006731755,-0.055084784,-0.047867764,0.010612105,-0.003007399,0.002228016,0.028596091,-0.013178768,-0.051946919,0,-0.034529759,-0.012901005,0.056164985,-0.043512952,0.018672488,-0.024519128,-0.048540333,0.004431673,-0.014279334,-0.036354633,-0.01248064
31-Dec-12,61.378613,1426.189941,4878.799805,1.0458,1.3108,0.012,1.6126,6.4954,0.006060606,0.021827253,-0.032258065,0.010211113,0.000585372,5.6,65,0.022,3,0.16,0.60%,0.60%,-2.7,0.000190276,0.017736947,0.081383165,-0.056105144,-0.003381234,0.027333333,-0.021239359,-0.027367079,-0.044837721,0.021886568,-0.074292453,-0.045510455,-0.065030675,0.030560272,0.024669604,-0.002592758,-0.061505832,0.011070111,-0.104800852,0.016223232,0.010446065,0.011365321,-0.008927892,-0.001502019,0.016991604,0.022480612,0.002202984,0.033557047,0.030913812,0.034180455,0,0,0.070777669,0.067811476,0.033102327,0.044838795,0.104659847,0.068142736,0.066948009,-0.021420274,0.003736456,-0.027421796
31-Jan-13,61.613407,1498.109985,5104.100098,1.0492,1.3286,0.0112,1.5983,6.4716,0.0032511,0.013579493,-0.066666667,-0.008867667,-0.003664132,5.4,65.2,0.022,3,0.14,0.60%,0.60%,-2.7,0.038604687,0.074009508,-0.001184324,-0.000394724,0.006785411,0.031148605,0.006441451,-0.055967208,0.029789184,-0.025832816,0.056050955,0.083762887,0.043307087,-0.024711697,0.023215821,0.011473646,-0.049717514,-0.016058394,-0.010633736,-0.001915709,0.01504981,#VALUE!,-0.033387528,-0.022574267,0.017419864,0.013327626,0,0.007051948,0.025668706,0.050810587,-0.032432432,-0.070588235,-0.023487648,0.171034223,0.010151672,0.02363247,0.072768363,0.001375476,-0.00403295,-0.007665281,0.035797949,-0.02549878
28-Feb-13,58.592236,1514.680054,4966.5,1.0323,1.3379,0.0107,1.5517,6.4327,-0.01610751,0.006999849,-0.044642857,-0.029155978,-0.006010878,5.5,65.2,0.022,3,0.15,0.60%,0.60%,-2.7,0.024140951,0.005859857,0.023391182,-0.00454793,-0.0084246,0.036500944,-0.002476605,-0.034164821,-0.04978066,-0.026044594,0.038600724,0.026159334,0.062893082,0.006756757,-0.012605042,-0.002126905,-0.035671819,-0.005934718,0.09273244,-0.006397953,0.010606649,#VALUE!,-0.03876123,-0.031888619,-0.005963791,0.002777778,-0.043212834,0.01234154,0.049117062,0.000361462,-0.05027933,-0.018987342,0.007775733,0.027562992,0.001685646,0.013758313,-0.013613781,0.012453856,0.047479333,-0.026484364,0.021757816,-0.023596204
31-Mar-13,53.559528,1569.189941,5191.200195,1.0339,1.2965,0.0106,1.5088,6.471,0.001549937,-0.030944017,-0.009345794,-0.027647097,0.005953954,5.9,65.1,0.025,3,0.14,0.60%,0.60%,2.7,-0.047520044,-0.025047081,-0.041710554,0.149563647,0.008496177,-0.012143291,0.059323074,-0.020175638,0.002141041,-0.009871558,-0.047619048,-0.010428737,-0.014201183,-0.14261745,-0.050212766,-0.007104796,-0.040690506,0.014925373,0.108005609,-0.012234385,0.012927173,-0.024772903,0.005008503,0.012177754,-0.003014021,-0.065691792,-0.018461305,0.001210191,0.052836919,-0.080182636,0,0.006451613,-0.070134731,-0.095505658,-0.051525311,-0.083004426,-0.037800414,-0.054559976,-0.095183568,-0.021187297,-0.054699841,-0.050705851
30-Apr-13,53.433292,1597.569946,4926.600098,1.0379,1.3019,0.0102,1.5308,6.3937,0.003868846,0.00416506,-0.037735849,0.014581124,-0.011945603,5.8,65.1,0.025,3,0.15,0.60%,0.60%,2.7,-0.035802193,-0.009615596,-0.035392394,0.090680628,0.085088458,-0.004302397,0.078711691,0.065538803,0.000200294,-0.002462257,-0.032926829,-0.014051522,-0.006002401,-0.031311155,-0.018817204,-0.003577818,-0.026992288,-0.036764706,0.079718598,0.00821382,0.010851024,0.015040941,-0.024802154,-0.037342836,-0.002389188,0.045159552,-0.029479729,0.024238183,-0.022975119,-0.107706592,-0.007352941,0.003846154,-0.025082241,-0.01772425,-0.05379626,-0.065469352,-0.070150973,-0.062898566,-0.036378133,-0.066053499,-0.05678263,-0.119341394
31-May-13,51.922977,1630.73999,4802.600098,0.9935,1.2985,0.0099,1.5307,5.8725,-0.042778688,-0.002611568,-0.029411765,-6.53E-05,-0.081517744,5.9,65,0.025,2.75,0.11,0.60%,0.60%,2.7,0.005206408,0.02976655,-0.000569736,-0.028873848,-0.045807453,0.001234568,-0.034626358,0.021081544,-0.017514939,0.022613592,0.044136192,0.008313539,-0.001207729,0.004040404,-0.020091324,-0.024236984,0.003963012,0.007633588,0.07804509,-0.015129962,0.014953359,-0.001398677,-0.039877438,-0.010186627,-0.005537872,-0.003628334,-0.03202745,0.01242236,0.004226268,0.005723205,-0.022222222,0.003831418,-0.015925867,-0.097396439,0.002091915,0.00275818,-0.040920214,-0.046257904,-0.013173566,-0.049621908,-0.011984897,-0.091372082
30-Jun-13,45.83403,1606.280029,5052,0.9442,1.318,0.0103,1.5471,5.6082,-0.049622547,0.015017328,0.04040404,0.010714052,-0.045006386,6.1,65.1,0.024,2.75,0.09,0.50%,0.60%,0.1,0.003784301,0.010883685,-0.056500747,-0.054398062,-0.030105777,0.02404439,-0.035154395,-0.025302408,-0.060648307,-0.040368372,0.080917874,0.012956419,0.032648126,0.054325956,-0.029822926,-0.035418583,-0.039473684,0.000378788,0.095208211,-0.079131653,0.013886323,0.01368471,-0.01766405,-0.030059324,0.034692186,0.017142994,0.038103156,0.018404908,0.004424301,-0.074455808,0,-0.001272265,-0.009543685,-0.074143691,-0.034371823,0.032813553,-0.024472003,-0.044667077,0.004072034,-0.04998275,-0.030466857,-0.083741602
31-Jul-13,49.864193,1685.72998,5135,0.9158,1.3075,0.01,1.5174,5.5053,-0.030078373,-0.007966616,-0.029126214,-0.019197208,-0.018348133,6,64.8,0.024,2.75,0.09,0.50%,0.60%,0.1,0.055294676,0.092974225,-0.06640268,-0.054077365,-0.026845638,-0.026490066,-0.037871934,0.010982755,0.000925009,-0.001184212,-0.037988827,-0.031395349,-0.021077283,-0.028625954,-0.04418828,-0.029089175,-0.02739726,0.014767134,-0.031458209,0.009505703,0.008234166,-0.020008815,0.002544421,-0.014987528,0.031598372,-0.00801397,-0.023687345,0,-0.004941985,-0.035772637,-0.048484848,0.001019108,-0.024760472,0.107793445,-0.013370431,-0.024746177,-0.034714562,-0.037111315,-0.000757436,-0.04305233,-0.020102878,-0.06626475
31-Aug-13,50.30138,1632.969971,5218.899902,0.9045,1.3322,0.0102,1.5495,5.446,-0.012338939,0.018891013,0.02,0.021154607,-0.010771438,6,64.9,0.024,2.5,0.08,0.50%,0.60%,0.1,0.027548821,0.017678982,-0.003872818,-0.053493963,0.003448276,-0.035250464,-0.02314391,0.07577989,-0.023364126,-0.017519506,0.038327526,-0.004801921,0.038277512,0.013752456,0.004020101,-0.059430255,-0.032394366,0.018656716,0.062052929,-0.004708098,0.000839067,0.02095278,0.063484555,0.011581761,0.008670671,0.017131658,0.018817969,-0.002425751,0.001403585,0.061089806,-0.076433121,0.000890812,0.027128717,0.077550079,0.041449836,0.061753095,0.106349633,0.041062084,0.033303203,0.051517199,0.06750918,0.110787527
30-Sep-13,52.860966,1681.550049,5425.5,0.9259,1.3348,0.0101,1.5846,5.7034,0.02365948,0.001951659,-0.009803922,0.022652469,0.047264047,5.9,64.8,0.022,2.5,0.08,0.60%,0.60%,-3.3,0.005548326,-0.002809703,0.00847843,0.054561378,-0.033505155,-0.041025641,-0.000167895,0.053326178,-0.02125472,-0.010378657,0.098434004,-0.010856454,0.048387097,0.07751938,0.025025025,-0.072584856,0.029184862,-0.003663004,-0.059698603,-0.001655629,-0.002934272,0.052608861,0.030201059,0.021587937,0.007360988,0.003190052,-0.014026701,0.000855422,-0.028679245,0.017986216,-0.120689655,-0.009535919,-0.030980774,-0.020935287,-0.004678407,-0.041055798,0.050388923,-0.035874356,-0.027352397,-0.002324274,-0.026222276,0.030599275
31-Oct-13,57.221684,1756.540039,5320.100098,0.9518,1.364,0.0102,1.6091,5.7651,0.027972783,0.021875936,0.00990099,0.015461315,0.010818108,6.2,64.8,0.022,2.5,0.09,0.60%,0.60%,-3.3,-0.030623991,-0.054086847,0.02319214,0.017135422,0.010666667,0.022727273,0.014443976,0.043825045,-0.027074311,0.016131807,0.00305499,0.047560976,0.005494505,-0.021582734,-0.036132813,-0.011261261,0.107482433,-0.005882353,-0.109360164,0.012793177,-0.010510384,0.034494798,0.033405024,0.072644516,0.012754867,0.020748618,0.013977921,0.017984616,-0.007992008,-0.042808785,-0.054117647,-0.079075738,0.030249079,-0.012020557,0.006111335,0.014633284,0.016121151,0.022915029,0.020551408,-0.023743141,-0.029776368,-0.028665384
30-Nov-13,55.222279,1805.810059,5352.200195,0.9326,1.3492,0.01,1.6095,5.5518,-0.020172305,-0.01085044,-0.019607843,0.000248586,-0.036998491,6.1,64.6,0.022,2.5,0.08,0.60%,0.60%,-3.3,-0.026564728,-0.065183411,0.035731151,-0.010886427,0.004397537,0.006535948,-0.001653451,0.008961072,-0.051918452,-0.006779006,0.289340102,0.071885914,0.215300546,0.016544118,0.009118541,-0.002277904,-0.046200426,-0.00887574,-0.231899999,0.02877193,-0.003653977,0.008194679,-0.042252663,-0.05366489,0.059087534,-0.010355458,-0.022829352,0.017536806,-0.053037932,-0.007029801,-0.100331675,-0.068859771,-0.036712753,0.028294524,-0.01837659,-0.012228605,-0.011891218,-0.030716175,-0.009772882,-0.030928618,0.004683476,-0.052899576
31-Dec-13,55.206093,1848.359985,5190,0.8985,1.37,0.0097,1.6372,5.3989,-0.036564443,0.015416543,-0.03,0.017210314,-0.027540617,6.2,64.4,0.027,2.5,0.09,0.70%,0.80%,0.6,0.027820883,0.041532483,0.025379939,0.172178306,0.011383538,0.063636364,0.081581281,0.02517812,0.032387858,0.042276333,-0.000787402,-0.009503122,0.027877698,0.027124774,-0.007028112,0.029680365,-0.026886826,0,-0.033965597,0.017735334,-0.004179104,0.016606458,-0.05214364,-0.06287409,-0.042903071,0.015230599,-0.033682463,0.011063592,0.033764622,0.004386727,-0.069124424,-0.005988024,-0.004665018,-0.003912254,0.020400549,0.022573167,-0.002836829,0.017578039,0.05816404,-0.042597225,-0.045372392,-0.052395267
31-Jan-14,51.765835,1782.589966,5404.799805,0.886,1.3629,0.0096,1.647,5.3067,-0.013912076,-0.005182482,-0.010309278,0.005985829,-0.017077553,6.4,64.6,0.027,2.5,0.07,0.70%,0.80%,0.6,-0.032090739,-0.030571128,-0.032340299,0.103461844,0.003463203,0.017704518,0.048742951,-0.001809144,0.053663571,-0.007557865,0.000788022,-0.051535088,0.014873141,-0.003521127,-0.046511628,-0.002217295,-0.076772784,0.002985075,0.018729001,0.006702413,0.001438849,0.005539532,0.026230141,-0.055670637,0.018444791,-0.005923154,-0.002620956,-0.005494253,0.039691384,-0.072778378,0.011881188,-0.027108434,-0.007127215,-0.05649495,0.01061276,0.003015125,-0.030676617,0.012689818,0.031370017,0.018631088,0.048155889,0.010371124
28-Feb-14,55.772724,1859.449951,5394.799805,0.8956,1.3648,0.0098,1.655,5.4866,0.010835214,0.001394086,0.020833333,0.004857316,0.033900541,6.1,64.6,0.027,2.5,0.07,0.70%,0.80%,0.6,0.026739365,0.061880666,-0.06518809,0.270698604,-0.02502157,0.00539892,0.114473842,0.06150534,0.308219694,-0.103919803,0.07480315,0.049710983,0.113793103,0.044169611,0.044538706,0.02,0.049181061,0.030505952,0.022665076,0.013315579,0.000957854,0.031714927,0.068080908,0.062699936,0.025903676,0.002850212,0.018286783,0.00581355,0.033970976,-0.113328981,0.007827789,-0.041795666,-0.01866378,-0.052677589,-0.019510469,-0.016396273,0.034300888,0.007254676,-0.001178244,0.044451767,-0.008036877,0.048857804
31-Mar-14,54.858013,1872.339966,5489.100098,0.9072,1.3829,0.0098,1.6633,5.7599,0.012952211,0.013262016,0,0.005015106,0.04981227,6,64.7,0.029,2.5,0.08,0.80%,1.10%,-1.2,-0.007504452,-0.001588405,-0.03866824,-0.183315755,-0.037168142,-0.012529833,-0.112171043,0.016315607,0.232953237,-0.031125403,0.021245421,0.058370044,0.068885449,-0.153976311,0.017258883,-0.080610022,0.109191892,0.010830325,0.046040895,0.040735874,0.007177033,0.003926543,0.017551963,0.077664058,0.006274877,0.011858576,-0.003127138,0.005458202,0.030834662,0.014622344,0.048543689,0,0.006017096,-0.078577902,-0.069821701,-0.026066991,0.008923489,0.103815595,-0.013089018,0.028085997,0.029861018,-0.006188534
30-Apr-14,58.099937,1883.949951,5492.5,0.9315,1.3806,0.0098,1.6733,5.8137,0.026785714,-0.001663172,0,0.006012145,0.00934044,6.1,64.6,0.029,2.5,0.09,0.80%,1.10%,-1.2,0.007945662,0.015014418,-0.007090265,-0.05009942,-0.013786765,0.014501511,-0.028797581,0.002939175,0.043860059,0.070259568,-0.027259684,-0.052029136,-0.059377263,0.032,-0.002994012,-0.063981043,-0.034244295,-0.035714286,0.050180387,-0.032828283,0.017292162,0.007461339,0.104403087,-0.008379888,0.001083551,-0.000578746,-0.002047981,0,-0.028365137,-0.079471229,0,-0.0726979,0.061746131,0.024572353,0.003536821,0.016565355,0.01654295,0.108144482,0.009617013,-0.028164481,-0.014666373,-0.04730643
31-May-14,55.909042,1923.569946,5395.700195,0.9351,1.3738,0.0098,1.6842,5.8177,0.003864734,-0.004925395,0,0.006514074,0.00068803,6.3,64.5,0.029,2.5,0.09,0.80%,1.10%,-1.2,0.008073744,-0.002155172,0.011947267,-0.015408187,-0.049394222,-0.027992853,-0.031225148,-0.006759304,-0.041524969,0.074473205,0.035213864,-0.019484083,-0.034834488,0.010174419,-0.033783784,-0.017721519,0.000437596,-0.016296296,-0.007183011,0.01305483,0.016064257,0.058356623,0.013563502,0.029295775,0.005592017,-0.005428882,0.007467086,0.042857143,-0.01581741,-0.046516867,0.031481481,0,-0.032927038,-0.122367583,0.03260179,0.004901562,-0.005723087,0.116698899,0.015666852,-0.007478147,0.018135675,-0.019963518
30-Jun-14,56.378517,1960.22998,5632.899902,0.9364,1.3599,0.0098,1.6902,5.8514,0.001390226,-0.010117921,0,0.003562522,0.005792667,6.4,64.7,0.03,2.5,0.1,0.70%,0.50%,-4.1,0.025162389,0.0331828,-0.029990501,0.001468493,-0.042156863,-0.011642157,-0.018195273,0.047637121,-0.076143791,-0.007756243,-0.001246661,-0.040582144,-0.015752742,-0.010071942,-0.03030303,0.023195876,-0.146331765,0.012801205,-0.007423718,0.032216495,0.019211325,0.003561888,0.040145985,-0.005473454,-0.023738534,-0.01084425,-0.002645762,-0.04109589,-0.019523245,0.010749513,-0.012567325,0,0.050198452,-0.077734686,-0.010156535,0.004586806,-0.021883225,-0.039805516,0.03357504,-0.007480174,-0.002410267,0.02579878
31-Jul-14,58.55294,1930.670044,5625.899902,0.9392,1.3547,0.0098,1.7083,5.7397,0.002990175,-0.003823811,0,0.010708792,-0.019089449,6.5,64.8,0.03,2.5,0.09,0.70%,0.50%,-4.1,-0.029035433,-0.021854808,-0.038192501,-0.122406548,-0.051177073,-0.057109322,-0.08677018,0.006839239,-0.005002779,0.041041587,-0.10128388,-0.018669778,-0.095623987,-0.069767442,-0.051282051,0.062972292,-0.077493983,0.003717472,-0.053812512,0.136579276,0.015512266,-0.014883463,-0.033918129,0.00495322,-0.00096409,-0.003531749,0.003342837,0,-0.077667767,-0.006369427,0,0,0.059463281,0.035657678,0.042843278,0.040959875,-0.014848871,0.026241075,0.085766646,0.024618873,0.027134558,0.054533542
31-Aug-14,56.526772,2003.369995,5292.799805,0.9309,1.3329,0.0097,1.6712,5.7367,-0.008837308,-0.016092124,-0.010204082,-0.021717497,-0.000522675,6.4,64.7,0.03,2.5,0.09,0.70%,0.50%,-4.1,-0.049195388,-0.063726443,0.002763636,-0.031397292,-0.014023732,0.034925335,-0.017338251,0.023225617,0.081615033,-0.058051284,-0.06984127,-0.089179548,-0.155017921,-0.041666667,-0.03490991,0.05450237,0.009408557,0.02962963,-0.027197213,0.139059754,0.001687389,-0.046551143,0.034705408,-0.056955093,-0.014283305,-0.016687588,-0.012044682,0,-0.117366412,-0.020171724,0,0,0.042185495,-0.035773035,-0.01568031,0.019879265,-0.008605062,-0.027066611,0.007084679,-0.011796214,-0.030726856,-0.056731826
30-Sep-14,48.496239,1972.290039,5526.600098,0.9064,1.2907,0.0093,1.6307,5.3687,-0.026318616,-0.03166029,-0.041237113,-0.024234083,-0.064148378,6.3,64.6,0.023,2.5,0.09,0.50%,0.30%,-3.5,-0.04197901,-0.032786885,-0.043516101,0.008496395,0.010940919,-0.036848793,0.004770758,-0.016952729,-0.011457013,-0.056315037,0.007679181,-0.074412533,-0.04135737,-0.060869565,-0.007001167,-0.029213483,-0.079552465,-0.035971223,0.000826332,0.049662488,0.006472205,-0.023408968,-0.010920437,-0.069105691,0.000772363,-0.030637531,-0.040182734,0,-0.008378378,-0.080547386,0.045454545,0,-0.019729228,-0.11050656,-0.018512277,-0.053468286,-0.05130347,-0.030397523,-0.013923566,-0.045230981,-0.060048537,-0.069264289
31-Oct-14,49.86409,2018.050049,5313,0.8764,1.2671,0.0093,1.6072,5.3776,-0.03309797,-0.018284652,0,-0.014410989,0.001657757,6.3,64.6,0.023,2.5,0.09,0.50%,0.30%,-3.5,-0.101930099,-0.09461489,-0.033818623,-0.037043656,0.057359307,0.048153034,0.01230478,-0.035460662,0.070108773,0.005303355,-0.031329382,0.018335684,0.034292035,-0.018518519,-0.01880141,-0.009259259,0.085341111,-0.027462687,-0.047681299,-0.016995866,0.003259338,-0.014897008,0.041403785,0.044915783,0.00395192,-0.01843675,-0.006851852,0,-0.041428182,-0.01684183,0,0.012891986,-0.022226353,-0.016017877,-0.019606474,-0.039192534,-0.059747697,-0.123230088,-0.007739945,-0.011370345,-0.073351576,-0.065654091
30-Nov-14,43.312305,2067.560059,5411,0.8661,1.2475,0.0086,1.5784,5.2281,-0.011752624,-0.015468392,-0.075268817,-0.017919363,-0.027800506,6.4,64.5,0.023,2.5,0.09,0.50%,0.30%,-3.5,-0.105560719,-0.101777251,-0.018207503,0.087064874,-0.089048106,-0.018879799,-0.003410373,-0.061835057,-0.07062009,-0.000838027,0.043706294,0.012465374,0.038502674,0.058962264,-0.005988024,-0.023364486,0.072154624,0.001381215,-0.015027816,-0.022429907,0.000351216,-0.018109403,-0.081408557,-0.033432836,-0.004238124,-0.015547313,-0.070807881,0,-0.03994882,0.020516566,0,0.050911593,0.056191841,-0.090426844,-0.003655669,-0.002005643,0.010239829,-0.000336445,-0.010369681,-0.038577003,-0.040833175,-0.069743052
31-Dec-14,39.696651,2058.899902,5588.299805,0.8244,1.2321,0.0084,1.5634,5.0704,-0.048146865,-0.012344689,-0.023255814,-0.009503294,-0.030163922,6.3,64.6,0.017,2.5,0.12,0.40%,0.50%,-1.7,-0.21157676,-0.21830893,-0.001758593,-0.162792966,0.104494382,0.00192431,-0.035691029,0.013014379,-0.059986627,-0.00843039,0.019262982,-0.051983584,-0.003089598,-0.006681514,-0.012048193,0,0.10911327,0.011494253,0.066676447,-0.068196303,-0.001404371,-0.029592084,0.022671063,-0.053119209,0.000802474,-0.012425846,-0.026304767,0,0.01140234,-0.042875732,0,0.000409165,-0.071071003,-0.072426421,-0.039685082,-0.045350659,-0.010170979,0.009805751,-0.034377469,0.021517361,0.005793167,0.020606288
31-Jan-15,38.866142,1994.98999,5928.799805,0.808,1.1612,0.0085,1.5137,4.8553,-0.019893256,-0.057544031,0.011904762,-0.031789689,-0.042422689,6.3,64.7,0.017,2.5,0.11,0.40%,0.50%,-1.7,-0.223985503,-0.202328721,-0.005445227,-0.133564437,-0.059003052,-0.032010243,-0.087513203,-0.010532924,-0.03465095,-0.034495716,-0.047658176,-0.007215007,0.056818182,-0.049327354,-0.02195122,0.004784689,-0.115783564,0,-0.014715995,-0.050615595,0.002900589,-0.035013568,0.017331721,0.000652316,-0.000683417,-0.054631058,0.008362899,0,-0.013909224,-0.034871865,0,-0.001390593,-0.049616122,-0.002339523,-0.095542508,-0.049006506,-0.018940771,-0.069719115,-0.028822113,0.041753427,0.022323339,0.057747775
28-Feb-15,44.058922,2104.5,5891.5,0.7796,1.135,0.0084,1.5315,4.8975,-0.035148515,-0.022562866,-0.011764706,0.011759265,0.008691533,6.3,64.9,0.017,2.25,0.11,0.40%,0.50%,-1.7,0.16310501,0.070657923,-0.011272142,-0.042531016,-0.105945946,-0.121693122,-0.082377121,0.015703503,-0.058473684,-0.055851885,0.024158758,0.001453488,0.054740958,-0.04009434,-0.036159601,0,-0.050209537,0.102272727,-0.070910106,-0.092759366,-0.0028922,0.003548905,-0.024564184,-0.048891786,-0.002415602,-0.024815387,-0.002359683,0,0.036971047,0.006691083,0,-0.000655308,0.001708253,-0.080316576,-0.017368889,-0.025755101,-0.062722446,-0.018543099,-0.007235986,-0.018924645,-0.036452171,-0.026050128
31-Mar-15,38.983589,2067.889893,5790,0.7732,1.0834,0.0083,1.498,4.7156,-0.008209338,-0.045462555,-0.011904762,-0.02187398,-0.037141399,6.2,64.8,0.013,2.25,0.11,0.60%,0.90%,-2.9,-0.03583379,-0.055917803,-0.020928339,-0.016574198,0,-0.082078313,-0.015822977,-0.02859844,-0.101458997,-0.012829175,-0.076663858,-0.02467344,-0.03892493,-0.00982801,-0.032341527,-0.023809524,-0.004779971,0.036082474,-0.099909856,-0.014294223,0.004394832,-0.051187668,-0.022339561,-0.098012337,0.01030347,-0.046050894,-0.014206198,0,-0.007016037,0.000279857,0,0,-0.024182812,-0.074900398,0.036723701,-0.001776506,-0.044532412,-0.056151296,-0.032906529,-0.039483978,-0.048882355,-0.032584738
30-Apr-15,44.181667,2085.51001,5777.200195,0.7729,1.0807,0.0084,1.4935,4.9046,-0.000387998,-0.002492154,0.012048193,-0.003004005,0.040079735,6.2,64.8,0.013,2.25,0.12,0.60%,0.90%,-2.9,0.089285714,0.139388866,-0.038271884,-0.078875955,-0.102781137,-0.161607875,-0.098771033,-0.003034411,0.020281199,0.116260487,-0.01459854,-0.014880952,-0.050144648,-0.019851117,0.001336898,-0.026829268,-0.0415806,-0.006301824,-0.034217994,0.036374622,0.005338234,-0.007007388,0.013294558,-0.006079027,0.005067284,-0.003784382,0.007027524,0,0.033886085,-0.015807512,0,0.006557377,0.025554441,-0.099397071,0.017243382,0.118769073,-0.087305582,-0.067215296,0.090692206,0.017223386,0.011109745,0.006219212
31-May-15,38.444679,2107.389893,5459,0.7886,1.1169,0.0083,1.5459,4.7361,0.020313106,0.033496808,-0.011904762,0.03508537,-0.034355503,5.9,64.7,0.013,2,0.12,0.60%,0.90%,-2.9,0.086253838,0.088721528,0.044678969,0.100244214,-0.020215633,-0.146771037,0.019189997,0.079396291,-0.033658537,0.066698704,0.049074074,-0.004531722,-0.01928934,-0.015189873,0.042723632,-0.045112782,-0.042578543,-0.085447263,0.004147943,-0.072527985,0.009401114,0.020301577,0.00902009,0.019877676,0.006276686,0.034466784,-0.010267451,0,0.016178522,0.101627461,0,0,-0.008327882,0.153404744,0.041821621,-0.006771851,-0.006118529,0.053029713,0.031219495,-0.000250223,-0.009458955,0.030108317
30-Jun-15,35.067955,2063.110107,5699.200195,0.7709,1.1223,0.0081,1.5573,4.7801,-0.022444839,0.004834811,-0.024096386,0.007374345,0.009290344,6.3,64.8,0.015,2,0.13,0.50%,0.20%,-3.4,-0.019197952,0.008942129,-0.025770317,-0.024345559,0.002751032,-0.014908257,-0.011104217,0.046353359,0.008076729,0.034635408,-0.001765225,0.018209408,-0.048654244,0.020565553,0.015364917,-0.01312336,0.021009864,-0.02189781,0.024784854,-0.020618557,0.000344947,-0.036243597,0.006095083,-0.065967016,-0.014104201,0.004299149,-0.02400194,0,-0.006999726,0.021159925,0,0,-0.064471963,0.038640133,-0.073357607,-0.081474862,-0.04673938,-0.050780308,-0.087523008,-0.014291316,-0.045229744,-0.045030595
31-Jul-15,33.052261,2103.840088,5207,0.7421,1.1008,0.0081,1.5557,4.5362,-0.037358931,-0.019157088,0,-0.001027419,-0.051024037,6.6,65.1,0.015,2,0.13,0.50%,0.20%,-3.4,-0.113636364,-0.148829431,0.004920483,0.0219558,-0.049382716,0.032596042,-0.010571889,0.026686135,-0.033237356,0.029825713,-0.027409372,-0.053651267,-0.054406964,0.020151134,-0.05296343,0.042553191,0.011651042,0.01641791,0.019650655,0.046983312,-0.000862069,-0.021681604,-0.003634895,0.029695024,-0.013977509,-0.01863908,0.002836535,0,0,-0.08200139,0,-0.006514658,-0.028576846,-0.16349992,-0.06450529,-0.036326865,0.00043744,-0.110105628,-0.039100135,-0.045019044,-0.073060745,-0.063576983
31-Aug-15,31.725695,1972.180054,5021.600098,0.7309,1.1129,0.0081,1.5586,4.5358,-0.015092306,0.010992006,0,0.001864113,-8.82E-05,6.3,65,0.015,2,0.14,0.50%,0.20%,-3.4,-0.159182922,-0.157956778,-0.009435662,-0.023674912,0.002886003,0.034949267,-0.006935384,-0.051729425,0.01599223,-0.04016141,-0.057272727,-0.135433071,-0.149597238,-0.059259259,-0.027962716,-0.048469388,-0.094083878,0.020558003,0.065392851,0.041687102,-0.003968939,-0.020357912,-0.006890961,-0.103663289,0.009737431,0.012086514,0.001786149,0,-0.007325501,-0.095726378,0,-0.006557377,-0.055730406,0.072532926,-0.060374765,-0.033714493,0.006120148,-0.089993078,-0.096487194,-0.009199599,-0.024938817,-0.007440377
30-Sep-15,27.237749,1920.030029,5239.399902,0.7063,1.1238,0.0083,1.534,4.4623,-0.033657135,0.009794231,0.024691358,-0.015783395,-0.016204418,6.4,64.9,0.015,2,0.14,0.60%,0.90%,-2.4,0.01291311,0.060429305,-0.065338605,-0.042309084,-0.034532374,0.050108932,-0.030886082,0.039490664,-0.068633699,-0.064731074,0.025072324,-0.02003643,0.079837618,-0.034120735,-0.004109589,-0.042895442,0.032506014,-0.010791367,-0.076839827,-0.044844633,-0.003811504,-0.019367145,-0.011836735,0.031304348,-0.007760502,0.008260752,0.025135248,0,-0.04288499,-0.056849315,0.052173913,-0.00990099,0.026787156,0.013525538,0.017543346,-0.0113583,0.019096175,-0.043178317,-0.048355867,0.006118451,-0.020038614,-0.012783616
31-Oct-15,29.368675,2079.360107,5166.5,0.7206,1.1229,0.0083,1.5326,4.5108,0.020246354,-0.000800854,0,-0.000912647,0.010868834,6.1,65.1,0.015,2,0.12,0.60%,0.90%,-2.4,0.014621147,0.01650165,-0.044420458,-0.125051963,-0.041728763,-0.020746888,-0.077730121,-0.024743325,0.048580226,0.036218668,0.04233302,0.083643123,0.077694236,0.02173913,0.020632737,0.044817927,0.063741926,-0.018181818,0.045888461,-0.083179298,-0.006347826,-0.012677461,0.034283354,0.172849916,-0.00591833,0.000712441,0.00125,0,0.004218795,0.002501412,0.016528926,0,-0.045992703,-0.067251975,-0.000222339,0.021291376,0.022083899,0.038166349,0.002389215,0.030655156,0.012992804,0.072067797
30-Nov-15,23.823544,2080.409912,5295.899902,0.7144,1.0737,0.0082,1.5194,4.6249,-0.008603941,-0.043815122,-0.012048193,-0.008612815,0.025294848,5.9,65.2,0.015,2,0.12,0.60%,0.90%,-2.4,-0.081848513,-0.075757576,0.00492782,-0.102669316,-0.029548989,-0.058262712,-0.063959574,0.051136257,-0.034388254,-0.007120453,-0.031588448,-0.042881647,-0.087209302,-0.021276596,-0.021563342,-0.013404826,-0.014210414,0,0.162129704,-0.047715054,-0.007963595,-0.014803404,0.025559105,0.046010065,-0.009332569,-0.044317878,-0.020887728,0,0.002752426,-0.065518352,0,-0.013333333,-0.032047689,-0.117846386,-0.079789651,-0.059159007,-0.066435322,-0.103956351,-0.081787814,-0.06280785,-0.093877635,-0.086068425
31-Dec-15,23.002039,2043.939941,5005.5,0.7246,1.0894,0.0082,1.5003,4.7274,0.014277716,0.014622334,0,-0.012570752,0.022162641,5.8,65.1,0.017,2,0.24,0.70%,0.60%,-3.2,-0.151693212,-0.128103044,-0.008444293,-0.074464501,-0.022435897,-0.043869516,-0.046102478,-0.004519703,0.004595216,-0.015496993,0.068965517,0.017921147,0.078980892,0.010869565,0.048209366,-0.013586957,-0.056161711,0,0.001171202,-0.043613267,-0.002646436,-0.023506724,0.005841121,0.006185567,-0.004870397,0.012477884,0.007066557,0,0.016902629,8.61E-05,-0.004065041,-0.003378378,0.019967436,-0.135723431,-0.033556949,0.054518491,-0.003635059,-0.058039901,-0.03506578,-0.00984868,-0.028671487,-0.022488237
31-Jan-16,19.564234,1940.23999,4880.899902,0.7031,1.0859,0.0084,1.4418,4.6588,-0.029671543,-0.003212778,0.024390244,-0.038992202,-0.014511148,6.2,65.2,0.017,2,0.34,0.70%,0.60%,-3.2,-0.185745534,-0.152833736,-0.044350391,0.182858332,-0.12295082,-0.076470588,0.004539187,-0.117534709,-0.024418135,-0.083417933,0.006974717,-0.003521127,0.055489965,-0.01344086,-0.044678055,0.016528926,-0.001320599,0.118518519,-0.098678778,-0.062131051,-0.004776225,-0.038230584,-0.002710027,-0.040300546,-0.012615744,-0.000919709,0.029175476,0,-0.023298764,-0.067349927,-0.036734694,-0.016949153,-0.010753406,0.034074074,-0.03600908,-0.035380703,-0.060143523,-0.02302536,-0.004863234,0.020609069,-0.005315066,-0.001486515
29-Feb-16,20.189291,1932.22998,5082.799805,0.7126,1.1102,0.0087,1.4316,4.6809,0.013511592,0.022377751,0.035714286,-0.00707449,0.004743711,5.9,64.9,0.017,2,0.38,0.70%,0.60%,-3.2,0.04197448,-0.036461636,0.017903519,-0.139465353,-0.08411215,0.020382166,-0.100782402,-0.012210322,0.018409984,-0.074652292,0.052813853,0.130742049,0.105145414,0.005449591,0.04264099,0.040650407,-0.017190494,0.013245033,-0.002137731,0.075531078,-0.00373267,-0.00700659,-0.010093168,-0.05480427,-0.013212172,0.021633066,0.030141998,0,-0.031709091,0.01237418,-0.025423729,-0.027586207,0.033866721,0.118194842,0.028362244,0.072621796,0.130507645,-0.024542481,0.124634955,0.092530353,0.074948845,0.07521622
31-Mar-16,23.12705,2059.73999,5252.200195,0.7494,1.1119,0.0089,1.4248,4.9386,0.051641875,0.001531256,0.022988506,-0.00474993,0.055053515,5.8,64.9,0.013,2,0.36,0.90%,1.10%,-1.9,0.203351595,0.24284304,0.029236306,-0.130543634,-0.130612245,-0.097378277,-0.127145135,0.053885481,0.066350711,-0.012423527,0.190789474,0.071875,0.227732794,0.016260163,0.003957784,0,0.006668877,-0.039215686,-0.013542464,0.031163131,-0.004817128,-0.006497136,0.032156863,0.162650602,-0.020987163,0.001171382,0.01647038,0,-0.016674178,0.17075618,0,-0.017730496,-0.000163264,0.200085415,0.077236214,0.020637123,0.082475878,0.050460927,0.053712314,0.038049187,0.052624137,0.01964792
30-Apr-16,28.325254,2065.300049,5378.600098,0.7664,1.134,0.0091,1.43,4.9223,0.022684815,0.019875888,0.02247191,0.003649635,-0.003300531,5.9,64.8,0.013,2,0.37,0.90%,1.10%,-1.9,0.091322978,0.084458565,-0.024525771,0.119292472,-0.030516432,-0.117565698,0.027747024,0.001620292,-0.020825397,0.099103055,0.095303867,0.052478134,0.07502061,0.048,0.045992116,0.028645833,0.016193705,-0.019047619,0.046614442,0.005249716,-8.96E-05,0.018379928,0.060030395,-0.013601036,0.01067567,0.020160202,0.030665328,0,0.058356248,0.159797429,0,-0.028880866,0.02627024,0.083985765,-0.016363196,-0.038797241,0.00799581,0.018539104,0.029794249,-0.002312993,0.027342337,0.057872616
31-May-16,24.375624,2096.949951,5233.399902,0.7324,1.1309,0.0092,1.4524,4.7614,-0.044363257,-0.002733686,0.010989011,0.015664336,-0.032687971,5.8,64.8,0.013,1.75,0.37,0.90%,1.10%,-1.9,0.127280164,0.140869141,0.011196229,0.009082795,-0.021791768,-0.081504702,-0.012107134,0.006548644,0.006289716,0.018157924,-0.0889029,-0.021814404,-0.053680982,0.073791349,-0.006281407,0.096202532,-0.015096929,-0.008321775,0.069808804,0.01340861,0.003854774,0.032166508,-0.022939068,0.11687459,0.015910227,-0.00229378,0.005783,0,0.01443418,-0.087531909,0,-0.018587361,-0.013110748,-0.095042679,-0.0365708,-0.014125973,-0.019125553,-0.024610141,0.007362413,0.01504516,0.041913518,0.035880196
30-Jun-16,25.812672,2098.860107,5562.299805,0.7393,1.1245,0.0095,1.4242,4.9525,0.009421081,-0.005659209,0.032608696,-0.019416139,0.040135254,5.7,64.8,0.01,1.75,0.38,0.70%,0.50%,2.3,0.038095929,0.043227049,0.032828283,0.335379813,0.022277228,0.0221843,0.179370518,0.007145024,0.066112507,0.038264202,0.0816609,-0.032920354,0.063209076,0.082938389,0.008849558,0.018475751,-0.014941261,0.008391608,0.146439457,0.010027855,-0.001250223,-0.011315138,0.015040352,0.143445032,0.028803127,-0.006720311,0.032900351,0,0.054354013,-0.069351395,0,-0.03030303,0.027653276,-0.057137675,-0.011198115,0.002910177,0.015546823,0.030945632,0.084086398,0.012252667,-0.049929527,0.02000354
31-Jul-16,26.833973,2173.600098,5433,0.7528,1.1061,0.0096,1.3141,5.0424,0.018260517,-0.016362828,0.010526316,-0.077306558,0.018152448,5.6,64.9,0.01,1.75,0.39,0.70%,0.50%,2.3,-0.074653991,-0.083282051,0.171525296,0.086223019,0.092009685,0.05509182,0.085991126,-0.022692899,0.03813841,0.031298984,-0.035828535,-0.045387994,-0.026676829,-0.054704595,-0.012531328,0.002267574,-0.109613533,0.015950069,0.105438066,0.036955323,-0.003397711,-0.053232125,0.017347308,0.007712082,0.010709001,-0.014777887,0.013160423,0,0.093927126,0.013922949,0,-0.109375,0.022302966,0.10157753,0.048024869,0.071241323,0.050660441,0.149468827,0.077514942,0.047203071,0.105025708,0.156542867
31-Aug-16,27.114151,2170.949951,5435.899902,0.7627,1.1204,0.0099,1.3088,5.0194,0.013150903,0.012928307,0.03125,-0.004033179,-0.00456132,5.8,64.7,0.01,1.5,0.4,0.70%,0.50%,2.3,0.016920985,0.001342582,0.081616841,0.001219556,-0.00886918,0.055379747,0.001481309,-0.005734464,-0.024569166,-0.015116732,0.01459854,0.128834356,0.064996085,-0.043981481,0.032994924,-0.061085973,-0.043448519,0.033447099,-0.008800219,-0.012765957,-0.003768168,0.059375011,0.013854352,0.027040816,0.002212386,0.012830939,0.028148148,0,-0.009869233,0.012171335,-0.034782609,-0.035087719,0.006279734,0.06339504,-0.023274887,0.000397866,0.033702583,0.007125694,0.04392076,0.002633449,0.031402299,-0.020258103
30-Sep-16,31.597807,2168.27002,5317.700195,0.7572,1.1203,0.0098,1.3145,5.1132,-0.007211223,-8.93E-05,-0.01010101,0.004355134,0.018687493,5.8,64.4,0.013,1.5,0.4,0.20%,-0.50%,4.5,0.003788442,0.010055866,0.082021167,0.063626267,-0.058165548,0.055472264,0.019631345,-0.049892992,0.052286021,0.018065617,0.0117724,0.027173913,0.056617647,-0.01937046,0.018427518,-0.074698795,-0.010796097,-0.042272127,0.095290614,-0.017241379,-0.006123919,0.034900657,-0.02067274,0.069547938,0.017883321,0.000267642,-0.006378803,0,-0.029902816,0.046558236,-0.009009009,-0.022727273,-0.028622322,-0.05091148,-0.00620203,0.061083508,0.058202574,-0.013952219,0.005778495,-0.010118119,-0.066812285,-0.011742482
31-Oct-16,31.935211,2126.149902,5440.5,0.7616,1.1034,0.0096,1.2375,5.1564,0.005810882,-0.015085245,-0.020408163,-0.058577406,0.008448721,5.7,64.4,0.013,1.5,0.4,0.20%,-0.50%,4.5,0.094353585,0.103761062,0.278052126,-0.006635454,0.019002375,0.015625,0.003544231,-0.058947865,0.015087918,0.026462187,-0.054298643,-0.052910053,-0.073764788,-0.004938272,0.034981906,-0.0390625,0.043212612,-0.031034483,0.01334206,-0.019736842,-0.001631026,-0.003503021,0.022182469,0.032048305,-0.006313565,-0.016321798,-0.018115244,0,0.008476753,0.087574575,0,0.004651163,0.046183024,0.022495241,0.001918597,0.039458011,0.030782296,0.006668119,0.008371468,-0.045273291,-0.083662141,-0.087926848
30-Nov-16,34.233234,2198.810059,5665.799805,0.752,1.0786,0.0092,1.245,5.0862,-0.012605042,-0.022475983,-0.041666667,0.006060606,-0.013614149,5.9,64.7,0.013,1.5,0.41,0.20%,-0.50%,4.5,-0.0818231,-0.086590499,0.073414189,-0.152007324,0.144230769,-0.011188811,-0.041875108,-0.085861287,0.028833259,0.054510913,0.051264525,0.048882682,0.108940646,0.022332506,0.025641026,-0.010840108,0.0176823,-0.010676157,0.068663984,0.029082774,-0.00308586,0.045274156,0.006650333,-0.089108911,-0.004452631,-0.019947411,-0.040850277,0,0.005094244,0.123256129,-0.054545455,-0.00462963,0.042745663,0.237095955,0.152109586,0.077100899,0.051061804,0.084716572,0.110188189,-0.022265209,-0.004170403,-0.014047012
31-Dec-16,32.628265,2238.830078,5620.899902,0.7338,1.0538,0.0086,1.248,5.0115,-0.024202128,-0.022992768,-0.065217391,0.002409639,-0.0146868,6,64.7,0.015,1.5,0.54,0.30%,1.10%,9.1,0.162615996,0.141321045,-0.136886311,0.432204406,0.120448179,0.004243281,0.272789114,-0.073930322,-0.121333913,-0.011362508,0.104681404,0.049267643,0.119241192,0.019417476,0.030681818,0.021917808,-0.036529379,0,-0.053419499,-0.045289855,0.034724374,0.016744349,0.016689847,-0.086462451,0.008570969,-0.023961514,-0.068044789,0,0.007349214,0.162426143,-0.009615385,0,-0.005394016,0.094664843,0.038419132,0.013418448,0.003704424,-0.014075053,0.038426467,-0.065401542,-0.038486505,-0.056011949
31-Jan-17,37.652908,2278.870117,5712.200195,0.7453,1.0629,0.0087,1.2348,5.2198,0.015671845,0.008635415,0.011627907,-0.010576923,0.041564402,5.9,64.6,0.015,1.5,0.65,0.30%,1.10%,9.1,0.018434055,0.009613536,-0.030004634,-0.089619744,-0.007272727,0.05915493,-0.051088277,-0.044098618,0.042217827,0.018702299,0.068275456,0.026649746,0.065375303,0.0125,-0.038588754,0.010723861,0.077196662,0.014388489,-0.131827112,0.010436433,0,-0.012417882,0.006839945,0.09951325,-0.000453189,0.006350711,0.008512856,0,0.035597484,0.121524896,-0.038834951,0,0.036753215,0.004873782,0.016643847,0.014833653,-0.024172399,-0.091212666,0.018759311,0.030016589,0.057459875,0.028602726
28-Feb-17,34.488567,2363.639893,5864.899902,0.7668,1.0649,0.0089,1.2484,5.2594,0.028847444,0.001881645,0.022988506,0.011013929,0.007586498,6,64.6,0.015,1.5,0.66,0.30%,1.10%,9.1,0.014243951,0.016949153,-0.03965126,-0.135181551,0.148351648,0.043882979,-0.018096734,-0.072927729,-0.013403713,-0.040897221,-0.061707989,-0.043263288,-0.104545455,0.004115226,-0.042431193,-0.026525199,0.042604978,0.085106383,-0.034679792,0.038028169,0,0.012898515,0.0390625,-0.001967536,-0.00655071,0.002260526,0.018761062,0,0.034373861,0.032604171,-0.01010101,-0.004651163,0.03880552,0.112299465,0.032383015,0.030714076,-0.060184257,0.067376292,0.048161927,0.035315829,0.037563713,0.060998698
31-Mar-17,33.120697,2362.719971,5924.100098,0.7621,1.0695,0.0089,1.2343,5.2538,-0.006129369,0.004319654,0,-0.011294457,-0.00106476,6,64.8,0.021,1.5,0.79,0.40%,0.30%,6.6,-0.063473568,-0.071535581,0.001741077,0.019326241,-0.145135566,-0.01910828,-0.054287482,0.014611028,-0.037270815,0.005096744,-0.090428655,-0.051679587,-0.222715736,-0.053864169,-0.02754491,0.008174387,-0.024664542,0.013071895,0.020688038,0.030122117,0,-0.011773186,-0.02092187,-0.108920651,0.001244069,0.004322902,8.85E-05,0,0.019023016,-0.119491222,0,0,0.021883649,-0.020013417,-0.019572759,-0.013229505,0.022046675,-0.041212782,-0.024132417,-0.002252471,-0.044421067,-0.016840462
30-Apr-17,33.159286,2384.199951,5724.600098,0.7534,1.0709,0.0091,1.2641,5.1622,-0.011415825,0.001309023,0.02247191,0.024143239,-0.017434999,5.9,64.9,0.021,1.5,0.9,0.40%,0.30%,6.6,0.024752799,0.029850746,0.050802052,0.072186467,-0.02238806,0.064935065,0.034876166,-0.049733501,-0.029659694,0.062111791,0.020012912,-0.066757493,-0.16,-0.037128713,-0.025862069,0.027027027,-0.024622237,-0.003225806,-0.078031695,0.016201264,0,0.023745847,-0.041068447,-0.08960177,-0.030303388,0.002432862,0.026062477,0,0.002996082,-0.15854527,-0.020408163,0,0.010386701,-0.198859099,-0.024161191,-0.026441085,0.001767026,-0.058343933,-0.05832445,0.028796024,-0.00210828,0.022800749
31-May-17,32.684254,2411.800049,5721.5,0.7432,1.1061,0.0089,1.2921,5.0602,-0.013538625,0.032869549,-0.021978022,0.022150146,-0.019759017,5.6,64.9,0.021,1.5,0.91,0.40%,0.30%,6.6,-0.043517158,-0.050137094,-0.119587116,0.013724854,0.020992366,0.036585366,0.018262052,0.011381019,-0.034749035,0.040076474,0.067721519,0.061313869,0.066083576,-0.002570694,0.04551201,0.107894737,0.016153469,0.019417476,-0.108986735,0.038496436,0,0.043321259,-0.010445682,-0.024301337,-0.03022321,0.031457108,-0.018713242,0,0.018382353,-0.074774829,-0.03125,0.009345794,-0.004268121,-0.110937055,-0.014838403,-0.043006201,0.014565813,-0.047262646,-0.00944962,-0.016449861,-0.031815911,-0.07142461
30-Jun-17,33.149967,2423.409912,5720.600098,0.7555,1.123,0.009,1.28,5.2149,0.016550054,0.015278908,0.011235955,-0.0093646,0.030571914,5.6,65,0.019,1.5,1.04,0.70%,0.80%,-6,-0.074692678,-0.068659794,0.086316059,-0.0593733,0.011214953,-0.023529412,-0.030417989,0.007446508,-0.0452,0.008865428,0.005927682,-0.068775791,-0.061987238,-0.020618557,0,0.087885986,0.047942041,0.00952381,-0.045082827,0.02646031,0,-0.005319899,-0.020760028,-0.134495641,-0.01510862,0.0160181,0.011720159,0,-0.043772563,-0.059388475,0,0.009259259,-0.014495405,-0.079288803,0.021465972,0.00367981,-0.026805998,-0.024397277,-0.006489821,0.011412154,0.00049448,0.011107793
31-Jul-17,38.803814,2470.300049,5714.5,0.78,1.1529,0.0089,1.3005,5.3833,0.032428855,0.026625111,-0.011111111,0.016015625,0.032292086,5.6,65.1,0.019,1.5,1.15,0.70%,0.80%,-6,0.032274368,0.03276511,0.081266151,0.007690214,-0.036968577,0,-0.010090452,-0.004839234,0.044965787,-0.006660083,-0.06246317,-0.020679468,-0.021379981,0.073684211,0.009673519,-0.089519651,0.100394766,0,-0.035646318,0.001337549,0,0.014925373,-0.039525692,0.051798561,-0.019818927,0.024939877,-0.014044444,0,-0.007904672,0.053413906,-0.053763441,0,0.009372563,0.178496868,0.046393555,0.064198075,0.028721939,0.062656184,0.083076863,-0.018575532,-0.012710453,-0.046010277
31-Aug-17,40.517666,2471.649902,5681.600098,0.7919,1.1824,0.0091,1.2954,5.237,0.01525641,0.025587649,0.02247191,-0.003921569,-0.027176639,5.6,65.1,0.019,1.5,1.15,0.70%,0.80%,-6,0.047982094,0.029581994,0.095966053,-0.028939015,0.013435701,0,-0.010668867,-1.01E-05,0.001469999,-0.006728639,0.008170962,0.016591252,0.156901688,-0.044117647,0.023952096,-0.057553957,-0.1441553,0,0.028766603,-0.078445659,0,0.016054655,-0.060606061,-0.017099863,0.112804265,0.026071087,0.023937381,0,-0.056487097,0.019517341,-0.022727273,-0.004587156,0.066764409,0.12297018,0.083625725,0.034632092,0.014711612,0.147353549,0.069439113,0.037344868,0.058548264,0.04952947