LGA_CODE_2016,M15_19_Managers,M15_19_Professionals,M15_19_TechnicTrades_Wrs,M15_19_CommunPersnlSvc_W,M15_19_ClericalAdminis_W,M15_19_Sales_W,M15_19_Mach_oper_drivers,M15_19_Labourers,M15_19_Occu_ID_NS,M15_19_Tot,M20_24_Managers,M20_24_Professionals,M20_24_TechnicTrades_W,M20_24_CommunPersnlSvc_W,M20_24_ClericalAdminis_W,M20_24_Sales_W,M20_24_Mach_oper_drivers,M20_24_Labourers,M20_24_Occu_ID_NS,M20_24_Tot,M25_34_Managers,M25_34_Professionals,M25_34_TechnicTrades_W,M25_34_CommunPersnlSvc_W,M25_34_ClericalAdminis_W,M25_34_Sales_W,M25_34_Mach_oper_drivers,M25_34_Labourers,M25_34_Occu_ID_NS,M25_34_Tot,M35_44_Managers,M35_44_Professionals,M35_44_TechnicTrades_W,M35_44_CommunPersnlSvc_W,M35_44_ClericalAdminis_W,M35_44_Sales_W,M35_44_Mach_oper_drivers,M35_44_Labourers,M35_44_Occu_ID_NS,M35_44_Tot,M45_54_Managers,M45_54_Professionals,M45_54_TechnicTrades_W,M45_54_CommunPersnlSvc_W,M45_54_ClericalAdminis_W,M45_54_Sales_W,M45_54_Mach_oper_drivers,M45_54_Labourers,M45_54_Occu_ID_NS,M45_54_Tot,M55_64_Managers,M55_64_Professionals,M55_64_TechnicTrades_W,M55_64_CommunPersnlSvc_W,M55_64_ClericalAdminis_W,M55_64_Sales_W,M55_64_Mach_oper_drivers,M55_64_Labourers,M55_64_Occu_ID_NS,M55_64_Tot,M65_74_Managers,M65_74_Professionals,M65_74_TechnicTrades_W,M65_74_CommunPersnlSvc_W,M65_74_ClericalAdminis_W,M65_74_Sales_W,M65_74_Mach_oper_drivers,M65_74_Labourers,M65_74_Occu_ID_NS,M65_74_Tot,M75_84_Managers,M75_84_Professionals,M75_84_TechnicTrades_W,M75_84_CommunPersnlSvc_W,M75_84_ClericalAdminis_W,M75_84_Sales_W,M75_84_Mach_oper_drivers,M75_84_Labourers,M75_84_Occu_ID_NS,M75_84_Tot,M85_ov_Managers,M85_ov_Professionals,M85_ov_TechnicTrades_W,M85_ov_CommunPersnlSvc_W,M85_ov_ClericalAdminis_W,M85_ov_Sales_W,M85_ov_Mach_oper_drivers,M85_ov_Labourers,M85_ov_Occu_ID_NS,M85_ov_Tot,M_Tot_Managers,M_Tot_Professionals,M_Tot_TechnicTrades_W,M_Tot_CommunPersnlSvc_W,M_Tot_ClericalAdminis_W,M_Tot_Sales_W,M_Tot_Mach_oper_drivers,M_Tot_Labourers,M_Tot_Occu_ID_NS,M_Tot_Tot,F15_19_Managers,F15_19_Professionals,F15_19_TechnicTrades_Wrs,F15_19_CommunPersnlSvc_W,F15_19_ClericalAdminis_W,F15_19_Sales_W,F15_19_Mach_oper_drivers,F15_19_Labourers,F15_19_Occu_ID_NS,F15_19_Tot,F20_24_Managers,F20_24_Professionals,F20_24_TechnicTrades_W,F20_24_CommunPersnlSvc_W,F20_24_ClericalAdminis_W,F20_24_Sales_W,F20_24_Mach_oper_drivers,F20_24_Labourers,F20_24_Occu_ID_NS,F20_24_Tot,F25_34_Managers,F25_34_Professionals,F25_34_TechnicTrades_W,F25_34_CommunPersnlSvc_W,F25_34_ClericalAdminis_W,F25_34_Sales_W,F25_34_Mach_oper_drivers,F25_34_Labourers,F25_34_Occu_ID_NS,F25_34_Tot,F35_44_Managers,F35_44_Professionals,F35_44_TechnicTrades_W,F35_44_CommunPersnlSvc_W,F35_44_ClericalAdminis_W,F35_44_Sales_W,F35_44_Mach_oper_drivers,F35_44_Labourers,F35_44_Occu_ID_NS,F35_44_Tot,F45_54_Managers,F45_54_Professionals,F45_54_TechnicTrades_W,F45_54_CommunPersnlSvc_W,F45_54_ClericalAdminis_W,F45_54_Sales_W,F45_54_Mach_oper_drivers,F45_54_Labourers,F45_54_Occu_ID_NS,F45_54_Tot,F55_64_Managers,F55_64_Professionals,F55_64_TechnicTrades_W,F55_64_CommunPersnlSvc_W,F55_64_ClericalAdminis_W,F55_64_Sales_W,F55_64_Mach_oper_drivers,F55_64_Labourers,F55_64_Occu_ID_NS,F55_64_Tot,F65_74_Managers,F65_74_Professionals,F65_74_TechnicTrades_W,F65_74_CommunPersnlSvc_W,F65_74_ClericalAdminis_W,F65_74_Sales_W,F65_74_Mach_oper_drivers,F65_74_Labourers,F65_74_Occu_ID_NS,F65_74_Tot,F75_84_Managers,F75_84_Professionals,F75_84_TechnicTrades_W,F75_84_CommunPersnlSvc_W,F75_84_ClericalAdminis_W,F75_84_Sales_W,F75_84_Mach_oper_drivers,F75_84_Labourers,F75_84_Occu_ID_NS,F75_84_Tot,F85ov_Managers,F85ov_Professionals,F85ov_TechnicTrades_W,F85ov_CommunPersnlSvc_W,F85ov_ClericalAdminis_W,F85ov_Sales_W,F85ov_Mach_oper_drivers,F85ov_Labourers,F85ov_Occu_ID_NS,F85ov_Tot,F_Tot_Managers,F_Tot_Professionals,F_Tot_TechnicTrades_W,F_Tot_CommunPersnlSvc_W,F_Tot_ClericalAdminis_W,F_Tot_Sales_W,F_Tot_Mach_oper_drivers,F_Tot_Labourers,F_Tot_Occu_ID_NS,F_Tot_Tot
LGA10050,14,10,181,61,10,189,23,209,12,715,40,72,459,120,37,113,98,183,28,1154,253,435,752,166,110,188,285,315,29,2533,441,394,535,159,126,140,286,219,41,2334,421,416,477,140,144,151,339,228,43,2356,319,345,385,98,118,119,291,239,30,1940,75,106,66,19,45,37,94,59,17,515,11,15,3,3,5,3,10,3,3,60,0,3,0,0,0,0,0,0,3,5,1580,1789,2855,768,597,939,1414,1460,212,11620,14,26,28,172,54,413,4,100,12,810,49,152,70,351,172,276,5,67,16,1161,167,758,126,458,375,247,22,110,21,2292,234,666,99,360,533,187,23,159,22,2287,250,574,97,374,680,228,32,192,24,2466,162,457,60,281,501,192,27,195,21,1886,47,78,16,55,86,35,7,33,9,361,5,3,5,3,4,0,0,10,0,30,0,0,0,0,0,0,0,0,0,0,923,2712,508,2053,2406,1570,123,865,122,11284
LGA10130,12,3,81,33,9,104,19,117,4,385,41,56,134,71,34,115,47,163,6,660,148,215,281,116,55,85,92,208,12,1208,221,260,189,84,51,58,66,131,13,1070,292,316,199,92,67,65,106,166,20,1319,253,260,197,58,59,44,108,122,16,1110,157,91,31,16,13,17,30,36,5,393,50,4,5,0,5,5,3,3,8,87,8,0,0,0,0,0,0,0,0,15,1178,1207,1119,467,296,492,461,941,92,6252,8,13,19,113,34,197,7,55,9,450,27,98,34,195,94,136,3,54,9,643,66,346,45,198,192,103,3,122,11,1082,107,387,55,141,257,75,0,78,12,1105,168,427,55,164,354,107,11,95,7,1379,151,335,47,128,249,69,4,97,14,1093,82,60,10,23,52,11,3,23,9,271,15,0,0,3,6,0,0,0,0,34,0,0,0,0,0,0,0,0,0,11,640,1661,261,957,1229,700,27,524,68,6076
LGA10250,3,5,82,37,12,155,14,189,7,501,30,27,194,47,12,65,41,112,4,534,149,220,411,99,39,92,108,207,14,1340,292,408,439,113,71,97,118,206,35,1777,412,420,438,142,99,113,170,219,33,2043,363,364,351,128,104,114,189,206,31,1846,160,139,65,13,22,49,75,53,18,594,38,11,3,0,3,7,6,9,5,89,10,3,0,0,0,0,0,0,5,24,1459,1602,1985,587,370,687,726,1202,150,8758,5,7,26,127,21,277,3,91,8,565,16,62,41,167,76,147,6,28,0,548,95,386,69,224,191,163,6,76,21,1239,188,598,87,298,353,136,11,91,34,1789,231,632,89,388,486,220,17,169,25,2260,201,536,69,267,433,180,16,147,27,1872,75,76,19,38,107,40,5,32,14,392,20,5,0,3,4,0,0,0,0,37,3,0,0,0,0,0,0,0,7,11,837,2292,407,1511,1667,1167,65,626,135,8711
LGA10300,0,0,9,4,0,3,3,4,0,24,11,3,8,0,0,0,9,19,4,55,16,3,17,0,0,0,17,15,0,74,44,7,12,4,0,3,16,27,3,108,35,0,23,3,4,0,19,28,3,121,36,6,15,3,4,3,30,22,0,131,10,3,3,0,3,0,6,5,0,38,0,0,0,0,0,0,0,0,0,4,0,0,0,0,0,0,0,0,0,0,160,28,90,12,15,14,92,125,14,547,0,0,0,6,4,3,0,0,0,16,0,3,0,5,8,0,0,6,0,25,8,15,7,18,11,4,4,13,3,83,9,15,3,10,19,0,0,16,3,85,15,12,3,24,16,12,3,19,3,98,19,11,8,14,19,8,3,22,4,106,7,0,0,0,4,0,0,3,0,16,0,0,0,0,0,0,0,0,0,5,0,0,0,0,0,0,0,0,0,0,55,58,26,85,91,25,14,69,11,435
LGA10470,18,8,122,45,6,97,19,159,17,499,39,60,275,157,30,133,56,169,8,922,226,253,646,178,72,143,186,258,30,1999,289,274,443,143,83,100,242,206,39,1817,338,297,384,171,102,61,285,250,32,1927,293,260,267,111,90,61,235,197,29,1541,130,61,51,32,26,20,66,54,7,436,34,17,15,0,3,11,9,5,9,97,3,0,3,0,0,0,0,0,0,10,1363,1223,2207,837,409,620,1100,1304,179,9245,10,15,16,144,23,298,0,80,11,602,41,116,60,312,113,211,6,78,16,953,124,531,109,315,310,194,6,92,14,1697,189,514,102,274,414,140,10,143,36,1824,205,505,80,312,482,153,21,195,13,1962,153,446,42,210,339,124,15,146,25,1503,77,72,9,33,78,26,0,33,4,341,11,9,0,5,4,3,0,3,6,37,3,0,0,0,0,0,0,0,0,7,807,2212,419,1605,1774,1153,71,768,117,8923
LGA10550,12,3,95,21,4,94,12,129,9,377,22,13,179,33,16,39,34,96,9,434,80,83,310,51,23,59,85,199,6,896,195,149,294,72,40,57,132,186,22,1138,286,195,383,111,72,98,189,256,28,1619,290,254,337,116,77,92,204,263,30,1666,146,71,49,21,15,36,51,59,11,466,42,17,9,0,8,3,3,3,3,86,8,0,0,0,0,0,3,0,0,14,1080,782,1659,430,248,473,701,1190,122,6689,4,8,30,108,19,192,0,62,6,424,23,39,36,119,37,74,7,42,3,382,65,200,65,168,145,104,6,84,5,849,132,286,57,204,214,133,19,96,18,1158,205,380,86,294,363,215,10,164,17,1729,184,356,73,254,330,180,17,142,20,1553,91,56,8,35,72,37,3,40,8,344,8,5,3,0,4,6,0,0,4,28,0,0,0,0,0,0,0,0,0,0,712,1328,358,1176,1184,939,61,629,83,6466
LGA10600,0,0,32,15,3,20,4,52,3,127,3,9,47,7,0,16,4,38,3,125,40,43,107,21,10,11,49,57,4,339,65,84,118,31,13,32,51,63,7,459,104,114,127,32,22,31,70,82,10,592,102,110,120,43,22,21,84,94,8,611,53,30,24,10,8,12,24,21,0,179,23,0,4,0,0,0,3,6,5,41,3,0,0,0,0,0,0,0,0,7,396,388,575,154,83,137,289,407,40,2479,0,0,5,33,10,49,0,14,0,118,5,11,13,36,7,17,0,16,0,106,25,68,20,67,42,41,4,16,3,281,46,144,31,77,80,27,3,30,6,452,82,214,30,104,124,53,8,60,4,688,75,186,11,104,122,48,4,52,6,616,36,35,3,13,23,4,0,13,3,132,9,0,3,0,0,0,0,3,5,24,0,0,0,0,0,0,0,0,3,3,286,659,108,430,413,250,13,204,32,2414
LGA10650,0,0,20,4,0,14,4,36,7,83,22,4,42,5,3,4,21,30,0,132,57,34,81,15,6,4,29,44,8,275,76,31,76,11,7,7,42,53,3,301,102,19,61,9,8,11,63,45,6,324,132,20,66,16,10,24,67,52,5,394,69,12,15,5,5,7,37,21,3,168,14,3,0,0,0,0,5,3,3,32,8,0,0,0,0,0,0,0,0,8,477,122,358,61,38,73,266,280,44,1722,0,0,3,25,0,37,0,17,0,85,0,15,4,31,9,9,0,18,0,92,18,67,13,51,51,24,0,27,0,246,43,57,18,50,66,21,0,39,0,308,50,58,17,66,75,33,6,43,6,351,58,66,14,65,71,36,4,45,7,360,28,11,0,15,16,11,0,16,8,106,4,0,0,0,0,0,0,0,4,16,3,0,0,0,0,0,0,0,0,3,203,278,75,300,292,178,10,204,18,1561
LGA10750,52,83,825,247,115,889,252,1090,92,3649,338,748,1900,551,610,1016,1130,1381,218,7888,2094,3959,4013,1134,1775,1331,3372,2156,478,20317,3233,4644,3892,1034,1907,1028,3451,1833,441,21465,2211,2323,3332,803,1395,709,3491,1790,355,16402,1206,1371,2021,559,990,500,2256,1375,196,10462,198,286,398,135,230,128,405,300,46,2121,11,29,26,6,10,7,18,18,12,140,3,7,3,0,0,0,3,4,3,22,9350,13453,16408,4463,7038,5618,14366,9945,1832,82472,74,137,142,748,377,1898,70,385,63,3882,331,1165,317,1443,1533,1529,179,350,156,7011,1471,5200,751,2436,4111,1612,461,829,390,17256,1633,4506,650,2328,4555,1385,506,1084,295,16944,1094,2637,555,2127,4133,1116,592,1541,234,14022,555,1454,317,1276,2560,727,380,1099,131,8478,68,240,44,180,462,108,40,146,30,1325,4,6,4,8,19,3,0,10,13,58,0,0,0,0,0,0,0,0,3,9,5226,15345,2779,10542,17745,8374,2226,5446,1309,68997
LGA10800,5,0,23,0,0,10,0,21,5,64,21,3,47,11,0,4,17,14,0,115,35,26,60,11,0,12,48,35,4,233,90,14,51,5,11,3,50,33,3,265,99,24,40,4,11,3,52,34,10,278,112,12,43,3,9,5,67,31,5,298,67,3,9,0,4,3,19,9,3,118,21,0,3,0,0,0,3,3,0,39,5,0,0,0,0,0,0,0,3,12,460,82,286,32,31,45,258,183,35,1414,0,3,3,13,6,22,0,13,3,65,0,13,10,15,9,16,0,8,3,80,11,59,17,31,32,17,7,16,0,187,53,49,11,24,50,13,8,17,3,236,64,28,19,33,45,22,3,34,3,248,59,26,12,28,54,24,3,19,3,230,36,3,0,5,6,3,0,9,3,65,14,0,0,3,3,0,0,0,0,23,0,0,0,0,0,0,0,0,0,0,236,187,68,154,204,110,26,125,18,1135
LGA10850,0,0,28,10,0,4,5,47,0,95,6,3,45,8,6,12,13,16,0,108,36,27,77,10,4,9,56,45,8,273,47,36,76,8,3,13,74,48,3,319,69,40,79,24,18,17,81,50,10,393,105,37,45,10,11,12,60,49,3,327,61,13,4,3,3,5,21,16,7,136,17,0,4,0,0,0,3,6,0,36,8,0,0,0,0,0,0,0,0,7,355,148,367,68,49,73,319,285,36,1696,0,3,3,23,5,28,0,17,0,85,5,10,10,34,7,25,0,13,0,118,18,55,24,50,52,22,0,12,6,245,37,104,15,44,77,17,3,26,6,333,48,59,26,52,106,35,11,32,0,375,48,70,13,39,58,10,0,31,4,276,34,8,0,3,18,4,0,3,3,76,9,0,0,0,0,0,0,0,3,11,0,3,0,0,0,0,0,0,0,5,195,308,92,251,321,154,26,145,35,1529
LGA10900,14,35,228,113,27,160,43,283,11,922,64,118,448,176,67,166,89,219,22,1360,303,534,820,266,164,168,197,293,67,2812,741,980,827,305,263,174,282,281,67,3916,819,1140,799,300,332,188,332,322,61,4297,639,1096,608,225,258,162,325,293,60,3671,183,354,127,57,81,62,102,76,9,1044,22,33,10,7,12,4,3,8,3,104,3,3,0,0,0,3,0,3,3,16,2794,4289,3866,1443,1207,1090,1375,1785,304,18157,14,26,40,376,87,348,8,112,7,1024,58,172,84,416,209,246,16,88,13,1302,256,898,149,421,463,227,11,110,37,2577,437,1478,149,480,800,211,22,148,47,3765,459,1637,199,639,968,294,30,203,37,4463,367,1446,99,465,822,194,35,190,33,3652,83,313,24,76,228,65,0,48,10,851,3,21,3,8,14,8,3,9,3,65,3,0,0,0,0,0,0,0,0,8,1682,5990,748,2882,3592,1606,120,908,185,17705
LGA10950,0,0,12,0,0,0,6,7,0,29,9,3,24,0,0,0,16,12,0,59,10,11,28,7,0,0,32,16,6,118,28,13,17,3,3,0,25,11,3,102,54,3,28,0,12,3,35,30,0,163,37,6,18,4,7,7,22,12,0,101,18,3,4,0,0,0,9,8,3,47,17,0,0,0,0,0,0,3,0,22,0,0,0,0,0,0,0,0,0,4,177,34,138,23,22,17,140,92,15,646,0,0,4,11,0,12,0,0,0,28,3,9,0,14,14,6,0,3,0,44,11,31,3,16,18,5,3,12,0,103,15,21,7,22,12,9,0,15,0,101,32,16,0,24,22,11,12,18,0,133,17,9,0,20,17,5,0,4,0,76,9,0,3,3,5,0,0,4,3,33,12,0,0,0,0,0,0,0,3,16,0,0,0,0,0,0,0,0,0,0,102,84,19,108,79,49,16,59,8,529
LGA11100,9,22,62,47,20,104,14,96,11,371,60,181,249,142,107,145,77,136,22,1114,481,911,697,266,289,261,252,314,76,3543,554,687,486,184,264,174,306,242,67,2969,412,397,453,144,203,115,332,230,46,2333,205,182,281,99,130,52,282,190,26,1451,51,44,77,17,30,21,67,54,11,372,0,10,5,0,0,3,3,4,0,32,0,0,0,0,0,0,0,0,0,0,1775,2425,2314,899,1041,874,1339,1257,259,12176,5,21,12,99,30,204,0,22,7,401,73,202,49,266,201,260,11,68,22,1154,369,1026,158,382,580,328,19,153,46,3054,381,757,96,306,633,242,34,138,36,2617,239,453,101,299,596,186,45,144,34,2100,101,214,52,173,337,110,27,134,19,1163,7,41,6,54,77,31,4,36,8,265,0,7,4,8,4,3,0,3,0,24,0,0,0,0,0,0,0,0,0,5,1178,2726,474,1575,2465,1366,145,697,163,10784
LGA11150,0,0,7,0,0,0,0,3,0,15,0,3,9,3,3,5,3,8,0,37,19,18,26,20,3,0,9,11,3,116,19,6,25,4,3,6,7,12,0,84,25,15,9,23,6,3,13,19,7,118,33,5,12,4,3,0,14,19,3,95,19,0,8,0,0,3,8,3,0,42,7,0,0,0,0,0,0,0,0,12,0,0,0,0,0,0,0,0,0,0,123,55,91,58,20,16,62,77,12,512,0,3,0,3,0,6,0,0,0,8,3,8,3,7,8,4,0,3,0,38,12,34,3,31,21,3,0,9,0,119,9,29,3,25,12,7,0,7,0,94,25,23,3,15,22,6,0,13,5,108,14,10,3,16,14,7,0,9,4,78,10,4,0,5,7,3,0,3,0,27,4,0,0,0,0,0,0,0,0,0,0,0,0,0,0,0,0,0,0,0,77,114,15,112,75,36,0,46,13,490
LGA11200,0,0,0,0,0,0,0,0,0,6,0,0,7,5,0,0,3,6,0,19,12,8,6,11,0,0,3,11,3,53,13,4,5,11,0,0,7,6,0,39,23,4,7,8,0,0,10,14,3,66,24,0,0,3,0,4,3,13,0,51,14,0,0,0,0,0,0,3,0,19,0,0,0,0,0,0,0,0,0,0,0,0,0,0,0,0,0,0,0,0,80,23,33,37,3,3,19,60,6,261,0,0,0,3,0,0,0,0,0,5,4,3,0,3,0,0,0,0,0,20,3,16,3,19,6,3,0,0,0,51,8,14,0,10,9,0,0,3,0,47,17,8,4,17,10,0,0,5,0,61,11,12,0,13,5,0,0,3,3,47,5,3,0,0,0,0,0,0,0,14,0,0,0,0,0,0,0,0,0,3,0,0,0,0,0,0,0,0,0,0,47,58,6,57,32,6,0,12,7,239
LGA11250,4,4,31,4,0,58,7,71,9,192,13,12,111,33,12,38,41,44,6,307,45,96,215,57,20,55,141,78,15,720,71,62,171,57,20,33,140,58,12,618,95,73,173,76,32,33,159,97,21,764,98,87,134,55,53,38,170,84,13,725,24,21,24,11,6,8,31,21,9,153,3,3,3,0,5,0,0,0,9,20,0,0,0,0,0,0,0,0,4,8,353,358,858,299,151,258,688,446,91,3507,3,3,8,40,10,98,3,18,3,192,6,59,15,94,34,57,3,10,3,296,36,206,41,144,115,86,11,45,5,689,68,154,26,146,122,59,3,52,6,639,70,171,27,172,182,76,5,88,4,782,83,127,33,135,117,59,8,86,15,654,20,32,9,20,25,3,3,11,3,122,3,0,0,0,0,6,0,0,0,9,0,0,0,0,0,0,0,0,5,4,286,757,162,754,598,445,35,315,46,3395
LGA11300,4,14,35,38,17,70,3,71,8,255,31,172,169,143,76,167,53,187,35,1043,288,856,501,195,235,267,110,349,84,2876,299,557,292,81,140,108,96,144,38,1750,291,416,285,77,118,97,141,152,40,1615,193,252,176,47,88,66,127,110,24,1084,39,79,54,15,25,18,28,24,8,295,7,13,7,0,0,3,3,4,0,38,0,0,0,0,0,0,0,0,3,11,1146,2355,1526,600,702,802,561,1041,236,8962,3,21,12,66,36,162,0,11,5,316,28,214,46,209,155,236,8,84,26,992,212,1051,79,375,404,273,12,134,83,2628,224,509,70,181,330,125,5,69,38,1551,185,427,48,159,391,144,20,93,29,1509,90,261,42,101,272,87,14,105,13,982,18,79,11,14,62,10,0,16,0,206,0,8,0,0,6,4,0,0,4,25,0,0,0,0,0,0,0,0,0,3,761,2581,313,1102,1647,1027,69,506,199,8212
LGA11350,6,6,55,32,6,78,16,93,3,293,18,20,113,45,6,40,35,78,11,365,135,188,371,112,38,84,51,133,18,1126,312,330,374,90,44,78,69,143,15,1451,328,364,330,100,64,92,110,167,28,1574,275,350,283,79,60,83,106,170,39,1443,110,125,59,22,16,23,22,36,14,421,25,13,8,0,3,4,0,9,7,53,7,0,0,0,0,0,0,0,3,11,1207,1390,1590,474,232,472,409,828,139,6731,0,9,11,75,12,142,0,29,3,291,16,29,20,128,35,89,7,31,6,370,143,318,65,260,131,128,14,84,7,1153,229,487,103,223,243,154,10,101,21,1576,229,565,87,254,299,167,22,115,28,1757,149,433,44,220,267,135,22,106,18,1388,39,77,5,24,52,18,0,22,7,259,6,5,0,3,7,0,0,4,0,30,0,3,0,0,0,0,0,0,3,6,830,1928,336,1192,1057,838,65,499,94,6826
LGA11400,12,4,72,7,0,24,5,57,7,183,9,10,96,3,0,17,13,48,9,201,82,37,160,29,6,17,60,75,6,472,180,76,136,19,23,22,87,84,10,634,216,103,146,30,24,26,112,85,13,752,189,71,106,19,37,27,97,93,8,642,134,20,27,3,12,15,16,33,4,266,51,3,3,0,0,0,4,3,9,76,7,0,0,0,0,0,0,0,0,12,878,325,739,118,99,145,393,472,60,3231,4,3,8,47,15,72,0,16,9,166,3,17,14,40,27,34,0,22,3,161,40,123,29,73,83,35,10,22,5,412,71,176,19,95,150,43,5,36,7,603,108,182,27,119,166,43,10,58,8,725,78,132,22,60,131,39,3,44,0,512,60,30,0,14,33,10,3,20,7,178,19,3,0,0,5,0,0,0,6,30,0,0,0,0,0,0,0,0,0,0,380,672,130,437,611,273,27,225,44,2794
LGA11450,22,23,393,85,22,215,66,403,19,1245,79,133,721,134,96,199,222,311,28,1926,625,715,1476,362,321,312,655,470,109,5041,1009,781,1193,315,393,295,772,384,101,5246,935,575,837,214,310,282,664,347,73,4231,537,383,505,93,211,162,479,211,40,2621,123,93,96,29,44,53,121,50,17,626,15,14,7,3,0,3,9,3,3,51,8,3,3,0,0,4,0,0,0,19,3343,2718,5233,1223,1400,1524,2984,2180,394,20999,19,47,59,306,151,579,10,129,25,1325,110,265,107,476,402,377,26,76,30,1873,473,1475,230,610,1257,393,43,118,91,4682,563,1275,158,590,1352,445,62,163,90,4695,389,850,138,542,1188,429,77,212,52,3885,194,439,72,273,720,212,50,164,32,2147,39,66,11,33,167,31,8,20,8,381,4,10,0,0,4,3,0,0,3,30,0,0,0,0,0,0,0,0,3,9,1789,4421,774,2825,5228,2467,279,880,337,19015
LGA11500,21,35,497,115,50,326,119,530,30,1728,142,331,1166,269,235,412,507,746,91,3905,719,1372,2044,617,706,595,1489,1089,231,8870,980,1181,1754,469,743,432,1652,902,167,8286,857,824,1450,408,579,320,1809,886,162,7292,705,672,1186,279,580,315,1341,657,104,5844,125,167,223,79,103,85,260,144,35,1224,7,20,12,4,7,9,15,9,3,86,3,3,0,0,0,0,0,0,0,12,3561,4612,8329,2243,3003,2489,7205,4971,831,37245,26,49,61,375,181,855,30,210,38,1822,201,531,186,813,774,741,89,230,53,3606,616,1846,336,1238,1819,842,193,380,129,7393,570,1400,253,1121,1688,644,191,575,123,6573,474,1107,244,1161,1797,648,280,750,109,6560,296,837,150,734,1540,442,178,581,66,4818,43,144,25,102,285,57,17,86,26,780,3,7,0,3,12,3,3,0,3,43,0,3,0,0,3,0,0,0,0,6,2220,5921,1244,5541,8100,4229,979,2816,547,31594
LGA11520,17,40,91,99,52,165,16,124,10,602,113,299,350,247,154,251,62,178,47,1711,1087,2380,952,350,564,539,183,343,146,6537,1507,1942,661,217,402,375,172,217,94,5591,1247,1218,592,165,284,280,223,239,78,4320,755,831,399,101,264,187,212,205,58,3005,209,343,126,25,78,69,73,77,22,1032,20,57,12,3,8,17,6,8,9,140,4,10,0,0,0,3,0,0,0,19,4955,7110,3176,1208,1812,1892,956,1391,467,22958,4,40,15,184,82,303,0,51,4,693,107,440,81,422,301,383,6,53,31,1823,814,2615,213,531,1162,526,22,102,109,6091,1067,1979,144,320,1035,345,17,80,92,5076,803,1466,150,373,1137,321,24,131,68,4475,386,903,90,232,822,212,22,104,38,2800,70,222,25,51,228,63,10,30,13,713,3,19,3,3,20,6,0,0,4,61,0,3,0,0,0,0,0,0,0,13,3258,7682,720,2120,4785,2163,94,550,370,21738
LGA11570,65,86,726,300,116,667,116,675,84,2828,346,902,1708,775,660,1082,566,1201,278,7520,2128,3966,4131,1271,1724,1614,2049,2282,611,19778,2575,3262,3902,991,1483,1089,2392,1897,412,18002,2203,2208,3512,745,1278,820,2759,1876,348,15752,1212,1369,2309,493,899,523,2121,1604,222,10746,309,344,422,121,186,147,397,353,72,2347,27,33,40,12,19,21,30,32,12,219,4,4,3,0,0,4,0,0,6,26,8874,12187,16746,4706,6355,5961,10437,9909,2046,77223,44,133,99,590,268,1420,24,192,60,2830,304,1360,252,1497,1332,1646,75,329,156,6959,1324,4710,622,2330,3250,1574,182,742,328,15056,1482,3452,620,2088,3543,1217,236,817,264,13704,1205,2603,584,2003,3474,1163,364,1415,260,13082,581,1434,368,1102,2182,716,300,1092,137,7909,83,240,63,182,425,116,25,148,37,1314,0,17,0,8,38,7,3,12,16,108,0,3,0,0,4,0,0,0,3,10,5026,13957,2599,9804,14504,7859,1219,4743,1264,60974
LGA11600,4,0,5,0,0,3,3,21,0,42,4,0,8,0,3,0,13,34,0,67,57,3,19,6,0,0,24,40,0,156,62,7,10,3,3,0,24,26,3,135,78,7,27,5,0,0,28,28,3,171,69,4,20,0,0,3,26,23,3,152,31,0,3,0,0,0,5,4,3,50,8,0,0,0,0,0,0,0,3,18,3,0,0,0,0,0,0,0,0,4,326,23,94,17,5,8,123,183,16,798,0,0,0,13,3,12,0,9,0,37,0,7,3,10,8,0,4,13,0,47,11,28,9,23,17,6,5,16,0,117,30,15,5,12,23,3,6,19,0,121,37,16,4,16,35,10,9,12,0,136,26,14,4,13,23,5,3,13,0,100,15,0,0,6,5,0,0,0,0,28,3,0,0,0,0,0,0,3,0,8,0,0,0,0,0,0,0,0,0,3,133,76,28,87,110,39,28,82,5,593
LGA11650,57,63,975,299,65,891,214,1316,74,3958,318,487,2280,627,234,763,462,1333,115,6615,1401,2150,4367,1101,671,922,1241,1833,250,13939,2656,2642,3988,1052,883,843,1543,1636,308,15566,2893,2575,3720,1075,1055,924,1904,1922,322,16389,1880,2003,2544,767,894,706,1676,1472,247,12187,504,641,454,161,209,286,421,302,68,3048,89,77,33,14,22,21,23,30,35,338,14,10,7,4,0,3,5,6,6,46,9820,10636,18373,5104,4045,5355,7482,9851,1417,72088,59,96,179,1151,271,2275,38,525,57,4653,327,741,421,1809,922,1413,61,331,76,6099,1152,3556,725,2227,2425,1362,118,539,163,12270,1507,3896,694,2208,3366,1288,188,864,205,14210,1548,3686,688,2739,4187,1624,235,1259,213,16178,998,2760,452,1806,3118,1296,200,934,159,11715,198,495,67,266,720,222,27,152,52,2199,25,30,8,10,34,13,3,8,26,156,3,3,0,0,4,0,0,0,10,28,5820,15273,3230,12210,15041,9493,873,4609,963,67514
LGA11700,0,0,0,0,0,0,0,5,0,11,3,0,0,4,0,0,3,11,3,17,6,3,3,10,7,0,3,14,0,55,21,7,4,3,3,0,7,11,0,59,32,10,3,6,0,0,0,17,0,68,38,5,6,3,6,3,11,13,0,78,16,0,3,0,0,0,3,7,3,33,6,0,0,0,0,0,0,0,0,4,0,0,0,0,0,0,0,0,0,0,118,24,20,32,9,3,31,64,15,325,0,0,0,3,0,0,0,3,0,3,0,5,0,4,3,0,0,7,0,19,0,13,0,15,3,0,0,10,6,37,9,4,0,8,13,0,0,6,3,39,21,11,4,14,3,0,0,6,0,56,26,8,4,6,6,3,0,3,0,63,7,0,0,4,0,0,0,0,0,16,0,0,0,0,0,0,0,0,0,3,0,0,0,0,0,0,0,0,0,0,62,37,9,58,29,8,0,32,3,241
LGA11720,11,5,168,54,5,125,44,211,15,641,37,29,429,88,30,86,118,265,20,1098,170,161,879,137,54,120,522,362,30,2434,272,189,732,106,78,101,655,315,45,2486,292,188,627,107,94,74,662,298,65,2411,233,181,400,105,76,79,466,250,42,1840,94,59,45,14,15,29,98,43,9,416,18,9,0,3,0,3,0,7,4,55,4,0,0,0,0,0,3,0,5,13,1132,834,3278,609,357,623,2573,1759,228,11389,11,12,37,164,43,337,3,112,9,740,42,86,74,256,192,222,17,101,12,1005,173,424,176,425,452,297,74,187,24,2234,190,382,144,389,485,244,70,257,30,2189,210,340,121,423,484,273,55,342,23,2269,152,316,55,225,326,180,26,217,16,1518,40,52,5,35,54,26,3,26,6,256,3,4,0,3,6,4,4,0,4,25,0,0,0,0,0,0,0,0,0,3,832,1608,610,1922,2044,1575,262,1252,126,10236
LGA11730,11,3,114,27,5,126,13,201,11,511,30,36,255,51,22,66,60,163,11,697,103,151,409,132,58,83,174,244,16,1371,252,232,406,164,72,80,235,235,32,1711,310,242,439,185,104,107,349,325,40,2089,366,239,344,140,100,112,322,290,33,1943,166,82,74,23,37,26,79,70,12,576,66,15,5,3,4,6,4,5,9,125,5,5,0,0,0,0,0,3,3,20,1296,1004,2059,723,406,606,1233,1538,174,9043,6,4,23,118,26,304,0,68,8,567,22,50,33,175,70,144,5,31,12,542,87,276,70,223,209,157,7,65,13,1122,170,369,110,298,394,216,9,123,21,1706,205,444,108,457,517,234,17,213,20,2217,199,478,78,387,420,187,17,172,17,1957,62,62,8,40,91,33,8,40,12,358,7,6,0,4,10,3,0,4,9,44,3,0,0,0,0,0,0,0,3,12,768,1694,437,1696,1730,1278,65,721,120,8521
LGA11750,0,0,18,0,0,4,3,4,0,33,4,8,45,4,0,3,14,18,3,97,13,40,92,0,3,6,83,19,7,261,53,23,63,5,6,0,73,20,10,249,50,17,47,8,6,0,75,17,0,219,48,11,45,4,5,4,72,25,7,218,21,3,13,3,0,0,12,6,0,54,7,0,0,0,0,0,0,0,0,10,0,0,0,0,0,0,0,0,0,0,195,106,309,30,18,21,324,113,29,1136,4,0,0,13,4,13,0,14,0,46,4,12,8,12,15,10,7,12,0,71,14,49,25,47,51,26,10,9,0,227,15,30,4,27,34,11,6,21,0,161,33,27,13,24,31,18,7,27,4,181,28,9,6,18,30,10,4,24,0,134,15,0,3,3,6,0,0,0,0,30,7,0,0,0,0,0,0,0,0,11,0,0,0,0,0,0,0,0,0,4,123,136,62,148,169,89,34,104,13,875
LGA11800,16,5,177,71,18,229,38,318,19,886,71,74,414,114,42,133,79,301,25,1252,346,405,762,191,118,193,251,487,55,2800,500,537,682,183,177,203,287,384,64,3023,602,497,696,229,180,195,353,443,63,3259,487,460,548,214,177,184,356,379,60,2865,141,138,98,27,42,56,104,81,18,705,12,14,6,6,0,6,3,16,6,67,7,0,0,0,0,0,0,3,0,10,2185,2130,3378,1026,755,1195,1477,2414,300,14869,12,17,20,240,65,526,10,118,12,1017,56,139,82,319,170,252,8,87,17,1134,238,697,141,484,478,247,14,243,40,2580,297,848,147,456,728,282,13,218,52,3049,410,871,128,625,858,377,39,305,46,3663,259,726,88,458,660,274,25,264,20,2784,65,116,17,57,140,48,7,39,12,490,4,3,0,4,11,3,0,4,9,38,0,0,0,0,0,0,0,0,6,6,1346,3425,627,2646,3109,2008,117,1287,209,14759
LGA12000,3,3,14,3,0,3,0,13,0,39,6,4,35,3,0,4,5,10,7,73,32,10,32,8,4,5,14,22,4,131,45,12,41,16,6,13,24,21,0,173,80,21,32,10,9,8,39,23,7,221,55,15,26,7,6,7,33,25,3,178,38,4,7,0,3,8,13,3,0,72,13,0,0,0,0,0,0,0,3,16,3,0,0,0,0,0,0,0,0,3,274,69,187,49,20,48,122,120,19,904,0,3,0,9,3,29,0,8,0,53,3,10,4,19,12,9,3,10,0,73,6,33,13,17,16,14,0,3,3,115,30,38,11,29,27,5,0,7,5,156,40,42,10,30,56,13,3,22,5,216,30,25,6,21,32,8,4,15,0,142,24,12,0,4,3,0,0,4,0,49,11,0,0,0,0,0,0,0,5,13,3,0,0,0,0,0,0,0,0,7,153,169,44,128,144,79,11,72,16,821
LGA12150,3,0,4,0,0,0,0,13,0,28,3,0,17,6,0,3,6,12,3,54,37,17,24,12,0,3,11,26,3,136,41,4,14,8,3,0,8,23,8,110,70,13,28,8,3,5,27,30,0,180,63,4,25,3,8,10,14,25,5,152,43,0,3,0,3,4,7,3,3,75,16,0,3,0,0,0,0,0,0,16,3,0,0,0,0,0,0,0,0,3,281,35,114,47,14,24,79,135,18,746,0,0,0,9,3,10,0,3,0,30,0,11,0,14,5,7,0,8,0,51,23,30,7,19,26,11,0,5,3,126,21,26,4,23,25,7,0,14,6,122,22,38,6,33,37,3,0,11,0,151,43,24,7,17,27,8,3,15,4,148,15,0,0,3,12,3,0,3,0,40,5,0,0,0,0,0,0,0,0,13,0,0,0,0,0,0,0,0,0,3,129,129,32,124,133,55,7,55,20,673
LGA12350,6,0,40,7,0,21,3,60,6,150,10,13,68,10,4,19,20,76,3,224,58,38,110,20,3,37,27,96,4,394,94,45,102,23,10,25,54,67,18,440,133,53,97,22,20,37,92,87,13,556,150,42,89,18,20,28,66,107,9,529,84,15,31,7,7,11,22,19,8,209,36,3,6,3,0,3,0,4,0,49,3,0,0,0,0,0,0,0,3,10,579,211,550,107,71,176,288,518,60,2562,5,4,4,26,8,80,3,27,0,160,16,23,15,53,30,36,0,24,0,203,24,91,13,80,59,34,3,27,6,329,42,85,27,76,108,48,3,37,7,430,78,110,19,98,106,62,8,62,5,554,63,109,13,69,89,39,3,37,4,432,37,22,5,8,23,8,0,15,3,119,18,0,0,0,3,0,0,0,0,24,0,0,0,0,0,0,0,0,0,0,283,440,92,406,419,312,28,229,32,2248
LGA12380,14,43,437,120,69,406,80,406,73,1649,260,550,1329,429,385,739,465,1077,254,5496,1490,2978,3668,890,1284,1207,1643,2090,554,15807,1576,2561,2769,542,953,618,1515,1279,350,12165,1077,1156,2071,381,694,423,1411,1194,218,8620,606,741,1307,264,459,286,1093,899,141,5798,120,133,229,74,103,78,216,191,27,1167,3,11,8,3,10,10,17,12,11,87,3,0,0,0,0,0,8,0,3,14,5151,8180,11816,2704,3962,3764,6437,7145,1643,50803,17,84,41,271,169,846,18,89,48,1583,162,796,132,854,819,937,58,341,121,4219,810,3255,466,1721,2247,1040,179,696,280,10698,768,2068,350,1182,2009,581,174,495,175,7803,528,1223,321,1006,1809,529,252,934,156,6768,246,702,208,583,1122,348,196,705,91,4201,40,128,26,104,222,58,24,85,16,702,4,3,0,3,18,3,0,9,7,40,0,0,0,0,0,0,0,0,12,14,2576,8262,1560,5731,8408,4343,896,3360,900,36040
LGA12700,8,0,39,3,0,15,5,35,0,100,6,9,60,4,0,9,15,33,0,135,41,26,122,11,9,10,44,47,8,318,61,39,122,9,11,10,74,56,12,389,94,48,131,20,13,18,99,57,10,493,112,63,81,17,16,8,76,65,6,449,55,20,22,0,3,3,19,10,0,137,31,3,3,0,0,3,0,5,4,42,0,0,0,0,0,0,0,0,0,4,403,207,586,58,64,84,335,307,38,2072,0,0,10,28,3,44,0,12,0,100,8,7,12,31,14,23,0,16,0,110,27,66,17,57,61,34,5,14,3,285,26,68,35,67,91,32,9,29,4,366,59,83,34,70,135,40,6,45,8,488,45,89,17,43,94,22,0,38,3,358,28,18,0,3,28,3,3,9,3,96,7,0,0,0,0,0,0,0,4,13,0,0,0,0,0,0,0,0,0,3,203,344,115,303,427,202,25,159,22,1811
LGA12730,10,0,28,8,0,35,6,22,0,108,9,9,62,9,7,8,10,60,5,181,47,36,79,16,11,21,28,99,9,341,91,41,68,15,16,18,46,59,3,365,112,47,65,20,26,16,64,40,13,394,123,39,71,12,15,13,75,63,8,427,51,15,23,0,5,6,24,10,8,141,24,0,0,0,0,0,5,3,0,35,5,0,0,0,0,0,0,0,0,5,474,191,398,84,73,115,262,354,43,1995,4,0,5,27,7,52,0,19,0,114,5,20,8,39,17,30,3,17,0,139,28,75,16,52,58,18,3,48,4,295,47,87,15,58,94,36,0,32,6,370,57,79,23,79,100,43,5,42,0,422,56,75,12,52,81,27,3,38,3,353,18,16,0,11,29,11,0,9,0,99,6,0,0,3,0,0,0,0,3,17,0,0,0,0,0,0,0,0,0,0,216,356,81,328,379,218,17,191,32,1815
LGA12750,4,0,96,26,7,109,16,112,4,371,15,13,172,38,21,54,30,89,4,451,106,80,340,81,37,67,80,142,15,951,187,127,327,89,34,75,139,138,25,1142,248,189,384,120,60,114,153,207,28,1513,277,221,335,102,88,111,162,200,27,1533,88,93,66,21,27,40,65,45,9,455,16,11,3,0,3,3,4,5,6,56,0,0,3,0,0,0,0,0,4,16,964,742,1723,484,276,568,655,947,125,6492,3,5,24,124,33,206,0,43,7,447,15,24,34,101,66,85,9,27,8,361,66,188,57,195,146,108,3,46,11,822,134,274,76,209,279,148,6,80,13,1225,166,358,108,296,390,195,4,151,12,1679,198,396,71,274,340,166,19,125,30,1614,41,65,4,36,74,42,3,30,4,301,3,8,0,0,7,5,0,3,7,34,0,0,0,0,0,0,0,0,3,0,622,1321,368,1236,1327,947,47,513,96,6481
LGA12850,39,44,367,131,61,295,102,399,53,1482,185,570,1093,417,462,515,508,742,155,4652,778,1632,2084,499,861,563,1411,1224,326,9377,834,947,1946,353,586,439,1511,1195,267,8083,883,637,2125,325,481,397,2120,1647,258,8872,608,491,1447,207,398,286,1550,1273,152,6416,138,122,282,43,85,80,250,211,34,1244,16,11,15,4,10,8,6,9,6,90,0,0,4,0,0,0,0,0,3,10,3473,4447,9362,1983,2939,2586,7471,6703,1257,40212,23,79,42,285,169,819,10,135,62,1625,178,842,136,940,875,975,82,221,115,4369,580,2111,304,1223,1789,749,157,488,223,7632,541,1076,298,1104,1593,590,281,817,165,6472,470,763,379,1005,1495,677,435,1218,149,6592,269,506,223,612,1025,417,268,924,89,4334,49,99,22,66,181,43,20,103,19,610,5,9,0,3,9,4,0,3,12,42,0,0,0,0,0,0,0,0,0,6,2116,5473,1404,5252,7141,4276,1271,3914,838,31681
LGA12870,6,3,67,11,7,34,8,44,0,170,15,5,80,7,0,14,22,62,0,205,82,22,128,4,8,14,51,90,3,404,125,36,116,13,12,8,75,90,11,488,143,33,113,20,15,20,94,126,18,581,145,43,79,18,29,32,111,107,6,571,68,21,30,7,6,17,23,24,4,206,17,6,3,0,0,3,3,4,3,38,4,0,0,0,0,0,0,0,0,7,597,166,612,91,73,144,377,552,52,2664,4,0,10,36,5,56,0,27,0,138,4,22,10,62,16,32,5,15,4,177,27,77,29,59,64,26,3,49,3,342,54,80,23,75,91,46,9,57,3,443,68,100,24,99,118,67,11,81,9,580,63,93,17,65,102,58,6,79,0,490,35,16,4,12,20,7,0,9,6,119,12,0,0,0,0,0,0,0,0,13,3,0,0,0,0,0,0,0,0,3,272,393,126,411,423,296,37,315,28,2300
LGA12900,3,0,36,3,0,30,0,54,0,137,10,10,85,10,0,19,20,43,8,202,61,39,91,15,7,28,56,68,10,370,97,45,91,12,8,18,58,60,7,389,123,31,77,20,14,22,71,55,14,433,129,30,78,16,18,27,64,52,0,403,62,11,5,3,5,8,22,24,5,149,24,0,4,0,0,3,3,3,3,40,5,0,0,0,0,0,0,0,3,10,515,164,465,79,57,155,296,359,48,2136,0,3,3,31,3,49,0,12,0,97,7,26,11,31,10,25,0,9,4,131,26,122,13,70,60,30,4,26,5,357,45,94,14,58,75,37,3,22,3,349,56,92,22,66,100,46,3,39,12,436,62,62,14,46,69,24,9,35,8,325,29,8,0,5,18,0,0,7,5,80,15,0,0,3,0,3,0,0,5,23,4,0,0,0,0,0,0,0,4,9,239,398,78,306,344,218,22,151,38,1809
LGA12930,22,94,187,177,57,303,49,319,26,1252,170,523,749,420,350,511,216,607,88,3635,1122,2544,1761,648,878,815,548,990,246,9547,1468,2116,1409,397,718,491,641,547,156,7939,1550,1614,1476,340,621,440,850,631,147,7678,868,1084,1011,239,420,284,686,516,114,5217,206,353,210,74,136,100,146,136,33,1386,32,48,24,3,9,15,11,14,9,166,6,3,0,0,0,4,0,0,0,12,5443,8386,6836,2299,3195,2960,3135,3764,819,36834,16,89,35,363,135,704,10,99,20,1458,133,660,123,699,543,802,23,197,67,3248,732,3007,297,1257,1660,868,72,428,148,8465,823,2367,243,757,1747,615,72,298,101,7035,808,1793,283,863,1927,650,118,470,135,7056,394,1132,177,498,1299,373,106,411,62,4450,73,211,26,108,309,65,11,72,25,901,6,16,3,7,25,8,0,8,3,74,0,3,3,0,5,0,0,3,0,14,2987,9284,1188,4549,7647,4091,413,1976,562,32704
LGA12950,3,0,5,0,0,6,5,15,0,42,18,5,23,3,0,5,11,22,0,81,39,9,34,14,0,5,18,24,4,147,52,7,34,5,0,8,24,14,3,158,71,13,30,7,4,8,40,36,3,209,78,5,25,10,12,5,26,30,3,203,45,0,5,4,3,0,3,16,3,87,25,0,3,0,0,0,0,0,0,33,3,0,3,0,0,0,0,0,0,9,332,50,168,42,24,50,118,163,13,955,0,0,0,9,3,10,0,11,3,35,0,17,6,20,3,6,3,4,0,56,12,51,12,35,11,15,0,9,0,131,22,38,8,35,21,10,0,13,0,150,40,38,5,41,41,12,4,18,3,193,44,28,10,32,27,10,5,23,0,187,28,4,0,7,7,3,0,6,0,57,10,0,0,0,0,0,0,0,0,10,3,0,0,0,0,0,0,0,0,6,159,173,37,172,118,73,11,79,7,830
LGA13010,7,0,21,8,0,18,3,31,0,98,13,3,43,7,4,6,11,34,3,118,37,24,71,12,4,12,33,51,5,251,78,20,49,31,9,13,34,50,10,287,102,28,60,13,18,4,46,56,9,336,108,31,67,28,14,23,47,50,10,375,88,10,16,4,4,8,17,10,3,158,31,7,3,0,0,0,0,3,3,45,0,0,0,0,0,0,0,0,0,7,469,122,325,99,53,91,190,279,41,1673,0,0,0,23,6,44,0,14,0,94,8,12,6,36,22,17,0,9,3,114,13,43,12,48,37,32,0,21,3,211,27,80,12,59,61,21,9,24,5,294,58,75,17,51,94,39,0,33,5,373,54,65,13,50,62,30,9,33,3,318,45,15,5,11,9,6,0,20,3,117,13,3,0,3,3,0,0,0,3,28,0,0,0,0,0,0,0,0,0,0,216,291,63,290,289,193,14,157,27,1552
LGA13310,5,7,105,28,9,98,19,118,10,401,33,28,237,51,18,62,50,134,11,622,155,104,399,108,42,78,161,175,26,1252,202,120,271,176,65,74,223,166,18,1316,213,158,317,186,77,79,245,185,21,1482,210,159,181,127,78,64,215,151,30,1214,86,51,47,16,16,31,63,36,9,354,30,6,3,0,4,0,3,8,0,59,5,0,3,0,0,0,0,0,0,7,935,640,1558,700,310,492,984,968,126,6708,3,6,11,96,34,193,3,40,0,395,25,46,39,153,70,99,4,41,8,486,92,262,79,279,248,141,15,78,18,1197,122,266,64,243,267,123,24,85,15,1204,152,276,59,268,340,122,34,154,21,1421,90,286,22,181,217,79,28,106,19,1037,38,53,9,29,59,13,3,19,9,230,10,7,0,4,0,0,0,4,5,25,3,3,0,0,0,0,0,0,0,3,540,1205,282,1248,1238,772,106,536,82,6013
LGA13340,12,0,52,11,0,22,5,49,0,147,18,4,62,7,3,9,11,42,4,163,63,33,115,18,14,11,43,41,0,334,137,50,86,12,19,19,64,44,3,428,160,52,104,23,25,22,94,85,11,571,183,54,91,17,22,15,79,61,11,532,118,12,10,3,5,7,23,23,11,217,42,0,0,0,0,0,0,0,0,49,12,0,0,0,0,0,0,0,0,16,746,200,533,87,81,108,317,340,45,2460,0,3,6,30,3,51,0,32,6,135,4,15,15,41,16,8,0,17,0,117,19,79,26,49,63,38,3,29,0,308,49,106,19,53,87,42,4,34,7,403,104,102,32,89,131,42,8,50,6,568,95,94,11,76,109,29,5,37,6,467,52,21,0,14,25,13,3,14,0,126,17,0,0,0,0,3,0,0,0,28,0,0,0,0,0,0,0,0,0,4,343,413,109,356,435,227,31,208,30,2154
LGA13450,16,3,111,19,6,119,17,110,6,414,43,29,188,20,6,40,42,191,8,576,190,148,342,57,41,74,131,350,27,1363,287,133,249,37,37,60,157,231,22,1213,323,130,238,39,44,63,179,232,22,1282,287,93,173,27,49,58,168,157,18,1033,129,26,43,3,7,21,62,47,8,347,36,0,3,0,3,0,3,5,0,56,5,0,3,0,0,0,0,0,0,13,1317,567,1352,212,202,436,756,1330,133,6302,3,5,16,72,29,209,3,38,9,390,28,59,39,92,68,96,0,75,3,472,74,275,82,195,210,126,3,204,11,1178,101,255,44,141,247,113,12,129,12,1052,127,216,41,186,326,136,19,155,14,1226,90,145,31,114,224,99,6,125,15,858,52,26,3,16,58,17,3,30,14,210,9,0,0,0,5,0,0,9,5,27,3,0,0,0,0,0,0,0,0,3,493,976,257,822,1171,803,46,770,78,5419
LGA13510,4,0,34,8,0,19,7,48,3,129,15,7,63,9,8,8,12,62,8,189,54,22,79,23,12,21,50,92,7,350,75,46,99,23,16,20,43,100,9,424,123,42,98,21,13,16,92,110,9,529,116,37,68,14,25,25,78,101,8,477,68,14,20,5,11,11,19,20,0,166,31,0,0,0,0,0,6,9,4,53,0,0,0,0,0,0,0,0,0,3,490,172,462,100,76,123,303,539,56,2318,4,0,4,40,5,56,0,32,3,143,5,23,8,43,18,17,3,26,3,148,27,89,22,56,54,26,0,41,5,318,43,97,23,76,89,51,0,41,3,429,66,80,24,79,102,58,0,71,0,492,55,81,28,75,85,36,3,50,6,411,35,12,9,8,19,3,0,8,6,100,10,0,0,0,0,0,0,4,0,20,0,0,0,0,0,0,0,0,0,3,238,388,121,372,375,249,8,276,27,2059
LGA13550,3,0,49,5,0,45,12,64,3,181,18,15,90,3,3,14,39,59,0,241,61,59,163,9,10,24,186,92,15,622,120,43,111,21,11,25,143,65,11,557,139,47,104,14,13,24,157,70,13,590,174,55,77,12,24,22,123,69,13,562,77,10,13,3,4,9,28,18,7,163,29,0,3,0,0,0,0,3,5,42,3,0,0,0,0,0,0,0,0,4,615,235,612,70,60,153,693,446,61,2949,3,5,7,30,9,66,3,23,0,144,9,30,18,49,35,38,14,11,3,204,38,133,26,89,99,45,30,30,4,504,61,112,24,87,103,27,13,39,11,475,59,96,17,106,114,53,17,70,5,539,80,90,20,55,91,31,10,52,5,435,26,14,4,13,17,4,6,9,3,103,14,0,0,0,0,0,0,0,4,18,3,0,0,0,0,0,0,0,0,8,287,486,114,433,478,271,83,239,38,2428
LGA13660,7,3,13,0,0,3,4,17,3,50,4,0,22,0,0,0,18,30,0,82,47,6,37,4,3,8,26,34,0,163,71,15,27,5,0,7,18,40,7,194,130,20,17,6,10,11,33,31,5,266,95,16,17,3,8,3,48,34,3,229,76,0,9,0,4,0,10,13,4,119,25,0,0,0,0,0,3,0,0,35,3,0,0,0,0,0,0,0,0,4,456,53,148,22,22,32,161,211,24,1129,3,0,3,8,4,8,0,9,0,34,3,11,3,10,11,10,0,12,0,60,12,31,11,33,24,11,0,14,0,136,32,41,3,29,32,9,0,19,5,180,62,49,6,29,56,17,6,25,3,255,52,40,6,26,33,9,3,17,0,185,50,10,0,6,3,0,0,3,0,78,11,0,0,0,3,0,0,5,0,20,0,0,0,0,0,0,0,0,0,3,232,182,32,143,163,77,10,102,15,947
LGA13800,18,19,471,71,21,126,64,308,12,1114,100,105,719,129,70,138,180,298,40,1772,351,331,1263,179,131,175,462,392,69,3346,628,364,968,176,168,162,533,337,76,3404,811,401,1029,184,197,186,643,364,87,3901,541,383,651,112,150,144,439,265,46,2735,165,130,134,34,51,54,125,82,15,782,37,19,10,5,5,7,11,12,3,107,0,0,0,0,0,0,0,0,0,3,2653,1744,5236,893,791,997,2448,2066,342,17178,13,40,49,264,105,414,10,116,14,1023,84,218,113,430,314,308,17,98,30,1612,271,700,203,469,759,267,40,138,46,2890,380,695,166,374,926,281,52,177,49,3096,425,769,153,475,1125,318,70,290,40,3662,253,522,72,310,701,197,52,178,28,2323,56,86,15,47,158,49,11,44,14,489,11,13,3,3,13,0,0,4,8,56,0,0,3,0,0,0,0,0,0,4,1496,3035,781,2366,4100,1832,248,1058,227,15154
LGA13850,0,0,20,0,0,3,4,16,0,42,3,0,28,0,0,3,10,15,0,64,25,7,22,10,0,8,19,22,3,104,23,9,16,3,4,6,19,16,3,100,48,9,30,7,6,7,38,30,8,173,44,7,26,3,4,7,33,23,8,155,24,4,6,0,0,3,10,7,0,56,5,0,0,0,0,0,0,0,0,11,0,0,0,0,0,0,0,0,0,0,170,41,146,24,14,35,133,125,18,714,0,0,3,20,0,9,0,9,0,39,0,3,3,8,10,11,0,11,0,42,3,19,7,11,17,13,0,10,0,80,16,18,3,17,30,8,0,13,0,101,23,24,7,21,30,11,8,25,3,155,15,11,8,20,26,18,5,19,3,123,8,0,3,0,8,0,3,3,0,27,3,0,0,0,3,3,0,0,0,7,0,0,0,0,0,0,0,0,0,0,75,82,33,95,117,72,11,85,7,578
LGA13910,10,3,68,9,8,37,4,82,3,222,27,8,121,16,3,21,21,91,3,313,104,44,195,27,20,35,58,159,12,647,208,66,175,32,26,42,86,145,5,781,246,56,170,23,36,35,138,164,12,884,245,52,118,28,34,54,111,131,17,781,153,16,30,6,15,14,34,46,4,317,43,3,3,0,0,3,8,6,3,73,7,0,0,0,0,0,0,0,0,13,1037,253,882,131,144,245,460,813,65,4027,0,3,9,45,22,102,0,35,7,227,12,36,31,60,32,58,3,43,6,285,43,143,34,102,79,63,6,48,6,533,114,150,35,109,133,75,5,67,6,699,133,165,39,142,210,88,15,91,14,886,123,124,21,104,138,60,8,67,3,661,76,27,5,18,38,9,4,22,3,200,16,0,0,0,0,0,0,4,9,41,3,0,0,0,3,0,0,0,0,3,524,651,176,581,666,461,38,388,44,3533
LGA14000,31,90,309,231,62,411,57,460,28,1677,179,586,660,474,293,475,125,352,54,3196,798,2230,1082,379,502,470,233,385,116,6192,2089,3446,1238,324,581,389,268,340,153,8825,2442,2869,1264,284,607,376,397,458,129,8812,1458,1952,875,218,526,286,353,406,84,6150,358,607,247,73,149,93,110,124,30,1793,44,76,26,13,18,22,13,25,14,246,4,10,3,0,0,3,3,3,0,27,7395,11854,5698,1994,2750,2515,1557,2555,599,36924,16,121,43,548,159,810,10,153,31,1883,142,730,115,754,525,657,15,96,33,3060,556,2465,212,643,995,436,23,132,90,5546,1065,3393,312,789,1670,453,43,168,92,7991,1126,3042,311,840,2251,514,60,303,95,8548,604,1845,176,552,1528,353,40,271,51,5425,101,400,42,118,451,94,10,64,17,1303,9,27,4,12,34,5,0,6,11,108,3,3,0,0,3,0,0,0,3,11,3625,12023,1224,4254,7612,3318,196,1194,428,33872
LGA14100,3,11,14,44,11,28,4,14,8,139,20,36,25,66,22,48,3,14,6,248,92,172,51,28,43,42,8,16,11,454,236,250,62,19,44,43,12,11,6,680,289,308,64,16,45,48,14,16,8,802,195,199,44,17,42,31,13,9,13,555,76,125,16,3,19,25,16,11,7,301,19,16,3,0,8,0,0,6,3,52,3,7,0,0,0,0,0,0,0,14,930,1115,278,193,234,258,72,103,63,3242,0,4,3,46,8,52,0,4,3,122,17,56,12,63,50,46,0,7,3,238,75,213,12,41,71,33,0,5,3,449,168,273,10,36,140,36,0,8,13,680,164,288,22,56,169,61,3,9,4,767,71,219,10,42,131,30,0,10,5,517,25,53,4,14,56,17,5,4,7,182,6,8,0,0,7,0,0,0,5,27,0,0,0,0,0,0,0,0,0,3,520,1113,70,284,633,274,3,51,45,2995
LGA14170,25,65,136,218,56,237,26,244,27,1035,201,876,624,679,419,556,160,464,94,4078,2012,5376,2269,1060,1215,961,428,912,273,14514,2982,5055,1487,571,1000,626,442,560,236,12967,2295,3387,1202,365,796,480,556,532,172,9776,1039,1977,770,234,425,267,487,420,92,5713,235,618,166,71,111,69,112,148,27,1546,24,50,16,0,12,14,14,22,19,171,3,3,4,0,0,0,0,0,4,20,8819,17411,6684,3199,4044,3216,2211,3294,937,49811,12,59,37,351,99,490,4,77,15,1142,246,1153,184,1075,784,873,22,169,62,4559,1941,6533,589,1618,2375,1083,60,445,202,14839,2516,5532,416,899,2008,657,50,228,160,12466,1850,3872,314,724,1919,511,49,281,143,9664,815,2271,189,458,1226,332,65,283,58,5697,114,537,38,100,309,77,9,84,13,1279,10,39,3,8,17,9,0,5,6,102,0,3,0,0,0,3,0,0,3,15,7504,19990,1763,5251,8732,4029,259,1568,666,49760
LGA14200,0,4,55,14,0,41,13,69,6,207,30,16,94,25,6,30,13,89,7,308,82,52,177,24,14,42,40,162,11,605,125,70,121,37,18,33,64,132,12,613,155,67,136,46,24,60,92,136,14,720,160,59,112,29,27,36,87,109,6,616,78,20,36,3,8,11,33,18,8,210,41,3,0,0,3,3,0,3,7,61,6,0,0,0,0,0,0,0,5,14,672,291,722,175,96,246,357,721,72,3353,3,4,9,35,15,92,4,26,3,197,12,41,17,62,31,45,0,34,3,242,52,116,32,91,76,68,4,59,10,503,65,143,28,114,122,55,3,62,4,598,90,152,36,134,139,85,5,72,17,730,88,119,16,108,100,58,3,52,14,562,43,20,7,21,30,8,0,18,11,157,20,0,0,0,3,0,0,0,10,37,0,0,0,3,0,0,0,0,0,12,372,606,142,569,514,412,23,329,72,3039
LGA14300,0,0,24,7,0,9,0,24,0,72,9,0,31,3,0,6,10,34,0,99,29,17,51,23,0,13,25,75,4,238,53,15,27,15,3,7,37,42,7,214,77,16,40,32,13,11,45,34,3,269,60,25,31,11,18,13,58,28,3,244,40,5,11,3,0,3,17,6,0,85,9,0,0,0,0,0,0,0,0,12,4,0,0,0,0,0,0,0,0,5,287,76,215,96,43,58,191,253,16,1240,0,0,4,14,3,18,0,8,0,51,5,3,7,21,9,15,0,16,0,88,14,47,14,29,35,22,4,44,0,210,22,55,11,36,50,20,0,21,3,205,29,44,11,50,59,12,8,31,3,247,38,31,6,38,46,11,0,34,3,212,25,6,3,6,6,3,0,4,0,55,9,0,0,0,0,0,0,0,0,6,0,0,0,0,0,0,0,0,4,6,141,194,57,192,210,104,15,155,14,1076
LGA14350,6,4,52,17,7,75,6,122,10,292,22,16,122,27,6,37,36,105,4,379,61,59,225,71,23,45,95,156,18,754,135,89,195,83,33,57,117,165,24,890,161,91,246,116,39,48,165,188,27,1076,161,127,209,84,49,55,151,158,30,1021,104,44,42,16,21,18,37,37,13,338,24,0,0,0,0,3,3,3,6,46,5,0,0,0,0,0,0,0,3,8,673,423,1089,414,169,338,618,936,135,4806,3,5,7,70,11,147,0,37,9,300,9,27,28,98,40,73,3,30,3,306,43,176,32,132,120,88,5,61,18,668,97,190,37,189,185,94,10,81,7,891,121,258,56,230,269,115,12,114,21,1197,96,246,40,230,193,104,11,103,7,1039,42,41,8,29,59,17,3,11,7,222,13,0,0,0,0,0,0,0,5,27,3,0,0,0,3,0,0,0,0,4,420,954,217,970,884,638,52,440,87,4660
LGA14400,3,3,89,44,6,46,16,77,3,285,18,39,176,59,17,36,28,52,8,431,93,176,240,66,30,22,75,61,17,782,198,224,242,77,28,36,88,62,16,974,270,234,261,79,38,58,104,70,21,1139,225,269,198,49,61,45,104,79,18,1039,64,61,37,14,10,14,27,20,7,248,12,21,0,0,3,3,3,0,3,45,3,0,0,0,0,0,0,0,0,3,884,1020,1234,391,189,269,442,431,86,4953,3,3,10,109,18,97,0,25,0,268,18,65,29,117,46,66,5,23,3,372,59,292,38,106,112,67,3,19,13,702,102,336,36,148,202,59,8,35,13,926,133,370,45,158,291,76,9,36,13,1136,122,312,26,104,246,77,3,55,14,949,36,38,7,14,48,12,0,7,3,161,0,0,0,0,3,0,0,0,0,13,0,0,0,0,0,0,0,0,0,0,472,1410,183,757,964,459,25,207,58,4534
LGA14500,14,124,99,285,74,290,50,258,15,1216,128,543,271,409,251,361,92,165,58,2283,648,1607,420,221,343,339,71,132,81,3860,1937,2661,457,123,400,285,77,133,123,6191,2792,3002,467,146,428,353,127,139,140,7593,1515,2121,334,101,299,232,110,153,98,4957,487,877,103,36,128,118,47,68,32,1889,80,183,23,3,37,28,3,20,20,393,14,25,3,0,7,0,0,0,6,55,7613,11143,2171,1318,1961,2019,568,1067,575,28441,11,124,26,510,154,617,3,89,7,1548,141,603,76,611,441,491,10,57,22,2448,472,1919,114,302,676,275,8,44,73,3881,1205,2705,145,319,1006,306,14,51,96,5845,1340,2914,147,512,1552,442,19,106,97,7132,636,1658,97,301,1048,237,15,74,61,4121,139,485,25,88,419,89,3,29,21,1306,20,45,4,9,60,18,0,11,13,179,3,7,0,0,3,3,0,0,3,18,3969,10449,635,2646,5369,2482,64,464,398,26485
LGA14550,3,0,20,3,0,18,11,19,4,78,8,4,40,3,0,3,11,30,0,112,21,11,48,9,4,12,29,58,0,202,54,26,57,14,5,8,41,69,4,281,99,35,62,19,12,21,78,74,8,411,146,50,63,29,20,19,52,84,10,461,73,14,14,7,6,4,19,20,0,150,35,0,0,0,0,0,0,3,4,43,10,0,0,0,0,0,0,0,0,10,445,146,310,78,50,89,233,359,33,1742,3,0,0,15,5,41,0,15,3,78,5,7,9,18,13,8,0,11,0,72,10,46,5,37,33,15,0,16,0,177,31,56,11,46,41,14,3,29,7,243,57,86,20,62,78,31,13,45,6,407,57,98,11,78,91,30,6,25,9,401,36,10,3,8,18,3,0,9,5,89,14,0,0,0,0,0,0,0,3,16,0,0,0,0,0,0,0,0,0,4,213,310,67,261,275,147,19,154,31,1491
LGA14600,5,3,13,0,0,9,0,16,3,41,14,3,36,6,4,8,21,34,3,115,67,14,78,15,4,17,36,30,3,262,93,13,44,8,4,8,28,23,3,240,90,12,41,5,7,4,43,35,0,245,121,15,41,7,4,7,42,36,3,282,62,7,8,0,3,6,17,11,0,114,30,6,0,0,0,3,6,0,3,42,3,0,0,0,0,0,0,0,0,8,483,77,258,45,34,67,185,183,21,1347,0,0,0,15,4,16,0,6,0,48,3,22,7,29,17,14,0,8,0,99,13,67,7,51,41,22,0,13,3,231,43,49,9,36,40,17,5,17,3,209,47,44,10,40,47,17,8,20,6,237,48,37,13,31,41,19,11,23,0,214,21,11,0,8,12,3,3,9,3,68,16,0,0,0,0,0,0,3,0,15,0,0,0,3,0,0,0,0,0,0,197,229,47,205,199,104,28,97,17,1119
LGA14650,31,53,675,214,39,621,115,823,34,2599,138,238,1463,371,142,497,280,777,65,3968,755,1416,2842,593,407,517,958,1077,143,8713,1444,1760,2437,563,522,421,1112,927,164,9349,1581,1641,2456,551,601,479,1436,1038,182,9978,1140,1349,1603,355,499,353,1185,760,120,7353,258,410,228,70,109,139,199,154,37,1605,30,54,21,5,12,14,14,15,19,181,5,3,0,3,0,0,3,0,4,21,5380,6922,11735,2732,2326,3046,5298,5563,766,43772,38,86,117,693,176,1330,33,317,22,2813,156,481,264,1066,580,860,31,228,43,3715,613,2560,447,1309,1780,797,77,366,91,8038,792,2745,437,1307,2241,806,99,516,114,9050,838,2271,431,1600,2756,959,121,718,105,9800,536,1779,243,977,1897,659,99,578,69,6842,85,252,27,120,375,124,14,92,30,1129,3,19,4,6,26,10,0,4,11,94,0,0,0,0,3,0,0,0,0,12,3074,10196,1969,7077,9839,5549,467,2833,485,41490
LGA14700,7,23,18,60,12,75,6,46,7,247,43,163,90,147,67,117,18,64,15,722,448,1138,319,134,214,206,56,90,45,2656,635,1119,213,72,185,109,44,51,50,2496,577,806,167,40,109,98,50,45,37,1918,351,554,94,23,72,81,61,42,17,1287,116,209,30,16,38,27,15,27,8,495,12,34,3,4,8,4,3,3,3,69,3,5,0,0,0,0,0,0,0,11,2193,4057,922,491,712,717,262,376,176,9905,3,11,5,88,21,115,0,17,6,273,50,200,32,179,153,127,3,21,7,768,323,1279,76,223,376,174,3,40,41,2541,486,1070,62,147,375,87,0,27,28,2279,345,789,43,145,375,104,9,30,29,1862,184,513,28,94,303,77,3,15,9,1239,44,136,12,21,120,36,0,4,9,376,5,13,0,3,16,5,0,0,0,47,0,0,0,0,0,0,0,0,0,0,1441,4020,260,894,1740,720,19,151,133,9389
LGA14750,3,0,48,4,0,25,14,55,3,159,8,7,73,10,3,6,28,80,8,219,65,43,132,8,9,12,59,133,13,467,90,65,112,17,13,10,82,88,6,483,145,51,107,19,26,20,106,103,13,594,127,49,66,12,18,22,88,86,16,487,49,9,11,3,3,6,17,25,5,132,18,0,3,0,0,0,3,3,0,33,0,0,0,0,0,0,0,0,0,3,511,221,549,78,79,100,395,573,64,2578,3,0,3,22,6,62,0,23,5,134,6,28,9,44,27,26,6,19,7,181,33,102,20,47,63,37,9,64,0,376,50,91,16,65,79,39,10,66,6,416,58,97,28,62,135,48,9,77,11,518,42,71,9,62,96,43,10,65,6,408,18,17,0,6,21,10,0,4,3,81,9,0,0,0,0,0,0,0,0,13,0,0,0,0,0,0,0,0,0,0,219,405,95,304,431,254,43,330,34,2131
LGA14850,21,9,94,31,9,143,18,166,7,504,42,28,211,63,23,95,65,192,18,730,139,212,408,124,66,135,145,224,20,1481,262,331,426,117,93,94,178,219,29,1743,336,358,389,154,127,129,233,298,40,2069,314,354,359,135,105,117,210,255,20,1866,151,95,68,27,27,35,68,58,12,546,53,12,3,0,5,4,3,7,5,92,6,0,0,0,0,0,0,0,0,13,1323,1406,1955,656,459,765,916,1414,142,9043,9,10,26,91,38,315,4,112,5,608,31,77,44,203,112,161,6,73,10,718,105,387,75,286,245,183,12,104,21,1411,166,587,76,343,366,164,14,111,15,1841,200,575,110,387,555,190,16,205,28,2249,192,517,75,276,434,131,30,187,12,1861,72,85,5,48,97,22,8,32,12,396,10,4,0,3,8,3,0,3,7,43,3,0,0,0,0,0,0,0,3,6,788,2246,408,1633,1852,1167,83,838,104,9126
LGA14870,0,0,75,15,6,37,10,84,7,232,10,11,152,25,10,35,32,77,5,367,57,62,254,56,26,38,159,90,11,752,67,56,206,60,35,25,217,85,10,750,121,77,253,63,36,18,268,91,25,952,121,96,178,50,46,22,199,97,19,821,39,19,34,21,7,17,29,21,7,197,22,5,6,0,0,0,3,5,3,31,0,0,0,0,0,0,0,0,3,7,438,318,1156,281,162,182,924,553,90,4108,0,5,16,61,16,78,0,34,0,220,10,35,22,73,55,43,7,28,3,282,42,104,55,127,161,88,10,41,16,634,61,147,45,139,190,88,6,68,11,741,77,171,38,168,234,102,13,97,8,914,71,135,33,123,175,54,19,100,4,721,23,30,5,25,32,11,0,13,0,157,9,3,0,0,0,0,0,0,4,20,3,0,0,0,0,0,0,0,0,7,295,637,203,721,872,475,51,389,50,3692
LGA14900,39,50,554,166,82,407,115,632,48,2102,217,458,1219,440,380,547,516,702,148,4628,1094,1858,2503,744,939,633,1554,1101,288,10716,1653,1704,2518,577,892,553,1776,1097,272,11025,1475,1117,2332,488,730,465,2047,1172,260,10074,811,663,1330,229,463,278,1353,886,150,6165,182,146,257,50,101,51,250,185,41,1268,24,15,8,7,9,8,11,14,6,108,0,3,3,0,0,0,0,0,0,8,5494,6020,10727,2693,3596,2948,7630,5783,1211,46103,29,78,73,401,248,996,22,165,49,2068,220,842,175,896,884,969,95,218,112,4402,753,2794,354,1235,2276,812,177,325,222,8957,819,2254,335,1228,2573,795,251,547,189,8994,687,1378,353,1198,2359,763,360,935,162,8201,312,738,178,617,1305,366,195,642,83,4426,57,120,17,100,215,62,25,90,22,711,5,3,0,3,12,7,0,4,8,45,0,0,0,3,0,0,0,0,0,5,2880,8210,1485,5684,9871,4770,1128,2924,853,37806
LGA14920,3,0,19,3,0,9,3,20,0,52,3,3,34,9,3,9,17,29,3,108,50,23,55,9,0,7,62,66,7,287,74,28,43,17,0,14,74,43,4,303,92,10,52,12,9,11,101,65,8,354,120,20,51,14,12,14,76,51,5,359,66,10,8,3,3,3,19,20,8,144,21,0,0,0,0,0,3,3,0,31,3,0,0,0,0,0,0,0,0,6,430,96,270,70,26,76,353,296,38,1644,3,0,4,14,0,25,0,14,3,63,0,17,11,25,5,12,3,16,0,86,21,48,15,46,42,26,5,18,3,222,23,56,12,49,49,22,5,24,3,256,58,58,17,60,81,22,6,44,4,347,60,59,15,50,50,20,0,42,3,301,27,13,3,8,23,6,0,10,4,91,3,0,0,0,3,0,0,0,0,13,4,0,0,0,0,0,0,0,0,4,201,252,75,253,255,138,23,162,25,1369
LGA14950,0,0,18,0,0,3,6,3,0,31,9,0,8,3,0,3,7,5,3,43,27,6,22,12,0,0,11,14,0,91,48,0,22,7,5,4,13,16,4,119,75,6,26,6,9,3,31,19,5,173,65,10,22,0,10,3,24,9,5,154,48,5,5,0,0,0,7,4,0,69,13,0,0,0,0,0,0,0,0,18,0,0,0,0,0,0,0,0,0,0,289,36,123,32,24,15,99,74,22,701,0,3,0,3,0,12,0,0,0,20,3,9,0,10,3,5,0,3,0,34,9,23,7,11,12,5,0,8,0,83,23,35,4,21,22,9,0,8,0,114,26,29,9,27,43,6,8,13,0,157,21,26,4,27,25,6,3,16,8,137,25,9,0,0,3,3,0,7,0,48,4,0,0,0,0,0,0,0,0,5,0,0,0,0,0,0,0,0,0,3,106,131,23,94,111,52,16,56,7,592
LGA15050,22,14,280,83,13,214,46,364,16,1050,71,90,645,130,47,211,171,303,18,1678,337,488,1497,240,153,217,680,514,71,4190,554,568,1165,201,177,174,770,406,83,4103,595,481,905,190,203,161,778,363,76,3750,389,424,536,119,162,138,572,303,41,2693,93,101,81,26,39,44,90,60,19,559,22,8,12,0,3,3,4,9,4,59,4,0,0,0,0,0,0,0,7,14,2073,2163,5129,990,797,1169,3112,2332,332,18085,9,24,37,253,93,545,6,152,12,1134,89,206,110,452,299,372,28,125,23,1705,283,963,258,663,805,440,76,198,35,3726,309,959,198,552,912,365,55,244,44,3629,320,805,171,586,1002,400,77,363,37,3759,173,566,77,338,569,218,38,238,22,2230,40,73,12,41,108,35,6,36,12,370,10,8,0,0,5,0,3,3,7,35,6,0,0,0,0,0,0,0,4,12,1239,3604,860,2886,3795,2383,299,1367,183,16610
LGA15240,15,4,200,47,9,257,36,304,20,889,70,47,375,76,19,116,89,266,23,1069,229,267,648,151,59,177,238,425,38,2236,414,311,715,176,99,187,326,397,42,2669,577,397,840,242,151,227,544,580,71,3631,616,501,731,207,160,219,500,510,60,3507,300,174,128,44,64,68,123,134,30,1058,82,24,15,4,4,6,8,17,18,169,10,0,0,0,0,0,0,3,6,30,2301,1721,3654,942,564,1265,1860,2644,304,15261,13,16,22,217,43,469,3,103,17,904,47,122,80,293,108,227,5,88,19,998,175,493,120,426,346,304,13,132,19,2031,248,635,170,550,542,355,15,231,32,2780,371,805,196,760,785,459,34,392,33,3837,327,859,134,526,706,358,39,337,34,3317,144,164,18,94,202,74,7,75,30,796,20,13,3,3,17,3,0,14,13,94,5,0,0,0,0,3,0,0,7,11,1355,3111,738,2862,2753,2251,121,1363,216,14773
LGA15270,7,3,84,7,0,63,5,75,4,257,18,11,185,15,11,35,43,70,3,395,99,97,369,34,15,39,249,124,14,1046,137,98,285,35,34,29,283,106,14,1028,209,87,262,49,31,52,338,155,27,1204,211,80,165,36,39,53,184,122,11,905,141,37,41,8,6,13,36,42,7,340,47,4,4,0,0,0,4,7,0,78,8,0,0,0,0,0,0,3,0,12,881,423,1400,187,145,286,1140,708,85,5255,0,3,19,69,13,118,0,32,6,257,13,32,35,77,35,75,3,35,0,309,66,190,54,159,131,100,18,55,9,771,104,220,48,166,185,96,15,84,15,937,127,226,61,166,260,124,21,146,4,1133,117,158,32,116,174,65,12,85,4,775,68,28,20,17,30,17,7,17,6,208,23,0,0,0,7,3,0,3,6,42,0,0,0,0,0,0,0,0,0,7,531,853,270,765,837,594,78,456,53,4438
LGA15300,4,6,34,4,3,29,14,37,9,139,28,9,80,15,3,24,38,57,8,256,101,67,149,31,5,33,66,80,9,540,175,62,104,25,13,28,85,76,12,571,169,45,106,29,30,31,129,104,16,660,177,38,76,8,17,25,97,88,13,540,91,13,20,8,13,6,38,26,6,219,34,6,4,0,0,0,6,0,0,54,0,0,0,0,0,0,0,0,0,0,778,245,572,123,86,171,472,470,63,2981,4,7,5,27,10,44,0,20,5,116,9,30,9,48,36,33,7,17,4,190,50,169,18,90,112,37,7,30,0,516,76,120,20,86,129,44,8,40,4,539,95,92,20,96,162,45,11,59,6,579,87,88,9,61,105,39,12,41,10,450,38,12,3,17,29,7,3,11,4,129,12,0,0,0,3,0,0,0,0,23,0,0,0,0,0,0,0,0,0,3,371,520,70,433,579,253,46,230,39,2536
LGA15350,3,16,10,71,16,24,11,35,4,187,31,92,48,102,57,63,4,30,5,438,243,545,143,86,99,102,13,42,31,1312,532,700,107,46,91,99,17,29,31,1646,601,646,76,41,99,81,18,28,40,1624,371,515,57,20,71,80,19,26,36,1186,171,286,15,3,34,29,14,13,17,587,36,56,4,0,9,12,0,10,7,126,5,12,0,0,0,0,0,0,0,14,1997,2875,457,378,470,497,93,207,163,7123,3,21,4,95,13,85,0,11,3,236,38,123,13,120,92,88,0,5,6,485,253,637,51,131,235,126,0,13,33,1469,391,667,36,81,252,73,3,13,31,1551,407,606,33,102,274,110,3,23,25,1595,209,418,19,87,211,70,0,18,17,1044,56,159,9,27,128,37,3,3,15,431,6,25,0,0,16,8,0,0,7,57,0,3,0,0,0,0,0,0,3,4,1367,2658,167,644,1221,590,7,91,137,6878
LGA15520,8,0,37,16,3,27,6,39,3,141,20,9,57,11,6,10,13,44,0,172,94,38,117,13,9,24,40,75,7,421,143,43,98,16,15,29,46,75,3,472,216,51,86,32,11,20,81,78,4,582,228,47,88,12,13,25,87,85,17,593,90,21,12,8,8,12,30,22,3,215,25,3,7,0,3,4,3,5,0,49,10,0,0,0,0,0,0,0,0,12,835,215,504,105,70,159,307,417,41,2656,4,3,11,41,9,48,0,15,0,134,3,25,11,45,16,30,0,13,0,149,54,122,31,67,70,40,0,29,3,411,67,125,16,60,89,33,0,31,0,426,118,109,36,80,120,54,5,69,4,589,81,92,16,62,99,49,0,68,15,486,37,13,0,18,29,9,5,16,5,127,9,0,0,0,5,0,0,0,0,22,0,0,0,0,0,0,0,0,0,0,372,492,126,374,430,254,12,241,35,2340
LGA15560,3,0,19,0,0,0,0,17,0,44,11,0,16,3,0,0,4,29,0,73,54,6,38,15,3,3,20,37,3,179,64,8,29,0,5,5,29,25,3,171,77,14,32,7,9,3,34,29,3,205,103,11,11,3,7,6,31,20,6,204,29,4,10,0,0,5,9,3,0,62,16,0,0,0,0,4,0,0,0,20,0,0,0,0,0,0,0,0,0,0,359,42,150,35,27,28,136,156,22,959,0,0,0,7,3,10,4,4,0,32,4,7,3,12,7,3,5,15,0,47,17,26,4,25,30,9,0,25,0,135,32,27,6,22,37,9,0,15,4,152,38,23,7,30,36,16,8,36,7,188,37,27,3,10,38,11,0,32,3,150,10,10,0,0,9,0,4,4,0,39,4,0,0,0,0,0,0,0,0,8,0,0,0,0,0,0,0,0,0,3,145,112,26,108,155,59,14,121,14,760
LGA15650,0,0,74,6,0,41,8,58,6,204,12,12,147,19,7,19,24,79,8,323,59,65,317,25,15,33,211,125,7,848,91,58,231,23,18,15,261,87,19,794,87,52,249,24,27,15,294,88,18,848,96,50,124,15,18,13,183,59,9,567,48,16,21,3,4,3,26,16,4,139,12,0,0,0,0,0,3,3,0,21,3,0,0,0,0,0,0,0,0,8,404,242,1156,119,81,142,1016,512,74,3748,0,3,11,31,10,79,7,28,9,182,16,25,28,53,44,50,15,44,0,277,46,135,46,92,127,83,50,54,6,636,53,107,37,113,151,60,48,74,11,653,75,126,36,108,152,75,43,89,9,711,32,70,22,82,94,38,16,58,3,416,20,14,5,5,18,3,0,14,6,84,3,0,0,0,3,0,0,0,0,11,0,0,0,0,0,0,0,0,0,7,243,479,193,490,601,395,183,360,41,2986
LGA15700,3,0,42,14,0,28,7,76,3,173,9,5,69,23,8,14,22,84,7,244,45,59,152,32,17,22,48,90,12,472,74,65,146,49,22,23,70,105,10,570,98,97,158,56,17,36,122,109,16,712,134,101,161,59,26,35,98,120,11,743,69,27,30,7,9,18,22,31,4,209,24,3,0,0,3,3,3,0,6,42,3,0,0,0,0,0,0,0,0,7,455,369,761,234,108,166,395,620,69,3178,0,3,8,44,13,73,3,34,0,179,5,22,12,68,33,38,0,17,5,200,30,97,35,89,78,42,3,31,9,416,48,125,40,129,104,58,3,41,4,560,89,159,31,173,146,85,6,69,10,779,92,184,30,155,148,65,11,66,12,759,43,26,3,18,33,12,5,11,3,142,8,7,0,0,3,0,0,0,0,23,0,0,0,0,3,0,0,0,0,3,317,616,164,675,556,372,32,270,49,3053
LGA15750,0,0,47,3,3,47,15,54,3,183,24,13,74,12,3,8,45,35,6,222,91,52,135,22,9,24,110,70,21,535,128,68,141,22,8,26,130,64,10,597,160,71,129,16,20,26,162,92,11,678,175,48,93,9,24,26,136,80,16,601,102,13,20,0,3,9,43,26,6,222,28,0,0,0,0,0,3,0,9,41,7,0,0,0,0,0,0,0,0,10,707,264,639,89,71,163,642,435,76,3084,0,7,13,21,5,80,0,26,7,148,7,24,21,52,22,36,6,19,0,188,35,154,39,92,102,47,7,37,6,515,59,109,30,88,120,43,13,49,10,518,75,124,35,87,133,49,14,69,5,585,74,83,26,62,115,43,6,56,8,470,46,14,3,4,29,12,3,7,0,124,7,0,0,3,8,0,0,3,3,21,0,0,0,0,0,0,0,0,0,3,305,513,162,403,532,304,47,270,40,2576
LGA15800,0,3,19,0,0,7,4,22,0,50,10,3,30,4,0,8,6,30,0,101,34,11,54,5,3,12,22,46,3,189,65,13,42,6,9,10,33,47,0,231,67,26,39,10,8,9,62,54,5,269,85,18,36,4,18,8,49,45,7,276,51,3,14,5,4,3,10,8,0,95,13,3,4,0,0,0,0,0,0,21,3,0,0,0,0,0,0,0,0,4,336,81,231,39,38,54,190,245,22,1233,0,3,5,12,3,15,0,9,0,44,7,11,9,17,14,7,3,22,0,94,18,39,11,38,28,11,3,24,0,176,25,51,12,35,47,14,0,18,3,215,42,48,16,42,56,21,0,35,5,260,37,30,9,32,48,21,3,34,7,225,26,12,0,8,5,3,0,6,0,61,10,0,0,0,0,0,0,0,0,14,0,0,0,0,0,0,0,0,0,3,164,198,59,187,205,102,13,148,17,1096
LGA15850,0,0,22,0,0,15,0,12,0,51,7,0,47,6,0,7,13,27,0,110,60,15,50,16,7,3,40,43,8,234,70,25,48,8,3,11,49,31,0,251,104,22,48,0,14,10,45,30,9,287,106,14,49,7,8,6,60,37,0,294,64,4,11,4,0,3,23,11,4,130,19,0,4,0,0,0,0,3,0,25,3,0,0,0,0,0,0,0,0,5,441,76,279,45,35,60,231,188,28,1391,0,0,0,30,0,14,0,6,0,56,5,15,12,26,10,8,0,4,0,82,18,69,15,37,41,22,6,9,0,225,29,57,12,45,43,24,12,13,3,232,36,51,14,56,67,17,10,21,4,281,38,45,4,34,46,28,4,28,3,242,24,11,3,5,12,3,0,12,0,70,3,0,0,0,4,0,0,0,4,14,0,0,0,0,0,0,0,0,0,5,156,256,59,231,231,124,36,100,14,1199
LGA15900,17,41,300,205,32,420,71,566,25,1678,166,554,1086,662,214,567,249,692,72,4267,890,2627,2435,769,502,541,716,888,151,9515,1287,2184,1606,514,450,356,745,647,119,7905,1195,1670,1379,428,533,343,897,692,121,7272,739,1348,869,287,368,247,655,577,80,5185,157,296,143,50,69,66,136,119,19,1064,24,56,19,0,16,6,18,15,9,167,3,3,3,0,4,0,0,4,3,18,4481,8787,7842,2913,2187,2551,3492,4208,612,37065,27,82,72,551,130,958,12,251,29,2115,198,739,228,1423,641,952,34,217,41,4481,671,3527,393,1359,1580,701,68,303,89,8677,756,2873,371,941,1619,517,54,321,110,7561,701,2177,308,1011,1884,567,76,531,75,7325,398,1491,172,693,1270,390,44,391,46,4905,84,206,30,109,231,65,10,74,17,824,8,22,0,5,13,6,0,7,6,74,0,0,0,0,0,0,0,0,4,7,2841,11117,1582,6084,7371,4162,288,2104,424,35973
LGA15950,4,21,14,66,8,66,4,45,0,241,94,367,121,178,110,138,28,58,17,1116,1212,3263,641,309,438,430,58,148,115,6626,1389,2315,375,169,366,259,73,87,101,5135,1043,1249,219,87,218,171,59,63,60,3173,652,1002,140,60,160,115,61,70,46,2307,275,519,53,26,81,66,32,47,27,1122,47,108,3,0,9,11,9,3,11,202,8,9,0,0,0,0,0,3,0,22,4723,8858,1573,896,1399,1246,322,533,379,19948,4,24,6,98,33,106,3,21,4,302,112,453,38,282,253,232,0,15,14,1409,1247,3644,197,461,998,434,11,74,107,7171,1209,2147,139,267,811,208,4,55,80,4920,770,1327,61,189,650,189,10,27,50,3275,432,892,42,153,606,175,8,34,26,2365,123,324,20,53,307,71,9,30,17,942,10,30,0,3,28,3,0,4,9,99,4,4,0,0,3,4,0,0,4,13,3910,8855,505,1504,3700,1422,39,258,305,20497
LGA15990,47,112,516,477,86,734,158,753,48,2927,271,674,1389,741,347,749,218,587,75,5057,1974,3275,3057,884,644,964,493,805,224,12314,4731,4870,2857,681,894,942,507,753,288,16523,4720,4437,2433,603,882,924,709,828,286,15827,2551,2856,1569,374,640,630,719,661,168,10167,698,1063,438,110,245,281,268,242,85,3430,112,185,45,25,41,46,27,28,16,533,5,29,8,0,5,3,0,3,10,63,15120,17495,12300,3900,3790,5276,3097,4661,1201,66843,40,132,122,1018,226,1246,23,273,40,3121,285,888,252,1342,811,956,29,146,62,4761,1809,4578,583,1704,2018,1094,78,296,178,12347,3026,5653,544,1385,3016,959,65,316,213,15173,2458,4792,528,1600,3836,1170,150,447,218,15190,1098,2812,293,1025,2726,786,96,359,119,9312,224,661,81,254,951,282,17,112,53,2636,26,71,8,20,94,24,4,10,22,274,5,3,0,0,6,8,0,0,7,33,8960,19590,2403,8341,13694,6528,459,1957,905,62839
LGA16100,0,0,26,3,0,14,4,19,0,62,3,3,34,5,0,4,16,18,0,82,32,8,63,3,3,3,40,18,3,187,46,12,47,9,0,9,60,23,5,215,60,19,56,16,9,7,75,33,15,287,61,18,40,8,7,6,60,30,3,234,59,6,11,7,0,3,17,11,3,132,16,3,0,0,0,0,3,0,0,21,3,0,0,0,0,0,0,0,0,3,291,79,274,49,24,43,281,155,31,1227,0,0,0,26,3,26,0,13,0,70,0,7,3,18,10,14,0,11,0,67,9,39,6,32,27,15,8,12,0,136,22,42,13,26,41,19,11,22,4,190,34,51,6,32,71,13,13,26,4,256,34,44,9,21,34,23,8,25,5,199,32,14,4,5,12,5,0,10,3,83,0,0,0,0,0,0,0,0,3,8,0,0,0,0,0,0,0,0,0,0,131,191,47,160,199,116,34,115,19,1017
LGA16150,15,7,152,49,7,112,20,154,10,527,33,52,330,65,27,94,43,138,6,780,217,371,615,131,93,149,222,224,29,2047,311,368,458,115,100,112,274,212,35,1989,292,269,363,103,113,100,266,249,33,1798,240,262,245,76,91,75,229,175,21,1404,92,95,57,12,24,27,65,50,11,431,19,7,0,4,3,5,7,8,3,62,0,0,3,0,0,0,0,0,0,5,1224,1434,2213,549,463,678,1125,1211,148,9033,3,13,16,120,39,258,8,73,10,544,30,132,45,243,107,158,22,44,11,790,144,682,108,339,331,187,23,93,18,1931,170,616,82,309,424,135,20,113,15,1884,205,479,79,269,505,169,20,160,35,1913,115,356,53,193,367,119,13,148,11,1368,45,51,9,37,92,26,8,24,3,297,8,3,3,6,4,3,0,0,8,41,0,0,0,0,0,0,0,0,0,6,717,2340,402,1509,1869,1053,98,664,112,8772
LGA16200,4,3,50,14,0,46,9,45,0,172,21,21,107,19,7,24,32,47,5,288,82,62,167,29,20,36,123,67,9,591,123,65,142,24,21,21,103,49,15,558,174,63,135,39,33,24,145,74,10,692,156,46,102,15,28,18,124,77,19,583,89,24,19,6,8,5,23,13,4,193,28,3,0,0,0,0,3,0,3,42,4,0,0,0,0,0,0,3,4,8,676,285,718,140,114,188,562,380,68,3125,3,11,6,51,22,81,5,25,3,204,7,28,17,54,43,58,3,9,3,225,43,143,34,91,71,45,11,29,10,476,70,144,28,84,115,53,14,33,10,552,66,125,33,114,159,61,13,65,4,632,81,104,16,78,88,39,5,57,11,484,42,17,3,8,26,4,0,16,4,121,15,0,0,0,3,0,0,0,3,21,4,0,0,0,0,0,0,0,0,3,333,577,144,477,533,342,47,230,38,2715
LGA16260,26,101,266,194,71,401,68,347,30,1506,282,841,769,490,459,724,314,611,113,4607,2153,6591,2584,876,1721,1215,1109,1137,372,17755,2857,5174,2303,642,1260,797,1026,807,275,15143,2056,2638,1831,441,792,507,999,783,215,10255,1250,1761,1131,318,595,376,763,658,129,6977,260,504,249,81,177,129,180,168,40,1789,38,79,26,10,15,24,12,14,12,226,3,15,4,0,3,0,7,3,3,34,8923,17699,9172,3046,5092,4176,4472,4528,1194,58301,36,124,37,403,188,797,8,119,30,1736,203,1016,165,819,846,856,47,204,82,4230,1324,6038,544,1581,2969,1252,143,542,303,14695,1372,4147,431,1136,2656,719,117,384,201,11168,1035,2726,418,1069,2485,638,152,589,151,9264,524,1639,201,649,1713,403,107,477,101,5812,85,351,35,105,448,109,14,83,36,1265,11,27,3,3,36,7,3,4,8,99,0,3,0,0,5,0,0,0,3,22,4593,16069,1834,5771,11339,4778,596,2402,906,48289
LGA16350,52,51,954,181,56,533,154,829,76,2887,246,333,1730,366,293,555,671,947,99,5243,1157,1597,3348,793,897,687,2026,1373,264,12148,1635,1466,2395,614,929,615,2217,1108,247,11237,1554,1071,2063,520,797,449,2093,987,191,9714,1052,867,1421,337,687,367,1628,798,146,7309,215,240,313,102,157,94,360,190,29,1697,18,29,15,8,10,19,11,15,13,127,3,0,4,0,0,0,3,0,3,13,5937,5655,12242,2921,3825,3319,9166,6240,1069,50373,39,67,133,645,285,1394,41,273,42,2929,297,652,286,1109,1226,868,119,249,96,4901,939,2750,471,1616,2858,1066,239,417,174,10525,1031,2195,384,1341,3032,857,251,528,159,9776,829,1497,326,1315,3029,833,272,752,163,9021,433,1076,177,878,2189,637,173,612,71,6253,81,165,20,123,379,89,22,87,29,1002,11,10,0,10,25,5,3,7,3,77,0,0,0,0,0,0,0,0,0,4,3664,8415,1812,7023,13021,5763,1118,2928,745,44489
LGA16380,16,13,208,88,12,213,46,253,16,868,51,69,408,101,22,125,82,192,16,1068,242,396,742,183,96,172,219,351,44,2453,475,581,793,215,159,189,289,305,52,3056,562,629,781,270,215,217,417,419,68,3566,476,507,602,182,158,199,361,376,45,2891,208,142,96,35,48,61,101,85,19,797,40,18,7,4,7,9,8,8,7,117,8,3,3,0,0,0,0,0,3,22,2078,2349,3646,1081,715,1188,1530,1988,270,14840,14,15,33,265,37,494,9,130,9,1011,50,131,65,278,171,192,6,83,4,960,141,678,159,463,425,259,5,136,20,2290,291,851,166,508,722,293,11,167,42,3041,387,941,179,633,988,408,31,292,37,3901,291,736,111,519,676,352,26,236,29,2979,78,114,18,65,161,49,4,55,18,562,15,11,4,4,17,0,0,3,12,63,0,0,0,3,0,0,0,0,0,5,1268,3478,729,2735,3195,2049,94,1096,166,14816
LGA16400,11,7,206,61,10,204,31,288,18,840,49,56,496,122,41,112,109,241,18,1251,243,252,968,193,97,101,302,329,51,2531,450,402,909,205,127,116,430,330,59,3031,559,415,946,193,168,144,599,370,62,3460,390,400,598,140,147,132,485,275,53,2622,133,124,101,25,34,48,111,71,22,674,29,21,3,0,9,13,13,17,12,108,4,0,0,0,0,0,0,0,0,15,1880,1679,4232,944,642,867,2073,1922,296,14530,11,15,29,228,57,464,11,119,13,943,47,114,79,357,158,263,21,77,6,1126,172,486,132,429,441,266,30,153,24,2140,277,618,155,493,681,307,36,201,33,2801,327,602,141,597,836,376,46,307,30,3270,226,466,77,391,569,249,33,227,33,2278,44,81,16,52,158,53,10,33,11,466,8,10,4,0,12,3,0,4,10,46,3,0,0,0,0,0,0,0,3,4,1120,2388,638,2555,2906,1982,195,1124,171,13072
LGA16490,15,16,188,93,29,210,30,213,15,804,72,78,428,141,95,138,78,177,18,1236,385,519,914,247,282,188,238,320,78,3173,722,683,626,227,279,143,257,252,84,3273,935,660,685,220,401,138,316,265,83,3699,517,438,416,136,225,99,257,208,65,2352,134,140,83,30,42,28,73,61,12,607,37,16,8,0,3,3,7,0,4,81,0,3,3,0,0,0,0,0,0,11,2817,2549,3346,1098,1351,946,1260,1499,361,15227,6,25,42,256,80,364,8,64,18,854,66,151,89,310,345,217,5,32,27,1246,310,778,137,401,814,215,17,104,77,2850,534,919,127,366,882,191,13,90,61,3187,626,870,122,367,1145,202,21,168,90,3606,269,508,61,206,640,141,23,131,36,2014,87,71,3,29,105,35,7,20,3,362,17,3,0,0,7,5,0,3,8,41,3,0,0,0,0,0,0,0,0,6,1915,3329,583,1927,4032,1357,86,616,316,14164
LGA16550,19,70,142,223,61,223,41,186,19,980,146,718,467,589,290,406,144,322,48,3143,1263,3367,1797,720,702,629,346,611,201,9639,2031,2983,1145,429,585,443,303,359,142,8411,1646,2031,837,338,459,356,402,345,122,6536,776,1278,553,217,332,198,356,282,73,4069,177,409,181,68,115,86,142,107,18,1288,33,58,17,8,14,17,3,23,7,186,5,13,6,0,3,7,0,0,0,27,6084,10919,5149,2592,2561,2365,1742,2235,634,34284,8,87,24,321,105,474,5,84,12,1114,152,852,130,799,596,713,7,118,46,3422,1323,4496,333,1106,1574,706,23,261,143,9958,1515,3428,225,648,1431,457,36,131,115,7973,999,2310,197,665,1542,472,30,180,88,6490,414,1331,126,430,1107,273,25,171,51,3927,77,302,35,92,311,101,12,35,21,994,11,29,3,12,24,3,0,18,10,102,0,3,3,0,4,3,0,0,0,14,4498,12832,1077,4071,6695,3210,149,992,478,33998
LGA16610,6,3,55,11,3,56,13,142,3,298,12,7,110,19,3,24,32,140,7,359,51,30,219,24,24,33,92,216,12,698,129,68,164,42,33,46,138,186,14,823,157,72,163,60,38,45,167,212,31,949,144,73,157,51,44,56,152,205,19,905,78,32,20,7,14,17,33,39,12,262,28,3,3,0,4,3,3,4,3,50,3,0,0,0,0,0,0,0,0,8,613,288,905,219,160,275,633,1148,107,4347,4,8,20,58,25,137,0,46,3,299,16,39,22,91,42,54,0,48,4,312,37,121,31,110,114,64,11,71,3,563,71,171,50,157,169,82,13,87,7,798,80,170,30,212,208,83,12,148,12,957,84,155,30,136,166,64,23,110,9,774,33,32,10,22,40,14,3,14,3,169,12,0,0,0,4,0,0,5,5,25,3,0,0,0,0,0,0,0,3,4,340,700,195,780,765,500,65,523,54,3919
LGA16650,21,29,153,71,39,221,38,217,18,807,116,319,551,242,182,337,175,506,69,2499,1007,2140,1681,611,742,675,592,1124,198,8771,1160,1556,1187,379,557,384,663,585,128,6600,880,874,955,281,462,302,716,488,109,5072,467,537,633,175,286,192,623,422,69,3400,135,172,153,49,58,54,151,130,25,922,11,25,15,3,11,10,17,16,4,108,3,3,5,0,3,0,3,0,4,21,3800,5658,5330,1813,2342,2182,2971,3486,625,28205,13,52,25,185,81,427,0,49,16,858,120,462,89,549,422,585,21,211,54,2513,681,2400,312,1140,1420,768,63,572,166,7519,726,1607,192,625,1379,514,65,313,99,5518,517,1022,201,577,1269,526,95,358,85,4646,257,588,116,347,800,297,85,368,49,2901,41,119,24,63,180,45,8,95,19,596,3,14,0,0,15,8,0,8,6,57,0,0,0,0,0,0,0,0,0,7,2345,6277,967,3493,5563,3170,339,1977,493,24619
LGA16700,12,62,121,176,46,227,24,187,12,869,136,528,428,386,242,425,94,271,53,2557,1083,3182,1235,433,773,613,261,393,167,8148,1545,2775,1037,238,524,399,276,336,125,7258,1352,1653,987,184,419,294,358,362,104,5710,773,1009,641,161,317,217,317,350,77,3875,189,329,159,57,99,61,96,113,15,1118,19,47,16,7,5,3,10,14,6,135,4,4,0,0,0,0,0,0,0,16,5110,9594,4643,1648,2440,2235,1437,2023,555,29688,7,50,46,280,105,478,3,78,16,1059,113,637,132,586,513,565,13,82,46,2689,792,3296,310,736,1489,642,24,169,140,7600,956,2543,217,508,1380,385,26,161,106,6283,773,1730,229,565,1423,381,48,270,76,5504,345,1064,114,371,1072,260,48,255,49,3579,61,201,22,72,266,53,13,51,14,752,3,25,3,5,27,3,0,8,7,74,0,0,0,0,4,0,0,0,9,12,3060,9541,1077,3132,6271,2781,170,1069,462,27556
LGA16900,15,10,313,56,14,183,54,283,6,937,58,99,625,145,65,181,129,289,23,1603,264,345,1095,219,154,203,409,391,65,3142,450,413,920,247,166,161,593,403,64,3417,501,361,887,213,164,154,711,440,71,3498,321,278,548,138,146,109,524,297,39,2391,52,52,92,23,28,29,86,33,13,415,3,5,3,0,0,5,6,4,7,41,3,0,0,0,0,0,0,0,3,9,1664,1560,4487,1036,736,1028,2510,2146,294,15454,11,28,51,214,75,522,9,101,15,1023,73,207,100,406,245,332,13,76,14,1466,225,700,178,605,646,335,28,119,34,2874,275,700,155,535,864,382,43,188,41,3172,252,570,143,682,846,444,41,303,38,3321,159,398,76,382,498,236,33,217,20,2016,19,48,3,26,71,38,0,35,6,251,0,3,0,5,3,5,0,0,4,20,0,0,0,0,0,0,0,0,0,8,1015,2652,704,2849,3251,2300,165,1033,177,14157
LGA16950,32,13,275,100,18,255,49,347,16,1101,83,76,661,137,31,171,99,332,29,1621,334,377,1327,283,104,202,261,445,50,3384,567,534,1070,310,106,185,347,468,58,3644,687,551,1053,340,184,206,495,550,91,4167,602,613,820,266,169,239,457,482,80,3732,223,196,149,45,64,77,129,88,25,999,51,26,14,0,4,6,7,12,15,139,3,3,0,0,0,0,0,3,9,22,2583,2394,5374,1494,681,1341,1842,2725,367,18797,17,12,46,294,58,615,3,125,15,1189,70,147,117,411,191,293,10,107,18,1366,259,735,216,594,502,367,15,188,25,2896,370,870,179,666,707,371,21,233,46,3456,442,951,184,850,925,466,43,360,51,4276,343,857,105,626,868,368,34,309,44,3551,108,145,28,97,191,75,7,48,16,717,13,7,0,4,14,6,0,5,15,66,5,0,0,0,4,3,0,0,9,14,1631,3730,878,3536,3455,2558,127,1368,247,17531
LGA17000,12,7,88,127,4,65,25,116,3,447,21,34,227,142,18,40,63,84,12,644,101,147,428,91,29,33,281,113,21,1235,164,95,396,28,26,26,396,89,26,1247,207,119,323,40,49,28,480,98,32,1369,172,84,185,28,38,29,311,76,19,943,91,24,31,8,8,9,41,25,3,232,21,0,0,0,0,0,5,0,0,32,3,0,0,0,0,0,0,0,0,6,791,509,1689,458,169,227,1600,605,111,6163,5,13,21,95,33,141,9,60,7,368,10,57,36,135,77,71,16,36,4,442,71,205,54,130,164,106,78,61,5,881,90,209,52,166,246,126,78,89,16,1074,113,168,59,160,313,113,67,124,10,1133,64,141,15,85,139,60,28,81,8,619,36,17,0,6,34,5,4,16,3,118,5,3,0,0,0,4,0,0,0,17,0,0,0,0,0,0,0,0,0,3,401,811,232,769,1010,631,272,464,61,4656
LGA17040,3,3,63,32,6,67,6,93,4,283,18,22,140,49,10,40,52,87,17,438,113,99,292,73,23,51,99,140,14,899,208,111,260,82,36,40,97,127,18,977,314,130,229,74,45,59,149,132,25,1155,283,111,158,70,56,59,138,123,14,1010,166,40,44,6,14,21,38,28,9,364,52,4,3,4,0,0,0,6,3,72,11,0,0,0,0,0,0,0,3,16,1171,514,1184,390,184,345,581,738,110,5225,9,6,15,83,20,95,10,39,3,274,18,32,16,106,43,64,12,53,8,363,88,161,41,172,145,91,10,69,7,775,127,207,37,142,212,109,13,64,10,921,209,222,47,156,294,123,12,104,9,1178,151,175,27,121,189,79,4,63,17,832,83,33,11,24,47,22,3,32,0,266,18,3,3,4,3,0,0,3,7,39,0,0,0,0,0,0,0,0,0,0,697,837,204,813,955,584,58,423,70,4639
LGA17080,3,3,40,5,0,29,3,58,3,148,14,10,98,9,0,9,35,57,12,239,65,63,163,12,5,19,115,98,8,548,102,66,119,29,17,12,141,98,10,606,145,60,152,33,36,10,166,115,15,732,179,52,102,17,27,11,179,107,11,698,110,10,31,7,4,7,39,26,6,243,41,0,3,0,0,0,3,7,10,65,4,0,0,0,0,0,0,0,0,7,673,257,715,116,95,104,684,567,74,3285,3,0,7,38,13,55,3,31,0,146,9,28,8,58,16,37,4,32,0,183,32,115,23,82,74,47,6,66,3,445,54,116,34,87,120,52,12,58,6,537,87,94,31,102,129,82,15,98,8,649,118,105,17,79,106,43,9,80,8,564,49,15,0,18,25,11,3,25,9,153,9,0,0,0,0,0,0,0,4,21,0,0,0,0,0,0,0,0,0,3,372,473,122,460,483,324,44,400,31,2709
LGA17100,5,24,44,49,31,78,14,59,8,302,52,215,218,137,108,182,82,178,38,1209,392,1407,546,219,345,251,199,351,107,3816,398,740,345,86,186,135,140,128,51,2205,350,481,291,66,99,123,150,154,41,1746,229,364,183,41,78,82,125,122,38,1255,52,144,32,19,30,26,26,30,9,368,8,17,5,0,4,7,0,5,4,53,0,7,0,0,0,0,0,0,0,12,1489,3390,1666,616,871,888,732,1028,287,10960,3,28,8,65,56,124,0,18,10,316,49,253,46,195,194,196,3,72,37,1048,234,1160,127,341,482,236,22,126,65,2789,179,599,67,189,371,122,12,78,39,1647,197,473,65,179,393,145,11,128,29,1626,95,259,38,94,285,87,16,76,23,972,20,74,13,8,59,16,0,12,8,208,0,12,0,0,10,6,0,0,4,38,0,0,0,0,0,0,0,0,3,8,783,2864,364,1068,1856,925,71,508,214,8658
LGA17150,52,96,805,403,79,625,124,750,47,2971,262,680,1702,659,385,683,263,532,82,5243,1579,2579,3080,909,823,763,619,672,223,11237,3162,2876,2828,750,1007,729,802,719,239,13109,3292,2570,2599,744,972,709,984,784,215,12873,2141,2099,1755,419,851,574,929,692,169,9628,554,684,368,104,226,211,253,198,52,2652,45,93,39,18,25,21,15,32,13,307,8,9,4,0,3,3,0,3,10,43,11091,11692,13171,4000,4377,4310,3992,4385,1041,58058,56,121,123,983,278,1321,10,228,33,3160,251,1000,258,1337,986,1007,31,126,80,5071,1298,4000,463,1445,2309,925,51,174,159,10833,1739,4051,400,1403,3297,932,60,295,157,12343,1552,3270,447,1583,3796,1175,88,415,162,12489,821,2442,259,884,3007,828,81,347,83,8762,143,478,60,197,689,177,20,90,40,1884,14,27,5,3,63,12,0,7,20,145,3,3,0,0,10,3,0,0,6,20,5884,15393,2019,7832,14436,6384,347,1676,735,54707
LGA17200,27,74,79,186,45,171,28,152,25,778,339,1300,904,1080,533,679,170,780,140,5929,3904,10903,3361,2049,1897,1669,508,1627,527,26446,3586,5820,1477,789,1161,759,279,601,253,14730,2185,3147,803,530,724,429,254,335,168,8567,1138,1843,396,238,407,278,206,260,92,4857,340,674,87,52,97,93,74,95,36,1551,59,103,16,3,16,14,8,11,5,231,9,12,0,0,0,0,0,0,3,26,11581,23881,7130,4924,4886,4090,1520,3859,1247,63126,22,94,40,392,106,366,6,81,25,1132,390,1563,322,1721,1045,1185,37,357,129,6741,3365,10197,1032,3110,3161,1874,77,954,378,24157,2361,4319,405,1008,1668,609,24,346,180,10927,1326,2272,212,412,1134,397,37,177,103,6064,700,1428,126,310,758,261,30,183,57,3856,163,419,32,82,252,89,7,38,27,1112,12,47,0,11,19,8,0,9,10,111,3,10,0,0,3,0,0,0,3,24,8347,20340,2169,7051,8144,4803,225,2135,912,54123
LGA17310,13,16,198,38,7,196,44,286,23,817,73,74,413,52,27,90,95,314,10,1145,311,344,818,130,109,159,273,602,57,2792,433,366,637,155,105,145,334,387,45,2611,580,395,531,163,151,137,442,373,48,2810,477,331,448,96,143,128,354,328,40,2345,228,98,110,24,28,41,110,78,19,737,68,14,16,3,0,9,10,17,9,140,18,0,0,0,0,0,3,0,5,22,2204,1629,3165,664,571,908,1660,2383,246,13425,15,13,27,179,52,401,11,108,21,815,56,159,67,238,128,206,10,105,7,972,177,721,140,464,406,308,21,225,26,2486,264,745,106,365,561,239,26,255,29,2585,295,651,132,453,705,283,26,312,33,2893,253,540,93,328,558,164,20,236,33,2227,128,89,15,58,114,42,10,52,10,520,23,6,3,8,9,8,0,7,5,66,0,0,0,0,6,0,0,0,0,11,1197,2932,571,2088,2540,1650,127,1301,166,12572
LGA17350,3,0,24,3,0,14,5,28,0,87,8,5,36,7,0,3,5,20,5,92,58,18,69,8,0,14,19,32,5,218,66,31,46,6,3,12,27,30,4,222,83,31,58,20,15,11,52,34,3,301,104,30,49,9,9,16,35,42,3,290,55,6,8,4,6,5,11,4,4,109,15,0,0,0,0,0,3,0,0,20,0,0,0,0,0,0,0,0,0,0,392,120,291,46,38,77,161,192,19,1342,0,0,7,19,3,31,0,4,0,67,3,3,8,17,12,22,0,8,0,75,6,56,15,30,42,21,0,15,0,192,30,71,8,36,48,20,0,7,0,225,48,59,15,58,63,36,8,31,3,321,44,33,4,46,50,13,3,25,3,227,20,5,0,3,12,3,0,3,0,58,4,0,0,0,4,0,0,3,0,10,0,0,0,0,0,0,0,0,0,0,162,235,55,207,234,158,12,107,8,1173
LGA17400,4,0,21,0,3,15,0,22,0,61,5,0,22,0,0,6,8,16,0,60,24,12,34,5,8,3,24,24,4,133,44,21,32,13,6,10,33,36,0,200,69,17,42,14,7,11,37,49,3,261,114,19,41,5,6,15,49,62,11,325,75,9,10,3,3,3,12,20,3,147,22,5,3,0,0,0,0,3,3,38,0,0,0,0,0,0,0,0,0,0,363,85,210,47,34,62,168,232,29,1220,0,0,8,9,4,25,0,12,4,56,0,7,9,26,8,6,0,7,0,61,18,28,4,14,28,8,0,18,0,128,29,40,10,47,45,18,6,22,4,220,43,44,19,29,44,25,0,30,3,240,62,53,11,51,51,32,10,44,7,322,41,7,0,5,18,12,0,8,5,103,12,0,0,0,0,0,0,0,3,20,0,0,0,0,0,0,0,0,0,3,208,183,63,186,198,120,19,140,27,1141
LGA17420,31,110,460,313,93,502,84,523,30,2149,214,635,879,428,395,578,204,405,94,3836,1102,2229,1299,346,564,578,310,370,137,6943,2810,3275,1488,319,731,599,419,338,194,10163,3043,2451,1542,343,635,601,536,464,187,9810,1842,1796,1020,192,555,430,476,379,92,6781,492,638,284,63,185,182,175,138,41,2196,58,77,22,4,18,27,18,14,10,243,8,4,3,0,0,0,0,3,0,17,9595,11207,6999,2013,3181,3499,2224,2631,788,42133,26,129,85,631,225,996,12,167,30,2307,185,821,161,746,728,792,10,117,46,3604,799,2718,264,589,1361,486,18,101,117,6445,1437,3438,309,731,2386,630,31,157,165,9278,1283,2719,310,871,2670,717,72,301,126,9067,586,1794,173,521,1901,444,51,227,74,5773,149,382,43,109,527,133,7,61,41,1463,10,20,4,7,34,4,0,9,0,96,0,0,0,0,0,0,0,0,0,4,4485,12027,1348,4212,9832,4198,207,1138,587,38046
LGA17550,12,3,235,86,21,240,38,355,28,1020,68,67,473,165,44,198,92,319,20,1442,308,362,1022,216,95,210,281,474,57,3026,583,602,1100,295,168,206,350,460,59,3822,650,629,1000,311,213,249,476,531,61,4120,590,507,762,255,175,235,458,449,70,3501,195,145,149,58,55,69,136,107,30,950,39,24,11,4,7,8,16,15,12,142,6,3,0,0,0,8,0,4,0,24,2450,2337,4757,1393,773,1411,1850,2715,346,18032,16,14,35,272,57,589,8,134,18,1143,60,147,90,370,164,303,4,89,12,1250,225,727,162,562,539,316,24,173,47,2776,343,1014,216,685,843,327,31,234,55,3743,441,947,198,828,1017,475,51,406,48,4401,306,858,129,686,784,421,44,364,49,3630,99,125,16,110,167,80,8,58,17,675,16,6,0,5,15,0,0,12,13,72,3,0,0,3,0,0,0,0,6,17,1502,3826,840,3522,3585,2513,174,1464,262,17700
LGA17620,8,0,50,11,3,35,4,65,3,189,14,3,101,10,3,17,16,69,3,236,57,54,243,18,3,19,133,114,4,648,124,43,179,16,11,19,197,106,12,704,154,50,161,25,19,11,169,112,21,723,178,46,93,13,16,23,167,85,13,634,91,19,32,4,7,5,26,25,0,212,36,0,4,0,0,0,7,4,5,52,4,0,0,0,0,0,0,0,0,7,671,222,859,100,65,135,723,585,56,3406,0,3,10,34,12,69,0,31,0,155,9,21,22,42,33,28,6,45,0,207,49,146,60,55,90,53,28,87,5,579,59,136,40,85,121,55,35,82,9,613,94,133,37,90,137,55,20,90,0,658,85,97,28,72,101,37,12,67,5,495,51,10,5,8,23,7,7,14,3,129,17,3,0,0,4,3,0,3,3,33,4,0,0,0,3,0,0,0,0,7,364,550,195,381,527,314,100,421,35,2889
LGA17640,0,0,35,6,0,11,3,37,0,104,11,5,45,6,3,3,0,31,0,106,41,16,85,7,3,5,29,42,5,241,74,32,66,20,9,15,47,44,9,312,131,30,96,23,25,7,75,52,10,455,175,41,64,28,11,10,30,43,3,414,146,16,10,3,8,3,12,18,3,213,45,7,3,0,0,0,0,12,3,68,12,3,0,0,0,0,0,0,0,17,643,153,405,94,61,63,201,271,32,1932,0,0,7,28,6,24,0,19,3,89,3,14,3,33,5,12,3,9,0,81,25,57,18,41,62,18,5,20,0,241,38,64,18,49,69,17,0,24,7,291,74,80,19,74,101,33,8,25,10,429,80,68,13,38,65,29,8,28,3,323,69,14,0,12,18,0,0,9,3,125,16,0,0,0,3,0,0,0,0,21,0,0,0,0,0,0,0,0,0,3,298,300,74,282,324,132,28,133,29,1601
LGA17650,0,0,9,9,3,12,0,18,0,59,3,0,24,7,0,10,5,27,0,86,36,18,54,13,3,8,13,39,3,177,62,39,65,16,11,12,26,43,4,276,75,42,62,15,16,14,25,53,8,313,76,40,69,12,15,8,31,51,7,302,48,12,7,3,3,6,8,7,6,103,22,0,3,0,0,0,0,4,0,25,3,0,0,0,0,0,0,4,0,7,331,158,290,70,50,69,109,244,26,1355,0,0,7,18,7,32,0,10,3,80,7,7,4,20,18,14,3,11,0,78,18,34,12,28,46,19,4,14,0,182,28,63,20,47,62,16,0,15,4,260,45,87,16,45,80,32,3,26,3,331,44,58,14,34,58,24,3,32,3,265,17,12,4,4,13,4,3,10,3,73,5,0,0,0,3,0,0,0,0,15,0,0,0,0,0,0,0,0,0,0,174,262,79,202,276,136,17,122,13,1276
LGA17750,24,19,300,138,16,246,28,260,17,1044,71,126,705,185,40,178,117,248,33,1702,401,589,1059,325,136,215,234,433,51,3447,488,557,729,260,132,173,303,383,38,3065,587,510,577,190,175,185,350,315,46,2942,501,389,472,106,162,140,369,228,34,2400,177,120,101,25,30,42,84,65,15,652,61,14,3,0,7,4,8,13,0,110,10,0,3,0,0,0,0,0,0,18,2326,2327,3957,1228,694,1194,1489,1949,234,15387,11,24,33,260,43,540,9,98,11,1028,60,261,127,542,237,330,14,146,9,1722,235,1024,175,594,576,295,22,182,32,3136,306,930,135,411,608,221,39,190,21,2864,336,701,123,452,785,248,28,251,28,2946,242,507,107,333,584,198,20,202,14,2211,92,97,20,40,114,34,3,51,15,469,19,8,5,3,14,9,0,3,4,64,3,0,0,0,0,0,0,0,3,6,1304,3552,710,2639,2971,1869,142,1123,139,14447
LGA17850,0,0,4,0,0,9,0,10,0,27,9,4,14,0,0,3,0,18,0,49,29,6,29,3,3,3,18,29,0,112,50,6,17,3,3,7,12,19,0,119,85,14,17,3,0,8,15,35,0,176,73,12,14,6,4,3,21,32,0,172,70,8,9,0,0,0,6,8,0,109,17,0,0,0,0,0,0,3,0,27,0,0,0,0,0,0,0,0,0,3,336,48,113,17,16,31,69,145,13,788,0,0,3,8,0,23,0,3,0,40,3,6,4,7,10,8,0,9,0,45,3,18,8,13,9,8,3,7,0,68,21,26,9,22,18,10,0,13,0,114,36,25,5,13,37,7,8,20,0,149,43,17,3,19,29,4,0,13,0,125,35,3,3,0,9,0,0,3,3,65,3,0,0,0,3,0,0,3,0,10,0,0,0,0,0,0,0,0,0,0,153,104,34,80,120,62,9,67,8,622
LGA17900,3,0,5,0,0,3,3,12,0,31,17,7,18,4,0,4,8,28,0,83,47,23,36,26,3,7,22,39,3,209,46,24,31,22,4,3,38,28,6,195,72,5,21,14,0,10,36,30,7,204,98,14,30,12,3,8,29,36,6,228,45,8,10,7,3,3,17,10,8,112,8,0,0,0,0,0,4,3,3,20,0,0,0,0,0,0,0,0,0,3,342,81,146,87,19,39,150,191,26,1090,0,0,4,4,0,10,0,3,3,28,3,14,3,17,11,4,0,9,0,61,11,61,3,41,44,11,3,10,3,191,18,41,9,45,28,16,3,23,6,185,43,45,5,47,44,18,9,28,3,242,53,35,5,40,31,17,6,11,0,190,22,6,0,8,12,8,3,7,0,63,6,0,0,0,3,0,0,0,0,11,0,0,0,0,0,0,0,0,0,0,154,197,35,203,170,76,27,94,24,969
LGA17950,0,0,3,0,0,0,0,7,0,14,8,4,11,0,0,3,0,5,0,42,42,11,19,7,0,3,22,12,0,111,37,5,22,4,0,3,11,20,3,110,63,8,18,0,3,3,22,12,0,130,57,5,22,0,4,7,17,25,3,136,28,3,7,0,0,0,10,8,0,58,14,0,0,0,0,0,0,0,4,19,0,0,0,0,0,0,0,0,0,0,253,32,106,15,18,22,83,90,15,622,0,0,0,3,0,8,0,4,0,14,0,4,0,15,4,4,0,3,0,29,14,31,3,7,24,11,0,3,0,98,20,23,4,19,20,8,0,8,3,101,35,25,3,17,24,6,4,15,3,122,25,17,6,18,18,4,3,12,0,108,14,3,0,6,5,3,0,7,0,37,8,0,0,0,3,0,0,0,0,11,0,0,0,0,0,0,0,0,0,7,113,110,23,83,89,43,4,51,8,530
LGA18020,0,0,16,0,0,6,0,24,0,55,18,0,35,10,3,9,5,31,3,110,36,22,49,17,7,11,33,50,4,231,84,25,48,14,10,11,39,54,7,298,140,32,66,21,12,15,62,64,7,411,175,19,51,8,14,14,47,54,9,395,111,13,9,0,5,7,11,16,3,174,44,3,3,0,0,0,3,4,3,64,15,0,0,0,0,0,0,0,0,11,620,119,275,72,50,74,204,294,38,1754,0,0,3,11,5,14,0,11,0,49,3,9,7,23,12,17,0,17,0,91,19,75,13,45,26,18,3,31,0,221,48,84,10,52,52,25,3,32,7,312,64,79,14,90,69,31,0,47,11,407,75,84,12,59,55,33,6,29,8,347,50,15,3,16,17,3,3,20,3,124,13,0,0,0,4,0,0,0,0,20,3,0,0,0,0,0,0,0,4,10,270,348,70,296,238,139,12,178,33,1581
LGA18050,3,13,24,71,26,86,4,50,3,287,83,235,181,183,82,140,41,137,24,1102,1088,2234,853,407,302,424,119,318,133,5877,1424,2032,493,231,254,293,67,156,97,5044,985,1247,320,112,187,199,74,144,63,3335,414,766,189,81,122,117,76,103,30,1906,121,314,69,28,55,56,61,53,20,779,18,50,7,7,18,9,8,7,8,138,5,6,0,4,5,0,0,3,3,23,4145,6905,2131,1133,1048,1327,460,969,382,18494,8,20,4,139,31,144,0,21,5,373,94,297,63,375,201,244,3,74,12,1358,1086,2940,186,721,782,538,19,156,95,6526,1000,1909,115,340,583,253,13,55,73,4342,551,1150,85,255,551,211,12,46,57,2911,208,711,49,167,395,117,10,42,21,1714,72,229,12,58,179,46,0,11,13,620,6,21,0,3,24,6,0,3,3,64,4,0,0,0,3,3,0,0,3,15,3028,7270,513,2057,2752,1561,57,410,281,17930
LGA18100,0,0,15,0,0,3,0,13,0,32,6,0,18,4,0,0,0,15,0,42,25,11,23,3,0,4,12,18,0,97,67,6,26,4,3,4,23,17,0,148,66,8,30,3,0,7,23,22,3,154,97,9,15,3,4,4,20,23,0,178,55,7,6,3,0,4,5,10,3,94,19,0,0,0,0,0,0,0,0,22,0,0,0,0,0,0,0,0,0,0,329,43,132,22,7,26,91,118,7,775,0,0,3,4,0,16,0,0,0,31,0,7,0,6,3,5,0,3,0,29,10,20,7,21,15,12,0,3,0,84,17,40,5,22,33,9,4,8,0,138,33,31,13,14,36,13,4,16,3,155,56,26,4,18,15,7,0,15,0,148,28,6,0,8,15,0,0,0,0,65,9,0,0,0,0,0,0,0,0,13,0,0,0,0,0,0,0,0,0,3,154,135,26,87,118,62,6,56,4,666
LGA18200,3,0,22,0,0,27,6,16,3,74,11,5,39,5,0,7,10,20,0,98,50,17,62,16,3,9,27,44,3,240,71,34,55,21,4,9,32,37,3,270,111,27,55,13,8,18,65,45,5,349,104,28,49,4,13,4,53,55,12,321,58,7,10,0,0,10,11,13,6,109,10,0,0,0,0,0,0,6,3,23,0,0,0,0,0,0,0,0,0,3,417,113,297,64,33,91,202,238,34,1489,3,3,4,23,6,38,0,6,3,88,0,15,8,20,14,21,0,14,0,101,26,39,11,36,33,16,0,19,6,185,39,66,18,41,45,25,4,30,0,268,55,73,8,49,67,22,3,33,0,306,57,47,11,34,67,14,0,34,10,271,19,12,0,8,15,5,0,8,3,69,9,0,0,0,0,0,0,0,3,14,0,0,0,0,0,0,0,0,0,0,208,254,62,202,254,146,11,143,22,1305
LGA18230,11,8,189,42,8,172,15,185,9,655,59,53,409,83,39,101,71,207,13,1032,272,311,717,162,93,186,225,371,49,2387,393,298,504,166,115,167,224,274,28,2164,462,293,461,194,134,154,318,265,36,2310,395,245,339,110,126,133,284,227,41,1894,185,77,102,32,31,52,98,79,20,668,50,11,18,3,8,6,13,9,8,121,16,0,4,0,0,0,0,5,0,22,1847,1300,2732,788,556,963,1247,1621,213,11262,16,12,26,186,43,355,0,82,7,727,36,141,64,298,142,202,5,67,10,959,161,711,125,481,412,232,14,160,33,2332,215,656,79,366,490,188,12,117,30,2152,275,558,72,381,644,202,24,196,32,2389,213,421,56,278,499,184,20,178,16,1851,80,69,16,35,84,41,4,37,14,388,26,6,3,4,10,6,0,5,8,66,5,0,0,3,0,0,0,0,4,17,1026,2586,433,2024,2316,1415,86,843,155,10882
LGA18250,8,41,32,116,26,131,15,82,11,471,81,338,140,227,109,220,28,116,27,1291,716,1924,526,205,341,296,82,204,99,4397,1394,2308,414,142,317,278,77,129,104,5166,1221,1544,349,100,260,220,114,150,76,4026,626,947,224,79,156,135,103,114,47,2436,186,355,72,17,67,65,40,67,12,885,26,61,17,0,9,3,5,5,9,127,3,8,0,0,3,0,0,0,3,21,4265,7518,1766,883,1285,1348,473,882,391,18815,3,45,5,211,48,254,4,22,7,614,73,372,51,333,248,272,3,42,36,1441,534,2108,138,416,651,338,8,108,61,4364,952,2054,121,267,720,251,5,57,76,4515,707,1338,119,305,748,254,21,101,67,3651,321,807,65,194,545,157,9,85,38,2217,62,201,16,45,209,63,0,18,9,625,3,27,0,9,21,5,0,0,8,71,0,4,0,0,0,0,0,0,0,9,2661,6959,521,1773,3191,1589,52,442,308,17499
LGA18350,8,5,167,49,12,163,13,229,19,662,44,32,316,72,9,61,65,147,14,764,214,175,560,121,47,89,189,218,26,1641,369,353,527,115,67,106,190,202,32,1963,499,441,568,133,106,116,279,248,43,2443,461,440,427,72,93,120,235,219,32,2103,229,253,126,29,57,71,81,58,20,923,57,57,9,4,12,9,9,6,12,176,5,6,0,0,0,4,3,0,3,22,1890,1764,2702,597,407,732,1066,1336,203,10692,12,12,29,213,25,288,4,84,10,672,40,74,59,205,98,134,10,48,7,671,140,348,121,263,258,148,16,109,16,1417,243,541,115,290,370,180,24,124,27,1927,315,670,140,354,548,253,31,233,26,2572,251,579,94,259,435,180,24,133,23,1978,82,166,22,43,166,77,7,44,9,626,20,15,8,4,17,5,3,4,10,82,3,0,0,0,0,0,0,0,0,11,1102,2410,588,1638,1913,1273,121,776,130,9947
LGA18400,14,13,342,37,5,94,45,250,8,820,47,74,501,65,42,79,118,213,26,1153,244,224,879,125,98,126,362,276,49,2400,505,285,854,142,131,109,471,260,51,2801,642,316,667,133,137,131,543,239,74,2878,414,267,459,79,114,92,432,218,34,2107,101,85,91,20,28,30,101,47,19,533,24,7,10,0,4,5,8,5,0,57,3,0,3,0,0,0,0,0,3,14,1996,1273,3802,613,571,663,2075,1503,266,12760,17,29,34,202,65,288,3,108,22,781,51,136,88,322,243,208,13,54,23,1136,187,559,142,330,521,203,30,121,31,2129,276,605,106,363,700,244,45,146,41,2527,291,525,119,362,806,262,49,176,31,2627,179,396,75,235,526,156,39,135,23,1767,33,65,11,29,99,32,3,21,10,297,3,7,3,3,6,0,0,3,5,31,0,3,0,0,0,0,0,0,0,5,1043,2319,596,1843,2971,1395,187,760,180,11297
LGA18450,31,62,682,282,55,473,125,670,35,2419,167,516,1588,636,258,543,281,803,77,4866,980,2249,2750,811,558,553,887,1029,178,9992,1565,2263,2403,698,555,465,1228,952,190,10319,1718,1926,2168,609,637,424,1398,986,180,10050,1030,1415,1396,342,428,291,1071,691,88,6752,209,356,189,79,109,70,172,146,41,1362,29,43,14,7,17,7,14,21,10,166,0,3,0,0,0,4,3,0,3,20,5734,8851,11189,3461,2618,2822,5175,5285,799,45941,38,99,84,666,186,1203,16,282,34,2602,214,815,272,1440,828,937,23,216,64,4806,722,3056,441,1528,1802,792,38,282,137,8804,981,3093,434,1319,2232,745,58,419,124,9390,945,2502,379,1442,2542,834,84,642,106,9478,517,1771,220,932,1539,519,63,552,60,6167,82,281,39,124,248,82,11,84,23,962,7,18,3,10,17,4,0,7,16,87,3,0,0,3,3,0,0,0,4,18,3509,11635,1861,7460,9387,5117,289,2481,570,42316
LGA18500,17,26,9,58,17,43,7,34,0,218,91,251,72,183,94,115,24,77,10,910,716,1615,271,224,210,300,48,77,57,3522,942,1360,185,94,178,176,42,75,64,3114,935,1128,141,66,147,139,34,42,83,2715,582,885,107,45,111,127,36,42,49,1989,326,604,50,30,50,73,25,39,41,1237,83,133,6,3,19,26,4,7,14,310,23,18,0,0,3,11,0,0,4,53,3715,6026,849,703,828,1007,218,391,327,14070,5,16,8,106,30,88,3,15,3,281,78,340,25,235,212,169,3,19,8,1089,770,2078,93,304,549,334,4,40,50,4228,709,1343,73,164,435,193,3,22,54,2992,564,992,74,162,436,164,5,17,32,2443,365,713,30,103,389,143,3,27,34,1813,152,335,14,41,244,89,3,11,25,920,35,46,3,10,34,14,0,0,10,152,4,3,0,0,8,0,0,0,3,18,2678,5866,323,1124,2344,1208,20,154,216,13936
LGA18710,5,5,46,20,3,45,13,76,3,218,14,17,111,22,11,33,20,55,6,296,85,69,189,53,29,27,43,58,12,583,228,172,186,66,65,32,56,79,21,909,246,221,182,64,97,41,99,60,25,1034,208,137,117,34,42,32,74,65,14,722,122,44,22,11,19,10,23,30,6,288,34,12,4,0,0,0,3,5,4,67,3,0,0,0,0,0,0,0,0,9,952,674,866,263,273,219,334,430,103,4118,3,3,15,100,17,77,0,36,3,265,12,37,34,85,53,29,3,23,6,278,68,174,37,91,125,38,6,33,10,577,174,315,36,97,224,54,4,21,16,935,188,263,39,116,315,57,3,39,17,1033,115,169,22,93,172,28,3,45,8,657,62,39,3,13,27,14,0,15,11,180,16,3,0,0,3,0,0,5,0,30,4,0,0,0,0,0,0,0,0,8,646,1002,179,592,935,303,21,218,67,3961
LGA19399,0,0,0,0,0,0,0,4,0,5,3,0,3,0,0,0,0,18,0,27,20,0,15,0,0,0,4,20,3,56,32,3,10,0,3,0,0,11,4,71,32,7,9,4,0,0,0,12,3,61,34,0,6,3,0,4,6,16,3,71,25,0,3,0,0,0,0,0,0,32,11,0,0,0,0,0,0,0,0,13,0,0,0,0,0,0,0,0,0,0,154,12,39,9,6,6,11,78,10,339,0,3,0,0,0,0,0,4,0,8,0,3,0,4,0,0,0,7,0,17,13,13,4,7,9,0,0,3,0,44,23,3,0,6,8,3,0,6,3,57,21,4,0,3,8,3,0,8,0,48,26,7,0,0,4,0,0,14,3,48,23,3,0,0,0,0,0,3,0,28,0,0,0,0,0,0,0,0,0,3,0,0,0,0,0,0,0,0,0,0,104,35,8,25,31,11,0,42,10,260
LGA19499,0,8,10,17,0,4,3,16,3,63,17,28,58,50,4,24,20,73,10,284,43,117,130,47,25,23,87,143,15,637,49,72,82,27,27,17,79,77,19,441,25,46,61,28,17,22,64,43,11,319,29,28,46,11,12,13,42,34,11,228,8,19,8,0,3,9,8,3,0,61,0,0,0,0,0,0,0,0,0,3,0,0,0,0,0,0,0,0,0,5,167,321,397,186,88,109,314,395,63,2042,0,0,0,18,0,13,0,10,0,44,10,26,16,72,26,30,3,50,5,243,30,133,32,81,41,35,11,76,9,451,19,64,13,24,24,15,6,11,9,183,23,53,15,26,39,4,3,17,11,185,10,37,7,25,34,10,5,16,7,151,3,6,0,3,6,0,0,0,0,28,0,0,0,0,0,0,0,0,0,0,0,0,0,0,0,0,0,0,0,0,106,329,80,247,172,111,29,183,37,1291
LGA19799,0,0,0,0,0,0,0,0,0,0,0,0,0,0,0,0,0,0,0,3,0,3,3,0,0,0,0,3,0,9,3,3,3,0,0,0,0,3,0,11,0,0,4,0,0,0,5,3,0,20,0,3,0,0,0,0,0,0,0,10,0,0,0,0,0,0,3,0,0,6,0,0,0,0,0,0,0,0,0,0,0,0,0,0,0,0,0,0,0,0,3,9,14,3,0,0,9,15,3,59,0,0,0,0,0,4,0,0,0,3,0,0,0,0,0,0,0,0,0,3,0,7,4,0,3,0,0,0,0,17,0,0,0,4,0,0,0,0,0,13,0,7,4,4,0,4,0,0,0,17,0,3,0,3,0,3,0,3,3,11,0,0,0,0,4,3,0,0,0,11,0,0,0,0,0,0,0,0,0,0,0,0,0,0,0,0,0,0,0,0,0,15,10,11,18,15,0,3,3,72
