LGA_CODE_2016,P_PNG_0_4,P_PNG_5_14,P_PNG_15_24,P_PNG_25_44,P_PNG_45_54,P_PNG_55_64,P_PNG_65_74,P_PNG_75_84,P_PNG_85ov,P_PNG_Tot,P_Philippines_0_4,P_Philippines_5_14,P_Philippines_15_24,P_Philippines_25_44,P_Philippines_45_54,P_Philippines_55_64,P_Philippines_65_74,P_Philippines_75_84,P_Philippines_85ov,P_Philippines_Tot,P_Poland_0_4,P_Poland_5_14,P_Poland_15_24,P_Poland_25_44,P_Poland_45_54,P_Poland_55_64,P_Poland_65_74,P_Poland_75_84,P_Poland_85ov,P_Poland_Tot,P_Scotland_0_4,P_Scotland_5_14,P_Scotland_15_24,P_Scotland_25_44,P_Scotland_45_54,P_Scotland_55_64,P_Scotland_65_74,P_Scotland_75_84,P_Scotland_85ov,P_Scotland_Tot,P_Singapore_0_4,P_Singapore_5_14,P_Singapore_15_24,P_Singapore_25_44,P_Singapore_45_54,P_Singapore_55_64,P_Singapore_65_74,P_Singapore_75_84,P_Singapore_85ov,P_Singapore_Tot,P_South_Africa_0_4,P_South_Africa_5_14,P_South_Africa_15_24,P_South_Africa_25_44,P_South_Africa_45_54,P_South_Africa_55_64,P_South_Africa_65_74,P_South_Africa_75_84,P_South_Africa_85ov,P_South_Africa_Tot,P_SE_Europe_nfd_0_4,P_SE_Europe_nfd_5_14,P_SE_Europe_nfd_15_24,P_SE_Europe_nfd_25_44,P_SE_Europe_nfd_45_54,P_SE_Europe_nfd_55_64,P_SE_Europe_nfd_65_74,P_SE_Europe_nfd_75_84,P_SE_Europe_nfd_85ov,P_SE_Europe_nfd_Tot,P_Sri_Lanka_0_4,P_Sri_Lanka_5_14,P_Sri_Lanka_15_24,P_Sri_Lanka_25_44,P_Sri_Lanka_45_54,P_Sri_Lanka_55_64,P_Sri_Lanka_65_74,P_Sri_Lanka_75_84,P_Sri_Lanka_85ov,P_Sri_Lanka_Tot,P_Taiwan_0_4,P_Taiwan_5_14,P_Taiwan_15_24,P_Taiwan_25_44,P_Taiwan_45_54,P_Taiwan_55_64,P_Taiwan_65_74,P_Taiwan_75_84,P_Taiwan_85ov,P_Taiwan_Tot,P_Thailand_0_4,P_Thailand_5_14,P_Thailand_15_24,P_Thailand_25_44,P_Thailand_45_54,P_Thailand_55_64,P_Thailand_65_74,P_Thailand_75_84,P_Thailand_85ov,P_Thailand_Tot,P_FYROM_0_4,P_FYROM_5_14,P_FYROM_15_24,P_FYROM_25_44,P_FYROM_45_54,P_FYROM_55_64,P_FYROM_65_74,P_FYROM_75_84,P_FYROM_85ov,P_FYROM_Tot,P_Turkey_0_4,P_Turkey_5_14,P_Turkey_15_24,P_Turkey_25_44,P_Turkey_45_54,P_Turkey_55_64,P_Turkey_65_74,P_Turkey_75_84,P_Turkey_85ov,P_Turkey_Tot,P_USA_0_4,P_USA_5_14,P_USA_15_24,P_USA_25_44,P_USA_45_54,P_USA_55_64,P_USA_65_74,P_USA_75_84,P_USA_85ov,P_USA_Tot,P_Vietnam_0_4,P_Vietnam_5_14,P_Vietnam_15_24,P_Vietnam_25_44,P_Vietnam_45_54,P_Vietnam_55_64,P_Vietnam_65_74,P_Vietnam_75_84,P_Vietnam_85ov,P_Vietnam_Tot,P_Wales_0_4,P_Wales_5_14,P_Wales_15_24,P_Wales_25_44,P_Wales_45_54,P_Wales_55_64,P_Wales_65_74,P_Wales_75_84,P_Wales_85ov,P_Wales_Tot,P_Zimbabwe_0_4,P_Zimbabwe_5_14,P_Zimbabwe_15_24,P_Zimbabwe_25_44,P_Zimbabwe_45_54,P_Zimbabwe_55_64,P_Zimbabwe_65_74,P_Zimbabwe_75_84,P_Zimbabwe_85ov,P_Zimbabwe_Tot,P_Elsewhere_0_4,P_Elsewhere_5_14,P_Elsewhere_15_24,P_Elsewhere_25_44,P_Elsewhere_45_54,P_Elsewhere_55_64,P_Elsewhere_65_74,P_Elsewhere_75_84,P_Elsewhere_85ov,P_Elsewhere_Tot,P_COB_NS_0_4,P_COB_NS_5_14,P_COB_NS_15_24,P_COB_NS_25_44,P_COB_NS_45_54,P_COB_NS_55_64,P_COB_NS_65_74,P_COB_NS_75_84,P_COB_NS_85ov,P_COB_NS_Tot,P_Tot_0_4,P_Tot_5_14,P_Tot_15_24,P_Tot_25_44,P_Tot_45_54,P_Tot_55_64,P_Tot_65_74,P_Tot_75_84,P_Tot_85ov,P_Tot_Tot
LGA10050,0,0,0,7,12,3,0,0,0,20,3,25,27,112,48,37,19,0,0,283,0,0,0,7,0,7,7,3,13,37,0,0,0,17,24,41,38,28,8,163,3,0,0,9,5,3,0,0,0,21,0,10,21,40,33,15,10,6,4,132,0,0,0,3,5,3,9,9,6,29,5,9,9,56,11,10,0,0,0,102,0,0,0,3,0,0,0,0,0,4,0,6,7,30,11,6,0,0,0,63,0,0,0,0,0,0,0,0,0,3,0,0,0,0,0,0,0,0,0,0,0,8,13,32,15,18,9,3,0,102,0,5,3,19,3,0,3,0,0,35,0,0,0,10,7,11,15,0,0,45,0,4,8,10,4,3,0,0,0,32,5,42,44,298,136,96,114,86,38,860,193,331,463,946,473,531,442,382,184,3949,3286,6328,6755,12697,6497,6372,4907,2913,1329,51076
LGA10130,0,3,3,18,11,4,0,0,0,48,0,11,23,85,12,13,0,0,0,154,0,0,0,3,0,3,0,3,0,10,0,5,10,8,14,17,25,9,4,97,0,9,0,5,0,4,0,3,0,24,0,9,21,22,22,12,8,3,0,89,0,0,0,0,0,0,0,0,0,0,0,9,8,31,5,9,0,4,0,63,0,0,5,34,0,0,0,0,0,43,0,3,3,16,0,0,0,0,0,32,0,0,0,0,0,0,0,0,0,0,0,0,0,0,0,0,0,0,0,4,7,17,18,34,21,29,23,4,0,148,0,8,5,33,4,0,0,0,0,50,0,9,0,7,9,3,6,0,4,32,0,0,7,10,6,3,0,0,0,24,29,73,75,245,60,48,37,21,3,594,93,185,471,523,341,309,247,184,69,2425,1669,3667,5352,6560,3657,3552,2747,1595,649,29449
LGA10250,0,0,3,14,27,19,3,0,0,68,0,8,7,40,15,20,13,3,0,110,0,0,0,3,0,3,3,0,4,20,0,6,8,20,27,27,43,26,8,172,3,0,0,7,5,3,0,0,0,25,0,11,13,49,45,33,43,22,6,232,0,0,0,0,0,0,5,0,0,11,0,0,0,5,3,5,6,0,3,27,0,0,0,6,0,0,0,0,0,4,0,6,12,25,15,3,0,0,0,68,0,0,0,0,0,0,0,0,0,0,0,0,0,6,0,0,0,0,0,5,0,10,7,34,32,28,25,9,0,146,0,3,0,14,8,0,0,0,0,30,0,0,0,6,4,12,15,10,3,53,0,3,0,5,10,3,8,0,0,33,3,17,14,113,64,66,68,42,18,404,121,272,246,582,466,522,437,323,233,3195,2072,4856,3953,8243,5759,6434,5503,3203,1755,41790
LGA10300,0,0,0,0,0,0,0,0,0,0,0,0,0,0,0,0,0,0,0,3,0,0,0,0,0,0,0,0,0,0,0,0,0,0,0,0,0,0,0,4,0,0,0,0,0,0,0,0,0,0,0,0,0,0,0,0,0,0,0,0,0,0,0,0,0,0,0,0,0,0,0,0,0,0,0,0,0,0,0,0,0,0,0,4,0,0,0,0,0,4,0,0,0,0,0,6,0,0,0,7,0,0,0,0,0,0,0,0,0,0,0,0,0,0,0,0,0,0,0,0,0,0,0,0,0,0,0,0,0,3,0,0,0,0,0,0,0,0,0,0,0,0,0,0,0,0,0,0,0,0,0,0,0,0,0,0,0,0,0,0,0,3,6,10,3,0,0,0,0,20,7,29,30,59,36,53,32,25,9,281,143,336,264,503,290,377,202,131,35,2287
LGA10470,0,0,0,11,15,6,0,0,0,29,8,15,18,63,24,16,4,3,0,155,0,0,0,0,0,5,3,6,0,19,3,4,10,15,28,39,39,27,4,162,0,0,0,7,5,5,3,3,0,22,0,4,16,36,13,9,11,0,0,103,0,0,0,0,4,3,3,4,0,14,0,7,6,18,17,3,5,0,0,47,0,0,0,0,0,0,0,0,0,3,0,0,7,27,9,3,0,0,0,49,0,0,0,0,5,0,0,0,0,8,0,0,0,0,0,0,0,0,0,0,3,7,10,22,7,7,6,0,0,72,3,3,8,33,12,0,0,0,0,65,0,0,0,0,11,3,3,3,0,21,0,0,4,4,5,6,3,0,0,21,4,10,32,78,51,46,44,26,13,297,120,254,533,637,397,428,390,263,174,3195,2546,5571,6125,10051,5238,4991,3862,2019,892,41300
LGA10550,0,0,0,4,11,5,4,0,0,18,4,7,3,38,22,29,5,3,4,120,0,0,0,5,4,4,3,6,3,25,0,0,0,8,14,39,64,33,6,159,3,0,0,4,3,7,0,0,0,16,0,3,3,19,6,20,18,10,6,85,0,0,0,0,0,5,0,9,0,16,0,0,0,0,0,0,3,0,0,11,0,0,0,3,0,0,0,0,0,3,3,3,9,29,8,8,0,0,0,59,0,0,0,0,0,0,0,0,0,4,0,0,0,0,0,0,0,0,0,5,0,8,4,28,12,28,39,7,3,131,0,0,0,13,3,0,0,0,0,20,0,0,0,3,7,12,11,5,0,38,0,0,0,0,0,3,6,0,0,11,3,11,7,59,56,66,85,60,15,359,75,235,219,499,472,568,449,293,133,2946,1468,3789,2982,5601,4648,6154,5060,2546,999,33253
LGA10600,0,0,0,3,3,3,0,0,0,14,0,0,0,3,9,6,0,0,0,20,0,0,0,0,0,0,4,0,0,5,0,0,0,8,10,14,20,13,6,65,0,0,0,3,3,0,0,0,0,7,0,0,0,13,9,9,4,6,0,44,0,0,0,0,0,0,0,0,0,0,0,0,0,0,0,0,0,0,0,0,0,0,0,0,0,0,0,0,0,3,0,0,0,7,0,0,0,0,0,7,0,0,0,0,0,0,0,0,0,0,0,0,0,0,3,0,0,0,0,3,0,0,3,8,12,13,17,3,0,50,0,0,0,3,0,0,0,0,0,3,0,0,0,7,5,7,6,0,3,26,0,0,0,0,3,5,0,0,0,7,3,7,3,29,25,30,25,20,3,152,26,117,67,173,154,188,148,91,40,1005,605,1594,1115,2276,1824,2240,1718,924,368,12668
LGA10650,0,0,0,0,0,0,0,0,0,0,3,5,3,11,8,10,0,3,0,44,0,0,0,0,0,0,0,0,0,3,0,0,0,8,7,7,14,3,0,38,0,0,0,0,0,0,0,0,0,0,0,3,0,8,3,0,0,0,0,17,0,0,0,0,0,0,0,0,0,3,0,6,0,12,0,0,0,0,0,15,0,3,0,0,0,0,0,0,0,0,0,0,0,3,0,0,0,0,0,3,0,0,0,0,0,0,0,0,0,0,0,0,0,0,0,0,0,0,0,0,0,0,0,3,0,0,3,0,0,10,0,0,0,0,0,0,0,0,0,0,0,0,0,0,0,0,3,3,0,5,0,0,0,3,0,0,0,0,0,4,3,7,0,12,8,7,9,4,3,55,45,85,88,182,106,150,154,104,36,948,471,972,756,1596,936,1304,1370,739,313,8462
LGA10750,0,0,16,50,42,23,4,4,0,143,130,998,2069,8231,4494,3757,1657,378,203,21917,0,10,15,181,100,225,155,95,150,932,0,19,18,95,168,203,211,128,50,894,16,74,76,128,82,97,49,15,8,541,10,113,221,616,357,262,138,62,11,1787,0,0,4,80,84,116,111,102,29,525,38,232,385,2182,843,668,372,140,45,4895,8,8,26,148,28,52,18,0,3,287,10,42,77,312,100,58,18,7,0,621,0,0,3,33,38,51,42,17,0,192,11,15,90,413,393,214,145,44,5,1335,24,146,170,259,102,74,33,7,0,816,3,7,41,374,216,239,72,19,12,990,0,5,0,22,21,30,28,25,3,124,0,13,80,127,62,29,5,0,0,324,154,878,1855,5059,2861,2290,1412,773,341,15616,1300,2280,2263,5329,2451,2122,1571,850,350,18522,26928,49739,46120,103650,42063,33702,21536,9674,3553,336962
LGA10800,5,6,7,7,0,0,0,0,0,25,0,3,0,9,4,0,0,0,0,20,0,0,0,0,0,0,0,0,0,0,0,0,0,0,0,0,0,0,0,0,0,0,0,0,0,0,0,0,0,0,0,3,0,6,3,3,0,0,0,20,0,0,0,0,0,0,0,0,0,0,0,3,0,0,0,0,0,0,0,7,0,0,0,3,0,0,0,0,0,3,0,0,0,0,0,0,0,0,0,3,0,0,0,0,0,0,0,0,0,0,0,0,0,0,0,0,0,0,0,0,0,0,0,0,3,0,0,0,0,5,0,0,0,3,0,0,0,0,0,4,0,0,0,0,0,0,3,0,0,3,0,0,0,4,0,0,0,0,0,3,3,6,0,8,5,8,0,3,0,29,29,79,65,142,96,112,98,85,69,769,351,876,599,1269,709,866,626,442,211,5955
LGA10850,0,0,0,0,0,0,0,0,0,0,0,0,0,3,0,3,3,0,0,13,0,0,0,3,0,3,0,0,0,8,0,0,0,0,3,6,4,4,0,24,0,0,0,0,0,0,0,0,0,0,0,0,0,4,0,0,0,0,0,10,0,0,0,0,0,0,0,0,0,3,0,0,0,0,3,0,0,0,0,4,0,0,0,0,0,0,0,0,0,0,0,0,3,0,0,0,0,0,0,4,0,0,0,0,0,0,0,0,0,0,0,0,0,0,0,0,0,0,0,0,0,0,0,3,3,3,0,0,0,5,0,0,0,4,0,0,0,0,0,4,0,0,0,0,0,3,3,0,0,9,0,0,0,0,0,0,0,0,0,0,0,3,0,13,0,3,5,3,0,35,20,53,57,134,107,100,69,52,13,606,451,1058,786,1574,1029,1014,759,426,165,7257
LGA10900,0,0,0,17,23,19,4,8,0,74,0,13,26,98,41,49,28,3,0,258,0,0,4,42,20,64,33,18,8,179,0,21,6,50,85,117,157,72,26,539,0,3,7,23,11,6,4,4,0,67,0,8,10,80,58,61,51,20,3,288,0,0,0,10,9,17,11,4,0,56,0,0,3,16,16,10,10,11,0,59,0,7,3,13,6,4,0,0,0,28,3,5,17,69,12,13,3,0,0,126,0,0,0,3,0,0,0,0,0,6,0,0,0,0,3,6,3,3,0,16,3,30,29,96,96,85,88,23,6,445,3,3,42,64,12,4,3,0,0,129,0,0,0,9,34,24,40,12,5,133,0,0,0,8,11,12,0,0,0,33,12,38,58,311,237,253,303,137,67,1411,150,337,313,826,594,672,612,306,109,3921,4232,9837,8402,16671,10982,11758,9280,4107,1630,76904
LGA10950,0,0,0,0,0,0,0,0,0,5,0,3,0,3,0,0,0,0,0,7,0,0,0,0,0,0,0,0,0,0,0,0,0,0,0,0,0,0,0,0,0,0,0,0,0,0,0,0,0,0,0,0,0,0,4,0,0,0,0,3,0,0,0,0,0,0,0,0,0,0,0,0,0,0,0,0,0,0,0,0,0,0,0,0,0,0,0,0,0,0,0,0,0,0,0,0,0,0,0,0,0,0,0,0,0,0,0,0,0,0,0,0,0,0,0,0,0,0,0,0,0,3,0,0,0,0,0,0,0,3,0,0,0,0,0,0,0,0,0,3,0,0,0,0,0,0,0,0,0,0,0,0,0,0,3,0,0,0,0,4,0,0,3,4,0,3,0,0,0,9,31,33,35,82,53,41,24,14,14,334,207,344,323,614,394,280,284,187,65,2692
LGA11100,0,5,3,9,8,5,0,0,0,28,7,53,86,461,199,170,70,25,8,1080,3,0,3,55,23,34,23,9,3,143,0,0,6,47,40,31,35,13,0,179,0,6,15,65,10,17,14,5,0,133,3,4,24,107,57,28,15,10,0,249,0,0,5,10,20,18,11,13,3,79,0,0,8,40,20,18,13,4,3,114,0,6,15,87,8,9,8,0,0,140,3,18,27,320,42,29,9,0,0,440,0,0,0,12,5,14,17,16,0,62,0,3,14,86,114,67,50,29,0,365,0,11,22,44,19,14,0,5,0,114,3,6,24,119,47,38,15,10,0,271,3,4,3,13,13,3,3,3,0,39,0,0,3,13,5,3,0,0,0,27,23,84,205,1174,427,500,451,244,90,3191,171,283,419,1149,410,362,258,172,55,3282,2895,5024,6447,15920,5846,4430,3269,2052,765,46654
LGA11150,0,0,0,3,0,0,0,0,0,5,0,0,0,3,0,0,0,0,0,3,0,0,0,0,0,0,0,0,0,0,0,0,0,0,0,0,0,0,0,0,0,0,0,0,0,0,0,0,0,0,0,0,0,0,0,0,0,0,0,3,0,0,0,0,0,0,0,0,0,0,0,0,0,0,0,0,0,0,0,0,0,0,0,0,0,0,0,0,0,0,0,0,0,0,0,0,0,0,0,0,0,0,0,0,0,0,0,0,0,0,0,0,0,0,0,0,0,0,0,0,0,0,0,3,0,0,0,0,0,4,0,0,0,0,0,0,0,0,0,0,0,0,0,0,0,0,0,0,0,0,0,0,0,0,0,0,0,0,0,0,0,0,0,8,0,3,0,4,0,16,46,68,44,126,102,71,47,36,13,560,222,395,286,661,401,309,209,110,40,2634
LGA11200,0,0,0,0,0,0,0,0,0,0,0,0,0,0,0,0,0,0,0,0,0,0,0,0,0,0,0,0,0,0,0,0,0,0,0,0,0,0,0,0,0,0,0,0,0,0,0,0,0,0,0,0,0,0,0,0,0,0,0,0,0,0,0,0,0,0,0,0,0,0,0,0,0,0,0,0,0,0,0,0,0,0,0,0,0,0,0,0,0,0,0,0,0,0,0,0,0,0,0,0,0,0,0,0,0,0,0,0,0,0,0,0,0,0,0,0,0,0,0,0,0,0,0,0,0,0,0,0,0,0,0,0,0,0,0,0,0,0,0,0,0,0,0,0,0,0,0,0,0,0,0,0,0,0,0,0,0,0,0,0,0,0,0,4,3,5,0,0,0,9,6,15,15,45,34,31,13,4,0,166,124,255,213,393,270,216,110,45,21,1651
LGA11250,0,0,0,0,0,0,0,0,0,0,0,18,6,54,23,15,7,0,0,124,0,0,0,0,0,0,0,0,0,0,0,0,0,0,3,5,10,4,0,27,0,0,0,0,0,0,0,0,0,0,0,0,0,5,3,10,0,0,0,21,0,0,0,0,0,0,0,0,0,7,0,0,0,5,4,0,3,0,0,8,0,0,0,0,0,0,0,0,0,0,0,5,0,4,0,0,0,0,0,7,0,0,0,0,0,0,0,0,0,0,0,0,0,0,0,0,0,0,0,0,0,0,0,4,0,6,0,0,0,21,0,0,0,3,0,0,0,0,0,3,0,0,0,0,0,0,0,0,3,8,0,0,0,0,0,0,0,0,0,0,0,0,8,16,10,10,12,6,0,63,58,103,114,335,220,252,237,137,82,1543,974,1972,1911,3970,2356,2663,2049,1219,593,17708
LGA11300,0,0,0,11,10,10,3,6,8,55,0,11,26,229,55,52,43,13,3,438,0,0,3,29,5,25,18,11,19,113,0,0,0,4,4,11,14,10,5,45,3,11,28,35,14,11,10,6,0,115,0,3,3,13,12,5,7,6,0,59,0,0,0,0,3,3,9,11,6,34,0,3,7,64,33,45,30,18,9,210,0,3,52,270,23,26,17,8,0,403,0,0,37,183,23,5,4,0,0,252,0,0,0,0,8,3,4,0,0,15,0,0,3,26,20,10,12,11,0,84,3,8,13,26,17,7,12,4,0,88,4,10,127,275,146,144,58,25,6,799,0,0,0,3,0,0,0,0,3,11,0,0,3,3,0,0,0,0,0,7,6,27,75,363,158,156,143,105,77,1113,98,108,339,670,221,190,146,120,88,1983,1670,3129,6559,12241,4337,3615,2484,1798,976,36809
LGA11350,0,0,0,25,9,8,0,0,0,47,0,3,4,13,14,10,3,3,0,57,0,0,0,18,3,4,0,3,3,31,0,0,4,23,16,33,23,14,6,109,0,0,0,3,4,4,0,0,0,15,0,0,8,47,39,40,33,6,3,176,0,0,0,0,0,0,0,0,0,3,0,0,0,6,8,3,0,0,0,20,0,4,0,3,3,0,0,0,0,14,0,9,11,28,8,5,6,0,0,65,0,0,0,0,0,0,0,0,0,9,0,0,0,3,3,0,0,0,0,8,5,11,33,93,58,57,62,12,3,332,0,0,0,6,3,5,0,0,0,19,0,0,4,7,11,3,8,0,0,32,0,0,0,7,7,7,3,0,0,24,9,42,49,350,135,122,71,22,16,809,167,432,354,1147,722,785,480,170,113,4364,1553,3739,2806,7776,4879,5482,3371,1270,687,31556
LGA11400,0,0,0,0,3,0,0,0,0,5,0,7,0,15,3,3,0,0,0,36,0,0,0,4,0,0,0,0,0,3,0,3,0,7,3,4,5,5,0,21,0,0,0,0,0,0,0,0,0,0,0,0,8,12,16,6,0,3,3,51,0,0,0,0,0,0,0,0,0,0,0,0,0,0,0,0,0,0,0,0,0,0,0,0,0,0,0,0,0,0,0,0,0,5,0,0,0,0,0,6,0,0,0,0,0,0,0,0,0,0,0,0,0,0,0,0,0,0,0,0,0,6,0,0,5,0,0,0,0,12,0,0,0,0,0,0,0,0,0,0,0,0,0,0,0,0,0,4,0,8,0,0,3,0,0,0,0,0,0,9,0,3,0,14,15,20,11,5,0,73,46,104,90,220,175,146,160,87,41,1074,831,2054,1420,2753,1887,1782,1559,792,306,13386
LGA11450,0,0,5,17,11,6,0,4,0,43,4,16,37,269,110,85,23,0,3,543,0,3,3,65,21,16,25,12,6,146,3,18,20,80,70,105,79,42,10,420,0,3,10,18,6,6,6,3,0,63,3,15,44,144,83,36,30,12,0,371,0,0,0,16,21,26,12,7,0,87,0,8,4,48,36,14,6,9,0,132,0,0,0,34,5,7,0,0,0,51,3,5,12,83,21,11,5,0,0,140,0,0,0,22,25,18,10,3,0,76,0,0,3,15,11,0,0,0,0,34,4,29,24,60,32,21,10,0,0,179,0,5,9,84,30,21,4,3,0,161,0,4,7,17,19,11,18,9,5,96,0,10,35,64,29,17,0,0,0,151,12,33,74,636,382,297,170,77,26,1701,270,427,441,1223,535,413,320,182,98,3909,6552,12151,10195,23860,9839,7377,4977,2292,980,78218
LGA11500,0,3,16,30,21,16,4,0,0,86,27,199,405,1514,870,684,313,67,28,4111,0,0,10,116,69,142,90,37,13,477,0,9,6,72,102,228,236,95,19,764,3,5,16,37,18,28,8,7,0,123,3,18,64,289,156,168,139,47,9,905,0,0,8,19,34,27,36,29,5,154,12,47,43,239,114,87,49,23,7,638,0,0,6,48,10,16,0,0,0,84,11,18,56,283,95,58,38,0,0,555,0,0,6,40,60,38,29,9,0,186,0,3,0,31,16,12,6,3,0,77,11,30,40,107,51,27,28,5,0,303,10,20,54,368,177,153,39,21,3,843,0,0,4,17,19,39,28,15,4,122,0,16,45,75,38,10,5,0,0,195,47,311,546,2366,1665,1357,849,363,95,7600,628,1221,1320,2743,1250,1241,1023,534,391,10371,11605,22257,22104,44407,19566,18553,12079,4780,1666,157006
LGA11520,0,0,3,26,25,10,3,0,0,65,3,27,34,400,96,100,42,9,3,712,0,3,0,76,12,34,24,21,11,182,0,3,9,89,49,43,55,27,14,287,12,23,26,94,24,29,16,9,3,245,3,11,29,201,72,63,34,10,3,430,0,0,3,17,25,18,7,14,4,88,0,0,10,167,51,52,34,31,6,365,6,4,21,173,19,36,10,3,0,276,5,22,28,229,32,28,10,3,0,358,0,0,0,18,19,4,8,3,0,56,0,0,11,82,68,47,29,11,6,249,25,51,39,118,56,39,35,9,4,372,0,6,42,320,137,76,43,15,4,655,0,0,0,22,16,9,10,5,3,55,0,0,3,23,14,7,4,3,0,53,57,158,181,1308,415,321,295,161,83,2995,285,396,591,2016,658,576,495,285,185,5473,5463,8822,10293,30031,11236,9267,6867,4023,2020,88015
LGA11570,0,0,9,39,36,29,11,14,3,143,32,169,379,1680,779,678,309,63,25,4114,0,5,12,140,62,106,102,97,108,628,0,3,7,39,48,93,93,53,50,388,4,36,37,132,55,86,47,23,5,423,0,20,49,186,122,82,58,33,10,550,0,0,0,26,49,58,70,56,12,268,3,16,46,225,95,123,79,36,17,646,6,11,41,261,40,61,29,3,3,459,13,53,129,667,144,133,40,5,3,1193,0,10,40,288,397,499,453,223,53,1971,7,8,23,190,208,113,100,48,4,697,14,84,80,192,69,42,28,7,3,530,88,347,1541,6341,4381,4053,1402,632,288,19068,0,3,0,22,15,11,18,6,9,81,0,9,33,66,30,10,3,0,0,160,224,940,1538,6403,3428,2642,1923,1123,461,18681,1441,2434,2603,6238,2933,2454,1898,1316,646,21956,24976,46061,46356,99909,43804,36941,24897,15862,7487,346302
LGA11600,0,0,0,0,0,0,0,0,0,0,0,0,0,7,0,0,0,0,0,14,0,0,0,0,0,0,0,0,0,0,0,0,0,3,0,0,0,0,0,10,0,0,0,0,0,0,0,0,0,0,0,3,0,10,4,0,0,0,0,22,0,0,0,0,0,0,0,0,0,0,0,0,0,0,0,0,0,0,0,0,0,0,0,5,0,0,0,0,0,9,0,0,0,0,0,0,0,0,0,0,0,0,0,0,0,0,0,0,0,0,0,0,0,0,0,0,0,0,0,3,0,0,0,3,0,0,0,0,0,5,0,0,0,0,0,0,0,0,0,0,0,0,0,0,0,0,0,0,0,0,0,0,4,3,3,0,0,0,0,9,0,0,8,12,0,0,0,4,0,27,11,25,23,93,37,40,21,20,8,282,186,351,311,692,397,382,204,135,60,2719
LGA11650,0,7,17,91,85,60,19,15,5,303,19,89,137,654,339,332,136,26,21,1752,0,8,6,87,38,75,63,35,29,339,3,54,41,206,296,375,482,317,120,1889,6,20,12,34,46,40,16,8,8,197,0,87,163,468,340,239,193,101,28,1612,0,0,0,8,24,24,28,33,11,128,0,4,3,82,44,37,41,21,3,239,0,14,10,58,15,12,3,0,0,116,14,41,56,288,100,50,3,0,0,560,0,0,0,3,7,17,8,3,0,39,0,0,3,25,26,10,15,6,3,90,15,114,90,287,203,175,132,26,13,1056,4,24,20,143,58,36,12,4,0,302,3,14,9,86,75,89,116,70,28,485,0,17,31,102,51,36,22,12,3,278,35,158,172,1190,790,742,839,522,170,4619,811,1756,1916,4403,2846,2944,2874,2205,1543,21301,19181,41245,38098,74650,43630,42364,36591,21691,10278,327736
LGA11700,0,0,0,0,0,0,0,0,0,0,0,0,0,0,0,0,0,0,0,3,0,0,0,0,0,0,0,0,0,0,0,0,0,0,0,0,0,0,0,0,0,0,0,0,0,0,0,0,0,0,0,0,0,0,0,0,0,0,0,0,0,0,0,0,0,0,0,0,0,0,0,0,0,0,0,0,0,0,0,0,0,3,0,0,0,0,0,0,0,3,0,0,0,0,0,0,0,0,0,0,0,0,0,0,0,0,0,0,0,0,0,0,0,0,0,0,0,0,0,0,0,0,0,0,0,0,0,0,0,3,0,0,0,0,0,0,0,0,0,0,0,0,0,0,0,0,0,0,0,0,0,0,0,0,0,0,0,0,0,0,0,0,0,3,3,0,0,0,0,12,17,30,26,68,47,46,29,21,0,295,136,211,227,457,249,268,197,73,23,1833
LGA11720,0,0,0,9,3,8,0,0,0,19,7,13,17,68,35,29,15,0,0,179,0,0,0,6,0,3,3,0,5,20,0,0,7,10,25,49,75,33,9,207,0,0,0,0,0,0,0,0,0,9,0,3,8,22,17,12,16,5,0,91,0,0,0,0,0,8,4,4,0,15,0,0,0,8,3,3,0,0,0,13,0,0,0,3,0,0,0,0,0,7,7,8,11,40,16,4,0,0,0,92,0,0,0,0,0,0,0,0,0,3,0,0,0,3,0,0,0,0,0,3,3,3,3,30,17,14,16,3,0,89,0,0,4,10,0,3,0,0,0,15,0,0,0,4,9,5,12,4,0,33,0,0,0,4,3,3,3,0,0,13,0,4,6,66,39,49,71,22,14,272,219,464,419,1049,620,665,610,283,152,4478,3792,7587,6895,14015,6988,7177,5519,2538,1052,55560
LGA11730,0,0,0,12,11,8,0,3,0,34,0,11,5,52,31,37,15,0,0,154,0,0,0,0,0,0,3,0,0,10,0,3,0,4,23,34,61,25,6,153,0,0,0,5,3,0,3,0,0,8,0,3,4,25,19,23,11,8,0,86,0,0,0,0,0,3,0,0,0,6,0,3,0,11,3,3,7,7,0,28,0,0,0,4,0,4,0,0,0,16,0,8,0,15,10,7,0,0,0,45,0,0,0,3,0,0,0,0,0,3,0,0,0,0,0,0,0,0,0,3,0,13,4,25,19,18,26,4,3,116,0,0,4,13,3,0,0,0,0,31,0,0,0,5,0,13,18,10,0,43,0,0,0,9,11,3,9,0,0,29,3,15,16,70,44,58,73,37,15,318,147,350,379,797,593,793,750,446,166,4411,2470,5837,5011,9295,6710,8345,7399,3989,1618,50671
LGA11750,0,3,3,6,0,0,0,0,0,19,0,0,0,4,0,4,0,0,0,12,0,0,0,0,0,0,0,0,0,0,0,0,0,0,0,0,0,0,0,0,0,0,0,0,0,0,0,0,0,0,0,4,3,13,9,3,0,0,0,26,0,0,0,0,0,0,0,0,0,0,0,3,0,0,3,0,0,0,0,9,0,0,0,0,0,0,0,0,0,0,0,0,0,7,0,0,0,0,0,3,0,0,0,0,0,0,0,0,0,0,0,0,0,0,0,0,0,0,0,0,0,0,0,3,0,0,0,0,0,8,0,0,0,3,0,0,0,0,0,3,0,0,0,0,0,0,0,0,0,3,0,0,0,0,0,0,0,0,0,3,0,3,8,11,4,0,0,3,0,31,46,60,60,156,104,83,55,27,11,612,369,662,511,1297,586,591,350,212,78,4647
LGA11800,0,0,12,30,33,22,3,4,0,93,0,30,27,90,63,58,14,9,3,302,0,0,0,12,5,13,8,9,10,64,0,14,10,32,34,52,89,57,30,318,0,4,0,10,0,7,0,0,0,26,0,25,20,86,64,47,35,22,3,307,0,0,0,0,6,7,10,10,3,27,0,0,6,8,10,0,0,0,0,27,0,3,22,83,3,0,3,0,0,115,4,24,27,43,24,11,3,0,0,131,0,0,0,0,0,0,0,0,0,0,0,0,0,3,5,0,0,0,0,12,3,19,12,62,29,32,56,5,6,229,0,0,0,33,6,9,0,0,0,48,0,0,0,9,20,8,11,5,6,65,0,0,5,13,3,12,12,3,0,48,23,180,142,321,179,139,143,56,30,1209,247,493,549,1140,760,896,721,511,330,5642,4055,9301,8022,15868,9633,10689,8512,4793,2070,72944
LGA12000,0,0,0,0,0,0,0,0,0,0,0,0,0,0,0,0,0,0,0,0,0,0,0,0,0,0,0,0,0,0,0,0,0,0,0,0,0,0,0,6,0,0,0,0,0,0,0,0,0,3,0,0,0,0,0,0,0,0,0,3,0,0,0,0,0,0,0,0,0,0,0,0,0,0,0,0,0,0,0,0,0,0,0,0,0,0,0,0,0,0,0,0,0,0,0,0,0,0,0,0,0,0,0,0,0,0,0,0,0,0,0,0,0,0,0,0,0,0,0,0,0,0,0,0,0,0,0,0,0,5,0,0,0,0,0,0,0,0,0,0,0,0,0,0,0,0,0,0,0,0,0,0,0,0,0,0,0,0,0,0,0,0,0,0,0,5,6,0,0,12,20,52,31,96,58,65,87,61,37,501,242,641,462,809,594,554,550,344,120,4315
LGA12150,0,0,0,0,0,0,0,0,0,0,0,0,0,0,0,0,0,0,0,3,0,0,0,0,0,0,0,0,0,5,0,0,0,0,0,0,0,0,0,5,0,0,0,0,0,0,0,0,0,0,0,0,0,0,0,0,0,0,0,3,0,0,0,0,0,0,0,0,0,0,0,0,0,3,0,0,0,0,0,10,0,0,0,0,0,0,0,0,0,0,0,0,0,0,0,0,0,0,0,0,0,0,0,0,0,0,0,0,0,0,0,0,0,0,0,0,0,0,0,0,0,0,0,0,0,0,0,0,0,0,0,0,0,0,0,0,0,0,0,3,0,0,0,0,0,0,0,0,0,0,0,0,0,0,0,0,0,0,0,0,0,0,0,0,0,0,0,0,0,3,40,69,50,143,92,104,92,48,22,658,270,524,417,816,568,546,439,239,105,3918
LGA12350,0,0,0,0,3,0,0,0,0,3,0,0,0,7,3,11,5,0,0,28,0,0,0,0,0,0,3,0,0,3,0,0,0,0,0,4,9,7,3,24,0,0,0,0,0,0,0,0,0,5,0,0,6,4,7,3,3,3,0,32,0,0,0,0,0,3,0,0,0,3,0,0,0,3,3,0,0,0,0,6,0,0,0,3,4,0,0,0,0,10,0,0,0,0,0,0,0,0,0,0,0,0,0,0,0,0,0,0,0,0,0,0,0,0,0,0,0,0,0,0,0,0,4,7,0,7,0,0,0,16,0,0,0,3,0,3,0,0,0,10,0,0,0,0,0,0,3,0,0,8,0,0,0,3,0,4,0,0,0,8,0,0,3,9,10,17,27,12,8,82,38,104,142,225,172,184,144,113,50,1169,661,1505,1389,2330,1663,1812,1673,996,433,12460
LGA12380,0,0,9,27,11,3,7,0,0,53,20,174,333,1671,795,606,302,80,42,4023,0,4,7,60,36,81,47,48,43,326,0,4,5,16,19,72,73,45,24,262,6,43,43,86,34,40,19,12,3,275,0,10,35,98,63,34,39,5,5,290,0,0,0,24,42,40,37,32,6,179,19,203,407,2198,876,599,319,182,55,4856,5,7,91,630,37,43,16,0,0,830,5,34,102,370,71,53,20,3,0,655,3,0,0,25,16,24,28,22,3,127,12,42,164,1051,1030,652,425,170,30,3571,13,68,38,110,14,18,11,0,0,276,14,32,155,1160,1208,1376,503,215,80,4738,0,0,3,9,9,13,15,5,0,52,0,9,26,57,22,11,4,0,0,132,121,548,1003,3520,1618,1069,854,481,206,9422,911,1367,1628,4385,1563,1408,975,612,296,13142,16880,27486,29683,72614,24715,20582,13403,7431,3282,216079
LGA12700,0,0,0,0,0,0,0,0,0,0,0,0,0,3,5,0,0,0,0,12,0,0,0,0,0,0,0,0,0,0,0,0,0,0,3,7,4,0,0,17,0,0,0,0,0,0,0,0,0,0,0,0,4,3,0,4,0,0,0,13,0,0,0,0,0,0,0,0,0,0,0,0,0,0,0,0,0,0,0,0,0,0,0,0,0,0,0,0,0,0,0,0,0,0,0,0,0,0,0,0,0,0,0,0,0,0,0,0,0,0,0,0,0,0,0,0,0,0,0,0,0,0,0,3,3,0,0,0,0,17,0,0,0,0,0,0,0,0,0,0,0,0,0,0,0,0,0,3,0,6,0,0,0,0,0,0,0,0,0,4,0,0,0,3,3,8,3,9,0,29,26,67,67,157,129,151,99,62,16,763,483,1178,930,1813,1320,1447,1058,559,179,8975
LGA12730,0,0,0,0,3,0,0,0,0,3,0,0,3,9,3,0,0,0,0,18,0,0,0,0,0,0,0,0,0,0,0,0,0,3,9,4,4,4,0,24,0,0,0,0,0,0,0,0,0,0,0,4,7,4,10,0,0,0,0,28,0,0,0,0,0,0,0,0,0,0,0,0,0,8,3,0,0,0,0,15,0,0,4,44,0,0,0,0,0,52,0,0,0,0,0,0,0,0,0,0,0,0,0,0,0,0,0,0,0,0,0,0,0,0,0,0,0,0,0,4,0,3,0,4,0,0,0,0,0,7,0,0,0,0,0,0,0,0,0,0,0,0,0,0,0,0,3,0,0,3,0,0,0,0,0,0,0,0,0,3,0,3,3,8,7,10,3,4,0,37,39,73,83,184,151,179,159,110,43,1020,494,1086,977,1845,1119,1362,1010,671,295,8851
LGA12750,0,0,0,4,4,4,0,0,0,14,4,12,0,38,17,21,11,3,0,104,0,0,0,3,3,5,9,3,6,38,0,0,3,8,26,55,77,49,28,246,0,3,0,4,0,0,0,0,0,12,0,3,0,26,19,24,40,10,0,120,0,0,0,0,10,0,11,13,5,38,0,0,0,9,5,0,0,0,0,19,0,0,0,0,0,0,0,0,0,0,0,3,3,9,4,3,3,0,0,27,0,0,0,0,0,0,6,4,0,7,0,0,0,0,7,0,0,0,0,3,0,4,5,15,13,31,36,4,3,114,0,0,0,21,10,0,3,0,0,39,0,0,0,3,10,20,18,9,7,57,0,0,0,0,0,12,3,0,0,15,0,3,10,54,62,76,145,95,31,475,88,236,242,519,431,627,652,411,168,3383,1474,3838,3070,6025,4667,6778,6609,3382,1388,37232
LGA12850,0,3,0,13,3,3,0,3,0,21,9,81,190,840,344,493,315,68,33,2381,5,0,3,76,45,126,96,66,70,485,0,3,3,10,21,45,49,41,14,200,0,3,12,21,8,25,20,5,3,96,4,8,6,24,33,13,21,4,0,112,0,0,13,120,127,205,216,149,38,867,0,13,24,55,33,36,43,12,8,212,0,7,13,54,18,41,10,0,0,156,17,86,185,863,160,132,52,9,3,1509,0,10,5,98,149,224,204,75,19,787,34,25,47,129,181,106,92,31,7,652,3,37,50,72,12,16,14,0,0,205,135,563,1948,10471,7490,6337,2390,1009,457,30805,0,0,0,0,3,5,5,4,4,25,3,10,11,22,11,0,0,0,0,55,161,711,1083,3718,2847,2630,1953,1092,381,14582,630,1252,1313,2832,1557,1476,980,588,275,10892,12090,25843,29503,51858,27133,24942,15253,8601,3585,198817
LGA12870,0,4,0,0,0,0,0,0,0,8,0,0,4,21,7,11,0,0,0,48,0,0,0,0,0,0,3,0,0,6,0,0,0,3,0,12,20,14,3,51,0,0,0,0,0,0,0,0,0,0,0,0,0,0,0,4,0,0,0,7,0,0,0,0,0,0,0,0,0,3,0,0,0,3,0,0,0,0,0,5,0,0,0,0,0,0,0,0,0,0,0,4,0,3,3,0,0,0,0,7,0,0,0,0,0,0,0,0,0,0,0,0,0,0,0,0,0,0,0,0,0,0,0,0,5,4,3,0,0,10,0,0,0,5,0,0,0,0,0,6,0,0,0,0,0,0,3,0,0,5,0,0,0,0,0,0,0,0,0,3,0,0,3,9,4,10,16,14,3,48,34,85,102,192,143,203,224,150,94,1227,632,1462,1195,2182,1542,1883,1875,1093,411,12277
LGA12900,0,0,0,0,0,0,0,0,0,0,0,3,0,10,3,0,4,0,0,35,0,0,0,0,0,0,0,0,0,0,0,0,0,0,3,0,11,0,0,15,0,0,0,0,0,0,0,0,0,0,0,4,4,4,0,3,0,3,0,17,0,0,0,0,0,0,0,0,0,0,0,0,0,4,0,0,0,0,0,4,0,0,0,0,0,0,0,0,0,0,0,0,0,3,0,0,0,0,0,7,0,0,0,0,0,0,0,0,0,0,0,0,0,0,0,0,0,0,0,0,0,0,0,0,0,3,0,0,0,4,0,0,0,5,0,0,0,0,0,5,0,0,0,0,0,0,0,3,0,5,0,0,0,0,0,0,0,0,0,0,0,0,0,5,3,3,3,0,0,15,49,104,102,179,149,133,146,97,31,984,628,1319,1114,1980,1236,1221,1122,710,254,9587
LGA12930,0,0,8,24,15,18,3,7,0,75,24,116,205,1135,353,263,108,32,12,2248,0,3,11,98,16,39,18,10,19,217,0,4,3,33,53,69,60,38,19,278,12,31,40,97,55,65,35,8,6,351,0,8,31,141,84,72,56,20,5,414,0,0,3,23,37,55,36,26,6,179,0,8,20,85,37,27,21,7,10,209,7,22,59,359,56,61,30,5,0,590,10,29,64,375,97,53,16,3,3,661,7,5,30,285,389,419,334,188,42,1695,0,0,12,34,28,17,14,9,4,124,12,57,41,115,34,42,28,11,3,341,3,12,94,441,243,213,95,23,15,1141,0,3,0,19,10,15,15,10,3,82,0,4,11,47,19,6,4,0,0,90,33,136,347,1641,866,726,559,363,163,4834,323,570,784,2076,875,798,671,467,302,6878,8556,16060,20097,43665,19255,16677,11582,7179,3763,146841
LGA12950,0,0,0,0,0,0,0,0,0,0,0,0,0,3,4,0,0,0,0,13,0,0,0,0,0,0,0,0,0,0,0,0,0,0,0,0,3,0,0,4,0,0,0,0,0,0,0,0,0,0,0,0,0,0,0,0,0,0,0,3,0,0,0,0,0,0,0,0,0,0,0,0,0,0,0,0,0,0,0,0,0,0,0,0,0,0,0,0,0,0,0,0,0,0,0,0,0,0,0,0,0,0,0,0,0,0,0,0,0,0,0,0,0,0,0,0,0,0,0,0,0,0,0,0,0,0,0,0,0,3,0,0,0,0,0,0,0,0,0,0,0,0,0,0,0,0,0,0,0,0,0,0,0,0,0,0,0,0,0,0,4,0,4,4,0,3,0,0,0,17,6,33,41,81,56,65,57,44,22,403,250,541,450,838,552,607,511,354,134,4236
LGA13010,0,0,0,0,0,0,0,0,0,7,0,5,0,6,3,6,0,0,0,23,0,0,0,0,0,0,0,0,0,0,0,0,0,3,4,5,4,5,0,23,0,0,0,0,0,3,0,0,0,6,0,0,3,3,3,0,3,3,0,11,0,0,0,0,0,0,0,0,0,0,0,0,0,0,0,0,0,0,0,0,0,0,0,0,0,0,0,0,0,0,0,0,0,0,0,0,0,0,0,3,0,0,0,0,0,0,0,0,0,0,0,0,0,3,0,0,0,0,0,7,0,0,0,4,7,8,0,0,0,13,0,0,0,4,0,0,0,0,0,4,0,0,0,0,0,0,0,3,0,11,0,0,0,0,0,0,0,0,0,0,0,5,0,12,12,13,10,7,0,63,40,101,82,194,98,134,195,114,73,1035,455,1059,865,1743,1072,1368,1297,706,279,8836
LGA13310,0,0,0,4,5,3,0,0,0,15,3,19,16,68,23,16,9,3,0,152,0,0,0,5,0,7,3,3,0,21,0,0,3,15,22,13,25,22,3,102,0,0,0,0,3,0,3,0,0,13,3,0,3,13,9,8,9,3,0,50,0,0,0,0,0,3,0,4,0,8,0,0,0,14,5,0,0,0,0,18,0,0,0,10,0,3,0,0,0,16,0,3,3,19,10,3,3,0,0,46,0,0,0,3,3,0,0,0,0,14,0,0,0,3,5,0,0,3,0,9,0,12,0,19,15,11,3,3,0,63,0,0,0,13,6,0,0,0,0,24,0,0,0,0,3,4,4,0,0,16,0,0,3,7,3,6,0,0,0,26,4,21,22,98,35,46,48,28,13,322,84,183,232,487,324,303,291,201,81,2193,1742,3632,3410,7088,4040,3954,3250,1760,738,29609
LGA13340,0,0,0,3,5,0,0,0,0,5,3,4,0,12,4,3,5,0,0,24,0,0,0,0,0,0,0,0,0,0,0,0,0,0,0,0,3,0,0,10,0,0,0,0,0,0,0,0,0,0,0,0,3,4,0,3,0,0,0,12,0,0,0,0,0,0,3,0,0,0,0,0,0,3,0,0,0,0,0,5,0,0,0,0,0,0,0,0,0,0,0,0,3,0,4,0,3,0,0,9,0,0,0,0,0,0,0,0,0,0,0,0,0,0,0,0,0,0,0,0,0,0,0,6,3,3,4,0,0,17,0,0,0,0,0,0,0,0,0,3,0,0,0,0,0,3,0,0,0,5,0,0,0,0,0,0,0,0,0,3,0,0,0,10,6,3,5,6,0,34,23,81,59,166,103,158,118,66,47,822,627,1610,1074,1970,1429,1573,1241,558,259,10351
LGA13450,0,3,0,4,0,0,0,0,0,11,3,16,16,89,40,41,8,3,5,222,0,0,0,0,0,0,0,0,0,4,0,0,8,7,8,0,9,4,3,35,0,0,0,0,0,3,0,0,0,7,0,7,13,26,21,6,6,0,0,88,0,0,0,0,0,0,0,0,0,3,0,6,3,13,3,0,0,0,0,30,0,0,28,123,0,0,0,0,0,155,0,3,4,13,7,0,0,0,0,36,0,0,0,3,0,0,3,0,0,4,3,5,7,40,20,8,10,0,0,88,3,0,7,6,8,3,0,0,0,34,0,0,0,0,0,0,0,0,0,3,0,0,0,0,0,0,3,3,0,6,0,7,6,10,10,3,0,0,0,43,4,29,60,173,117,86,35,23,4,532,155,324,267,658,320,375,287,192,111,2694,1793,3573,3160,6619,3323,3035,2050,1418,669,25641
LGA13510,0,0,0,0,3,0,0,0,0,8,0,12,3,13,9,4,6,0,0,39,0,0,0,0,0,0,3,0,0,4,0,0,0,0,3,3,10,0,0,24,0,0,0,0,0,3,0,0,0,3,0,0,0,0,5,3,0,0,0,7,0,0,0,0,0,0,0,0,0,0,0,0,0,0,0,0,3,0,0,5,0,0,3,16,0,0,0,0,0,17,0,0,0,3,0,0,0,0,0,3,0,0,0,0,0,0,0,0,0,0,0,0,0,0,0,0,0,0,0,0,0,0,3,3,0,0,0,0,0,16,0,0,0,3,0,0,0,0,0,11,0,0,0,0,0,0,0,0,0,0,0,0,0,0,0,0,0,0,0,0,0,0,3,9,3,14,9,7,3,46,31,89,85,181,126,169,148,108,38,990,583,1436,1094,2140,1377,1636,1514,969,391,11141
LGA13550,0,0,0,6,0,3,0,0,0,14,3,3,0,24,4,4,4,0,0,43,0,0,0,0,0,0,0,0,4,5,0,0,0,0,3,6,3,5,3,17,0,0,0,0,0,0,0,0,0,0,0,3,8,20,10,0,3,3,0,40,0,0,0,0,0,0,0,0,0,0,0,0,0,4,0,0,0,0,0,4,0,0,0,0,0,0,0,0,0,0,0,0,0,0,0,0,0,0,0,3,0,0,0,0,0,0,0,0,0,0,0,0,0,4,0,0,0,0,0,4,0,3,0,3,5,8,0,3,0,20,0,0,3,4,3,0,0,0,0,10,0,0,0,3,0,0,0,0,0,7,0,0,0,0,0,0,0,0,0,0,0,8,4,11,5,3,3,3,0,37,54,94,109,262,161,148,138,117,35,1120,918,1609,1365,2904,1532,1573,1192,801,318,12215
LGA13660,0,0,0,0,0,0,0,0,0,0,0,0,0,9,0,0,0,0,0,12,0,0,0,0,0,0,0,0,0,0,0,0,0,0,0,0,4,4,0,8,0,0,0,0,0,0,0,0,0,0,0,0,0,0,3,0,0,0,0,4,0,0,0,0,0,0,0,0,0,0,0,0,0,0,0,0,0,0,0,0,0,0,0,0,0,0,0,0,0,0,0,0,0,0,0,0,0,0,0,4,0,0,0,0,0,0,0,0,0,0,0,0,0,0,0,0,0,0,0,0,0,5,0,3,0,3,0,0,0,13,0,0,0,0,0,0,0,0,0,0,0,0,0,0,0,0,0,0,0,0,0,0,0,0,0,0,0,0,0,3,0,0,0,4,5,0,3,4,0,14,22,59,42,102,79,119,95,68,28,607,330,642,479,963,737,739,773,441,155,5258
LGA13800,0,0,3,5,14,8,0,0,0,34,0,15,21,101,73,33,13,5,0,261,0,0,0,12,10,9,8,3,3,43,0,6,5,31,51,60,60,28,9,250,0,0,0,4,10,11,4,4,0,35,0,11,41,80,56,26,22,8,3,248,0,0,0,0,12,19,14,3,0,49,0,0,0,10,5,7,4,0,0,30,0,0,0,11,0,3,3,0,0,14,4,7,9,45,7,9,3,0,0,87,0,0,0,9,7,26,17,15,0,70,0,0,0,5,4,4,0,0,0,12,3,12,5,39,20,28,20,7,0,142,0,3,11,24,9,9,3,0,0,60,0,0,3,12,10,12,14,9,5,68,0,0,0,8,6,8,3,3,0,24,0,10,35,164,130,109,115,65,26,652,184,369,511,934,703,574,489,246,101,4109,4101,8769,8970,16143,9554,7833,5571,2640,1010,64592
LGA13850,0,0,0,0,0,0,0,0,0,0,0,0,0,4,0,0,3,0,0,5,0,0,0,0,0,0,0,0,0,0,0,0,0,0,0,0,0,4,0,5,0,0,0,0,0,0,0,0,0,0,0,0,0,6,0,0,0,0,0,7,0,0,0,0,0,0,0,0,0,0,0,0,0,0,0,0,0,0,0,0,0,0,0,0,0,0,0,0,0,0,0,0,0,0,3,0,0,0,0,3,0,0,0,0,0,0,0,0,0,0,0,0,0,0,0,0,0,0,0,0,0,0,0,0,0,3,0,0,0,3,0,0,0,0,0,0,0,0,0,0,0,0,0,0,0,0,0,0,0,0,0,0,0,0,0,0,0,0,0,0,0,0,3,7,3,0,0,0,0,18,10,43,33,79,68,52,61,38,15,407,143,378,327,575,461,424,358,233,60,2946
LGA13910,0,0,0,0,5,3,0,0,0,9,3,11,5,19,4,4,3,0,0,50,0,0,0,0,0,0,0,0,0,3,0,0,0,0,5,7,6,8,0,36,0,0,0,0,0,0,0,0,0,4,0,0,3,13,3,0,0,0,0,19,0,0,0,0,0,0,10,0,0,11,0,0,0,4,0,3,0,0,0,9,0,0,0,6,0,0,0,0,0,11,0,0,0,3,4,0,0,0,0,6,0,0,0,0,0,0,0,0,0,0,0,0,0,0,5,0,0,0,0,4,0,4,5,6,3,5,4,0,0,32,0,0,0,0,0,0,0,0,0,0,0,0,0,3,0,0,0,0,0,9,0,0,0,0,3,0,0,0,0,3,3,3,4,25,6,11,26,8,0,96,60,138,140,291,226,243,236,136,51,1532,1102,2511,2046,3699,2439,2535,2396,1254,516,18498
LGA14000,0,0,0,39,41,35,9,9,0,138,19,96,131,780,318,275,135,39,21,1812,0,0,4,101,44,120,58,19,12,363,0,33,24,85,131,95,110,84,42,606,17,107,107,138,130,117,65,26,5,714,20,193,281,559,428,282,156,80,31,2018,0,0,0,15,16,22,14,9,4,85,9,74,103,477,394,326,165,76,28,1659,6,27,47,264,96,107,58,12,0,611,3,13,60,221,65,40,7,4,0,415,0,0,0,7,4,5,3,0,0,23,0,3,0,18,34,20,0,5,0,93,20,159,105,211,114,92,47,18,9,786,12,18,33,242,137,111,33,3,6,589,3,7,7,34,52,28,24,19,6,173,0,8,16,100,50,49,19,6,0,241,40,261,293,1302,797,542,463,295,170,4164,226,431,479,1297,701,582,499,430,278,4926,8284,19590,18049,35394,21080,17202,12158,7073,3841,142667
LGA14100,0,0,0,3,3,3,3,0,0,12,0,5,4,26,9,14,7,0,0,64,0,0,0,14,4,9,8,0,17,49,0,0,0,11,12,8,10,7,4,60,0,12,5,12,10,6,8,4,0,57,0,8,7,43,20,19,8,17,30,145,0,0,0,0,3,0,0,3,3,11,0,0,0,12,9,6,6,0,0,32,0,0,3,8,5,3,6,0,0,29,0,3,3,7,6,0,3,0,0,23,0,0,0,0,0,0,3,7,0,6,0,0,0,9,15,3,0,3,0,27,3,24,19,16,21,18,12,4,0,119,0,0,0,29,25,5,3,3,0,64,0,0,0,3,7,3,5,4,3,23,0,0,0,10,3,0,0,0,0,18,0,17,23,104,59,48,43,53,96,436,34,68,89,169,103,98,89,72,85,813,718,1937,1846,2836,2004,1640,1425,856,746,13999
LGA14170,0,4,8,71,43,29,3,6,4,165,15,83,152,1074,289,253,158,28,13,2068,3,0,12,224,37,101,52,32,32,489,0,10,28,324,194,151,99,54,11,874,15,33,35,193,80,41,37,9,3,441,3,9,72,461,153,112,65,14,4,898,0,0,0,25,34,36,40,32,7,180,0,7,24,167,52,51,26,20,5,343,0,16,34,256,33,23,11,3,0,384,13,37,149,1006,148,100,36,3,3,1484,0,3,3,43,44,77,75,67,14,331,0,7,25,191,87,63,55,19,0,443,57,126,139,687,247,127,83,25,6,1498,21,76,388,1164,514,619,236,121,68,3204,0,0,3,101,63,33,25,6,0,234,0,0,6,64,32,9,3,0,0,113,49,163,442,3045,1074,956,969,593,254,7545,645,956,1413,5710,1919,1466,987,559,254,13919,10743,17165,19516,68655,25239,18512,12191,6838,3170,182043
LGA14200,0,3,0,3,0,0,0,0,0,12,5,31,30,63,31,7,3,0,0,176,0,0,0,0,0,0,0,0,0,5,0,0,0,0,6,7,3,13,3,33,0,0,0,0,0,0,0,0,0,0,0,0,3,14,5,8,6,0,0,38,0,0,0,0,0,0,0,0,0,0,0,0,0,0,0,0,0,0,0,0,0,0,3,3,0,0,0,0,0,10,0,3,0,3,0,0,0,0,0,15,0,0,0,0,0,0,0,0,0,0,0,0,0,0,0,0,0,0,0,0,0,11,26,49,10,8,4,0,0,108,0,0,7,12,0,0,0,0,0,18,0,0,0,0,3,0,0,0,0,9,0,0,0,0,0,3,3,0,0,6,0,17,6,35,10,8,14,8,0,98,70,147,150,316,218,256,226,130,47,1566,1082,2242,1939,3462,2064,2192,1921,1165,408,16483
LGA14300,0,0,0,4,0,3,0,0,0,5,0,3,0,11,0,0,0,0,0,15,0,0,0,0,0,0,0,0,0,0,0,0,0,0,3,4,3,3,0,11,0,0,0,0,0,3,0,0,0,5,0,0,0,3,3,0,0,0,0,7,0,0,0,0,0,0,0,0,0,0,0,0,3,6,0,0,0,0,0,4,0,0,14,45,0,0,0,0,0,60,0,0,0,0,0,0,0,0,0,3,0,0,0,0,0,0,0,0,0,0,0,0,0,0,0,0,0,0,0,3,0,0,0,3,0,0,0,0,0,8,0,0,0,10,3,0,0,0,0,11,0,0,0,0,0,0,0,0,0,0,0,0,0,0,0,0,0,0,0,3,0,4,0,10,3,7,0,4,0,32,28,70,66,128,94,112,81,32,14,630,340,780,728,1721,840,862,624,279,115,6295
LGA14350,0,0,0,8,5,6,3,0,0,18,5,7,5,50,20,18,10,3,0,121,0,0,0,0,0,3,0,0,3,11,0,3,0,6,9,23,21,10,6,80,0,0,0,0,4,3,0,0,0,5,0,3,4,5,7,5,6,4,0,37,0,0,0,0,0,0,3,0,0,6,0,0,0,3,0,0,0,0,0,8,0,0,6,17,0,0,0,0,0,22,5,5,4,10,4,3,0,0,0,34,0,0,0,0,0,0,0,0,0,0,0,0,0,0,0,0,0,0,0,3,0,0,0,13,4,9,16,3,0,49,0,0,0,10,3,0,0,0,0,12,0,0,0,4,3,3,4,3,0,20,0,0,0,3,4,0,0,0,0,10,0,0,4,37,31,32,42,25,12,184,105,273,237,534,425,529,447,243,96,2894,1538,3429,2988,5566,3719,4723,4042,1997,867,28885
LGA14400,0,0,0,3,8,3,0,0,0,11,0,0,0,11,7,7,8,0,0,29,0,0,0,4,0,8,0,3,0,13,3,6,3,12,12,25,43,25,13,141,0,0,0,0,0,3,3,0,0,11,0,3,6,28,15,19,15,3,7,101,0,0,0,0,0,3,3,0,0,5,0,0,0,5,3,0,0,0,0,10,0,0,0,0,0,0,0,0,0,0,0,3,9,18,5,0,0,0,0,41,0,0,0,0,7,14,3,0,0,17,0,0,0,0,0,0,0,0,0,4,0,7,11,18,18,20,16,6,3,91,0,0,0,3,4,0,0,0,0,5,0,0,0,4,8,9,9,3,3,35,0,0,0,3,3,4,0,0,0,17,6,5,8,40,33,48,58,25,8,236,47,101,120,281,226,221,218,138,110,1471,1109,2502,2310,4202,2828,3466,2846,1498,704,21464
LGA14500,0,5,5,41,90,69,24,36,7,284,3,31,44,248,104,81,43,16,8,574,0,12,3,59,36,55,43,25,12,243,0,24,31,72,144,96,86,71,42,559,16,170,129,157,110,90,57,25,4,756,35,323,476,979,900,717,316,156,60,3956,0,0,0,6,14,14,5,9,0,45,0,12,35,171,157,106,57,33,7,577,19,35,72,438,114,123,84,16,0,894,7,24,35,124,47,23,13,3,3,273,0,0,3,9,9,3,0,7,0,25,0,10,4,17,26,24,6,3,3,89,35,250,155,187,188,122,67,30,8,1048,3,7,10,197,107,64,23,5,5,421,0,8,6,33,37,27,30,17,4,164,0,6,18,82,88,67,12,7,0,280,36,233,237,918,683,454,376,265,137,3343,151,418,541,889,635,453,440,407,480,4415,6027,17836,15929,24748,18515,13543,10518,6907,4036,118053
LGA14550,0,0,0,7,3,4,3,0,0,12,0,0,7,11,6,3,3,0,0,29,0,0,0,0,0,3,0,0,0,5,0,0,0,4,4,12,6,3,0,33,0,0,0,0,3,0,3,0,0,3,0,0,0,0,3,5,3,0,0,18,0,0,0,0,0,0,3,0,0,3,0,0,0,0,3,0,0,0,0,5,0,0,0,3,0,0,0,0,0,3,0,6,0,4,0,0,3,0,0,15,0,0,0,0,0,0,0,0,0,0,0,0,0,0,0,0,0,0,0,0,0,0,0,4,0,6,10,0,3,24,0,0,0,0,0,0,0,0,0,0,0,0,0,0,5,0,0,0,0,3,0,0,4,0,0,0,3,0,0,14,0,3,3,14,17,20,13,3,0,75,31,90,73,151,182,182,134,84,26,953,388,1071,831,1485,1358,1747,1217,594,239,8940
LGA14600,0,0,0,3,0,0,0,0,0,3,3,3,0,19,0,3,0,0,0,35,0,0,0,0,0,0,0,0,0,0,0,0,0,0,0,0,0,0,0,3,0,0,0,0,0,0,0,0,0,0,0,0,5,5,4,0,0,0,0,16,0,0,0,0,0,0,0,0,0,0,0,0,0,0,0,0,0,0,0,4,0,0,0,0,0,0,0,0,0,0,0,0,0,5,0,0,0,0,0,8,0,0,0,0,0,0,0,0,0,0,0,0,0,0,0,0,0,0,0,0,0,0,0,0,0,0,0,0,0,3,0,0,0,0,0,0,0,0,0,0,0,0,0,0,0,0,0,0,0,0,0,0,0,0,0,0,0,0,0,0,0,5,0,9,0,0,4,4,4,23,54,86,78,176,109,99,101,67,26,802,497,859,668,1390,708,814,651,447,172,6194
LGA14650,0,0,7,53,41,37,14,3,0,154,12,43,69,263,125,136,39,4,4,695,0,0,0,32,13,34,49,32,40,200,3,28,18,90,124,164,250,142,54,874,0,3,15,18,21,9,7,12,0,80,0,39,96,187,147,105,51,41,7,674,0,0,0,8,19,24,35,20,8,110,0,12,6,54,27,25,20,14,0,156,0,3,3,10,3,5,0,3,0,20,12,23,30,154,38,20,6,0,0,274,0,0,0,18,43,64,75,53,21,265,0,0,0,4,7,6,4,0,0,23,6,78,54,139,86,72,48,18,0,504,3,4,13,62,36,16,4,3,0,138,0,8,9,36,56,42,49,32,14,243,0,5,12,56,14,30,3,0,0,115,17,98,109,470,307,258,330,205,129,1923,346,660,811,1981,1295,1374,1425,971,565,9424,11845,24267,23111,45369,26085,26105,22286,12635,5681,197371
LGA14700,0,0,0,17,10,7,9,0,0,40,5,27,27,228,57,36,12,4,8,404,3,0,0,56,9,34,16,7,5,132,0,3,8,43,38,20,35,10,13,171,8,30,16,58,24,19,19,4,0,174,7,13,28,206,74,66,37,11,7,440,0,0,0,6,6,7,0,7,0,32,0,0,7,75,22,21,10,7,3,143,3,3,10,85,12,12,6,0,0,130,0,7,13,106,15,10,8,0,0,169,0,0,0,9,9,6,0,7,0,32,0,0,3,25,10,8,3,10,0,56,13,59,45,115,54,46,25,10,0,361,0,3,13,68,24,17,3,0,0,128,0,0,0,19,11,12,15,4,5,53,0,3,7,21,12,12,3,0,0,61,26,80,76,760,189,146,131,84,42,1528,88,123,155,692,201,196,128,84,49,1712,2425,4247,3938,12148,4673,3682,2708,1453,777,36051
LGA14750,0,0,0,3,0,0,0,0,0,6,3,14,14,46,10,5,0,0,0,92,0,0,0,0,0,0,0,0,0,4,0,0,0,0,0,0,4,8,0,20,0,0,0,0,0,0,0,0,0,0,0,3,9,9,6,5,3,0,0,30,0,0,0,0,0,0,0,0,0,3,0,3,0,3,5,0,0,0,0,15,0,0,0,3,0,0,0,0,0,6,0,0,3,6,6,0,0,0,0,18,0,0,0,0,0,0,0,0,0,0,0,0,0,0,0,0,0,0,0,0,0,0,0,0,0,0,0,0,0,7,0,0,0,3,0,0,0,0,0,4,0,0,0,0,3,0,0,0,0,3,0,0,0,3,0,0,0,0,0,6,4,6,11,14,10,7,5,10,0,57,53,122,125,236,161,178,143,104,41,1172,702,1595,1536,2422,1481,1409,1074,708,239,11168
LGA14850,0,3,0,19,16,8,0,0,0,49,3,14,18,48,41,28,11,0,0,160,0,0,0,3,4,5,3,3,4,20,0,4,3,14,16,26,20,10,11,98,0,0,0,5,7,0,0,0,0,15,5,9,15,29,20,18,11,3,6,112,0,0,0,0,0,4,3,0,0,11,0,0,0,6,0,0,0,0,0,15,0,0,3,9,3,0,0,0,0,17,0,3,5,23,15,4,0,0,0,47,0,0,0,0,0,0,0,0,0,3,0,0,0,0,0,0,0,0,0,0,0,7,4,44,24,28,32,5,3,150,0,5,3,25,10,3,0,0,0,52,0,0,0,0,0,8,9,3,0,24,0,0,7,7,7,11,3,0,0,34,5,25,45,116,60,93,65,30,11,453,130,307,464,808,543,652,432,243,150,3727,2256,5453,5235,9526,6124,6691,4429,2270,1148,43135
LGA14870,0,0,0,0,3,0,0,0,0,12,3,7,3,25,25,20,4,0,0,94,0,0,0,0,0,10,6,0,3,19,0,3,0,13,11,24,37,9,6,103,0,0,0,4,0,0,0,0,0,6,0,0,0,4,9,3,8,3,0,27,0,0,0,0,3,3,4,0,0,8,0,3,0,4,0,5,3,0,0,15,0,0,3,3,3,0,0,0,0,4,0,0,10,14,0,0,0,0,0,23,0,0,0,0,0,0,0,0,0,6,0,0,0,0,0,0,0,0,0,3,0,4,0,9,3,8,10,4,0,42,0,0,7,28,7,5,0,0,0,40,0,0,0,4,11,5,3,4,0,25,0,0,0,0,0,0,0,0,0,0,0,0,5,37,27,35,33,28,3,168,109,218,199,489,333,374,376,183,75,2342,1178,2413,2292,4602,2865,3091,2751,1382,516,21090
LGA14900,0,7,8,26,8,5,3,0,0,61,12,114,281,1433,857,848,286,74,35,3945,0,3,9,154,113,219,99,55,35,692,0,0,9,39,54,99,80,56,20,358,6,8,14,52,25,36,16,7,0,164,3,17,47,158,96,75,61,17,6,493,0,0,18,264,217,229,163,84,11,997,3,35,38,155,110,116,58,27,10,544,0,8,14,65,21,11,15,0,0,132,3,19,58,410,96,65,27,8,0,679,3,12,51,326,249,256,215,47,13,1167,4,25,57,226,203,83,52,20,0,670,13,45,55,106,32,22,7,4,0,282,23,115,375,2722,1596,1266,360,140,43,6651,0,3,0,13,7,14,7,7,3,56,0,48,104,148,78,14,4,3,0,393,109,603,994,4076,2716,2180,1442,610,207,12938,1050,1909,2002,4639,2062,1668,1163,670,266,15427,15611,30691,29436,59456,27132,20680,12609,6433,2283,204326
LGA14920,0,0,0,0,0,0,0,0,0,0,0,0,0,3,4,0,0,0,0,10,0,0,0,0,0,0,0,0,0,0,0,0,0,0,3,3,0,0,3,10,0,0,0,0,0,3,0,0,0,3,0,0,0,3,0,3,0,0,0,8,0,0,0,0,0,0,0,0,0,0,0,0,0,0,0,0,0,0,0,0,0,0,0,0,0,0,0,0,0,0,0,0,0,0,0,0,0,0,0,0,0,0,0,0,0,0,0,0,0,0,0,0,0,0,0,0,0,0,0,0,0,0,0,0,3,0,0,0,0,9,0,0,0,0,3,0,0,0,0,4,0,0,0,4,0,0,0,0,0,4,0,0,0,0,0,0,0,0,0,4,0,0,0,3,4,5,0,4,0,22,26,92,68,162,116,165,113,76,15,842,456,986,757,1590,1005,1188,976,543,191,7687
LGA14950,0,0,0,0,0,0,0,0,0,0,0,0,0,0,0,0,0,0,0,0,0,0,0,0,0,0,0,0,0,0,0,0,0,0,0,0,0,3,0,10,0,0,0,0,0,0,0,0,0,0,0,0,0,3,0,0,0,0,0,6,0,0,0,0,0,3,0,0,0,5,0,0,0,0,0,0,0,0,0,0,0,0,0,0,0,0,0,0,0,0,0,0,0,0,0,0,0,0,0,0,0,0,0,0,0,0,0,0,0,0,0,0,0,0,0,0,0,0,0,0,0,0,0,3,3,0,0,0,0,4,0,0,0,0,0,0,0,0,0,0,0,0,0,0,0,0,0,0,0,0,0,0,0,0,0,0,0,0,0,0,0,0,0,0,3,0,0,0,0,9,5,32,30,43,59,47,48,47,19,332,198,440,302,559,429,484,372,231,101,3119
LGA15050,0,0,0,3,7,0,0,0,0,22,3,27,27,142,86,43,22,9,3,359,0,0,0,8,6,11,14,13,16,67,0,13,3,44,38,71,47,31,13,261,0,3,0,5,3,5,0,0,0,18,3,35,40,108,69,25,9,5,3,309,0,0,0,6,4,0,3,7,3,18,0,0,3,29,3,3,3,0,0,38,0,3,0,24,0,0,0,0,0,30,3,8,10,31,11,10,0,0,0,76,0,0,0,0,3,0,0,0,0,5,0,0,3,0,4,3,0,0,0,6,3,17,14,45,25,24,14,5,0,136,0,0,13,21,10,3,0,0,0,51,0,0,3,12,28,7,4,9,3,62,0,15,22,59,18,10,0,0,0,116,0,21,30,186,91,87,76,32,17,544,209,424,395,1065,574,530,484,319,156,4166,5761,11142,9744,20755,9977,8843,6554,3253,1280,77305
LGA15240,0,0,0,10,14,19,3,6,0,52,0,17,21,108,62,62,31,9,0,304,0,0,0,10,3,11,19,15,4,64,0,7,0,17,29,74,121,60,15,333,0,0,0,3,3,4,3,0,0,19,0,16,7,33,32,36,63,11,5,210,0,0,0,0,0,3,17,13,0,28,0,0,0,13,8,8,0,0,0,32,0,0,0,4,0,0,0,0,0,8,0,14,6,34,19,8,7,0,0,85,0,0,0,0,0,4,0,0,0,7,0,0,0,0,0,0,0,3,0,4,0,18,6,30,32,26,50,10,3,185,0,0,0,14,4,3,0,0,0,26,0,0,0,4,12,11,24,11,3,71,0,0,11,7,8,9,6,3,0,46,3,22,21,105,86,126,191,103,46,698,217,505,556,1142,1011,1311,1429,900,509,7568,4118,9820,8235,14966,11361,14612,15411,8365,3421,90303
LGA15270,0,0,0,0,0,0,0,0,0,3,3,7,3,32,16,18,3,0,0,78,0,0,0,0,0,0,0,11,9,16,0,0,0,3,7,20,23,6,0,57,0,0,0,0,3,0,0,0,0,3,0,8,4,24,15,11,11,3,0,71,0,0,0,0,0,3,3,3,0,10,0,0,0,0,0,0,0,0,0,4,0,0,0,0,0,0,0,0,0,0,0,0,0,15,5,0,0,0,0,21,0,0,0,0,0,0,0,0,0,0,0,0,0,0,0,0,0,0,0,3,0,3,0,13,10,7,9,3,0,50,0,0,0,12,9,4,0,0,0,23,0,0,0,0,3,3,6,3,0,16,0,0,0,11,0,7,0,0,0,18,0,7,3,25,28,39,41,36,11,177,141,271,252,590,409,424,396,198,51,2740,1686,3218,2430,5434,3410,3164,2823,1425,487,24076
LGA15300,0,0,0,3,0,3,3,0,0,6,0,3,8,21,11,5,0,0,0,50,0,0,0,0,0,0,0,0,0,3,0,0,0,3,4,0,0,3,0,15,0,0,0,0,0,0,0,0,0,0,0,9,5,17,9,3,0,0,0,38,0,0,0,0,0,0,3,0,0,8,0,0,0,7,0,0,0,0,0,9,0,0,3,4,0,0,0,0,0,4,0,0,0,13,0,0,0,0,0,11,0,0,0,0,0,0,0,0,0,0,0,0,0,0,0,0,0,0,0,0,0,0,4,4,0,0,3,0,0,15,0,0,0,3,0,0,0,0,0,3,0,0,0,0,0,0,0,0,0,3,0,3,0,8,0,3,0,0,0,10,0,3,3,35,7,14,16,4,0,84,109,217,190,450,254,247,200,103,28,1799,1036,1846,1530,3279,1823,1606,1224,631,176,13159
LGA15350,0,0,0,6,19,7,0,3,0,43,3,8,5,85,20,17,14,3,0,151,0,0,3,42,4,19,7,3,11,93,0,12,10,51,57,39,29,22,10,229,6,39,22,20,13,12,8,5,0,126,7,25,19,193,86,73,60,16,5,488,0,0,0,7,0,0,3,3,3,18,0,0,0,25,11,5,3,0,0,53,3,3,0,22,3,5,0,0,0,43,4,7,6,44,21,5,0,0,0,93,0,0,0,0,5,0,7,0,0,14,0,3,0,9,10,3,3,0,0,36,29,107,63,143,89,63,40,10,3,537,0,0,8,31,12,14,3,0,0,63,0,3,3,12,22,4,7,7,0,67,0,0,0,6,13,11,3,0,0,36,24,66,61,572,166,121,110,44,44,1210,90,198,186,588,286,251,188,137,90,2008,1493,3521,2858,7494,4273,3390,3000,1542,910,28475
LGA15520,0,0,0,0,0,0,0,0,0,0,0,9,4,27,6,0,0,0,0,55,0,0,0,0,0,0,0,0,0,0,0,0,0,0,3,10,25,15,3,57,0,0,0,3,0,0,0,0,0,3,3,3,0,9,3,3,3,4,0,33,0,0,0,0,0,4,0,0,0,3,0,0,0,8,0,0,3,0,0,15,0,0,0,6,0,0,0,0,0,6,0,0,0,4,9,0,0,0,0,13,0,0,0,0,0,0,0,0,0,0,0,0,0,0,0,0,0,0,0,0,0,6,0,0,0,3,0,0,0,14,0,0,0,0,0,0,0,0,0,5,0,0,0,3,0,0,0,3,0,5,0,0,0,0,0,0,0,0,0,0,0,3,0,12,7,8,11,3,0,45,44,80,73,178,129,222,200,128,42,1083,638,1356,1036,2203,1496,1822,1784,994,341,11680
LGA15560,0,0,0,0,0,0,0,0,0,0,0,3,0,4,3,0,0,0,0,15,0,0,0,0,0,0,0,0,0,0,0,0,0,5,0,3,3,0,0,9,0,0,0,0,0,0,0,0,0,0,0,0,4,3,0,3,0,0,0,15,0,0,0,0,0,0,0,0,0,0,0,0,0,0,0,0,0,0,0,0,0,0,0,0,0,0,0,0,0,0,0,0,0,0,0,0,0,0,0,3,0,0,0,0,0,0,0,0,0,0,0,0,0,0,0,0,0,0,0,0,0,0,4,0,0,3,0,0,0,6,0,0,0,0,0,0,0,0,0,0,0,0,0,0,0,0,0,0,0,0,0,0,0,0,0,0,0,0,0,3,0,0,3,5,4,0,6,0,0,14,20,81,47,113,71,70,54,25,9,497,218,569,429,881,542,535,373,220,70,3836
LGA15650,0,0,0,3,0,0,0,0,0,5,0,21,7,49,21,7,4,0,0,108,0,0,0,0,0,3,0,0,0,3,0,0,0,4,5,6,6,4,0,31,0,0,0,0,0,0,0,0,0,5,0,9,10,10,14,4,0,0,0,40,0,0,0,0,0,0,0,0,0,3,0,3,0,7,3,3,0,0,0,20,0,0,0,3,0,0,0,0,0,3,0,0,7,9,4,0,0,0,0,24,0,0,0,0,0,0,0,0,0,0,0,0,0,0,0,0,0,0,0,3,0,4,0,8,3,9,0,0,0,23,0,0,0,6,0,3,0,0,0,14,0,0,0,0,4,3,5,0,0,12,0,0,8,10,8,3,0,0,0,30,0,16,8,49,22,14,8,6,4,123,74,136,112,306,189,178,129,73,23,1219,1242,2383,1959,4346,2267,1801,1265,617,203,16086
LGA15700,0,0,0,5,0,3,0,0,0,11,0,0,0,20,3,12,4,0,0,42,0,0,0,0,0,4,0,0,0,7,0,0,0,0,4,19,27,10,5,72,0,0,0,0,3,0,0,0,0,9,0,0,0,4,0,10,21,3,0,38,0,0,0,0,0,3,0,0,0,5,0,0,0,0,3,0,0,0,0,9,0,0,0,0,0,0,0,0,0,0,3,0,0,7,3,3,3,0,0,23,0,0,0,0,0,0,0,0,0,0,0,0,0,0,0,0,0,0,0,0,0,7,0,11,8,6,9,0,0,41,0,0,0,0,3,0,0,0,0,4,0,0,0,0,5,3,3,9,0,23,0,0,0,0,0,0,0,0,0,0,3,3,3,27,15,42,40,19,0,154,42,124,134,272,265,302,295,212,146,1800,917,2250,1775,3189,2449,3321,3015,1582,706,19212
LGA15750,0,0,0,3,0,0,0,0,0,4,0,3,5,21,8,9,3,0,0,49,0,0,0,0,0,0,0,0,0,3,0,0,0,3,6,3,3,0,0,13,0,0,0,0,0,0,0,0,0,6,0,0,0,5,3,3,0,0,0,18,0,0,0,0,0,0,3,0,0,3,0,0,0,4,4,0,0,3,0,9,0,0,0,0,0,0,0,0,0,0,0,0,0,0,0,0,0,0,0,5,0,0,0,0,0,0,0,0,0,0,0,0,0,0,0,0,0,0,0,0,0,0,0,0,5,11,8,6,7,39,0,0,0,0,0,0,0,0,0,3,0,0,0,0,0,0,4,0,0,7,0,0,0,5,0,0,0,0,0,9,0,0,4,5,9,6,3,4,0,34,113,156,168,353,227,228,168,133,82,1626,943,1845,1425,3018,1759,1785,1308,742,256,13084
LGA15800,0,0,0,0,0,0,0,0,0,0,0,0,0,4,0,0,0,0,0,12,0,0,0,0,0,0,0,0,0,0,0,0,0,0,0,3,4,0,0,12,0,0,0,0,0,0,0,0,0,0,0,0,3,0,0,0,0,0,0,9,0,0,0,0,0,0,0,0,0,0,0,0,0,0,0,0,0,0,0,3,0,0,0,0,0,0,0,0,0,0,0,0,0,3,0,3,0,0,0,8,0,0,0,0,0,0,0,0,0,0,0,0,0,0,0,0,0,0,0,0,0,0,0,0,0,3,0,0,0,4,0,0,0,0,0,0,0,0,0,0,0,0,0,0,0,0,0,0,0,3,0,0,0,0,0,0,0,0,0,4,0,3,0,9,4,3,0,0,0,22,37,76,56,149,97,117,107,47,27,720,378,777,621,1196,734,853,706,390,199,5853
LGA15850,0,0,0,3,3,0,0,0,0,3,0,0,0,3,0,3,0,0,0,3,0,0,0,0,0,0,0,0,0,0,0,0,0,0,0,0,0,3,0,12,0,0,0,0,0,0,0,0,0,0,0,0,0,0,0,3,0,0,0,4,0,0,0,0,0,0,3,3,0,5,0,0,0,0,0,0,0,0,0,3,0,0,0,0,0,0,0,0,0,0,0,0,0,4,0,0,0,0,0,3,0,0,0,0,0,0,0,0,0,0,0,0,0,0,0,0,0,0,0,0,0,0,0,4,0,0,0,0,0,9,0,0,0,0,0,0,0,0,0,0,0,0,0,0,0,0,0,0,0,0,0,0,0,0,0,0,0,0,0,0,0,0,0,0,7,3,9,0,0,17,31,61,63,129,103,147,95,62,25,727,455,924,700,1323,790,891,767,425,179,6444
LGA15900,0,4,12,44,27,20,7,0,0,108,15,60,79,314,149,127,50,20,0,812,0,3,3,50,26,43,42,49,51,268,0,21,8,104,69,106,111,74,42,544,3,12,71,42,21,13,6,4,0,173,3,17,72,170,75,61,10,19,0,435,0,0,0,4,35,41,35,42,12,165,4,18,26,109,37,16,8,4,0,225,3,3,33,124,6,3,0,0,0,170,9,21,54,128,42,18,0,0,0,266,0,0,9,36,112,186,168,128,25,662,0,0,0,14,10,6,3,0,0,41,16,51,94,243,83,58,33,10,3,592,11,37,55,179,52,44,8,3,6,391,0,7,6,27,30,30,24,13,12,152,0,10,55,72,7,16,0,0,0,161,68,233,372,1078,303,246,232,142,83,2756,258,467,870,2033,1004,1002,783,600,370,7389,9113,17088,22599,43944,19751,18200,12906,7666,4148,155411
LGA15950,0,0,0,28,33,22,9,5,0,91,5,27,36,394,95,54,44,15,4,673,3,9,7,156,11,25,13,14,9,247,4,8,7,160,85,68,65,23,7,440,10,30,31,134,35,30,24,15,0,302,7,16,54,533,161,172,101,37,3,1096,0,0,0,21,17,11,10,4,3,63,0,3,9,134,39,20,19,7,10,241,0,11,17,182,34,32,13,0,0,281,8,15,44,352,48,24,9,3,0,510,0,0,0,13,3,14,0,0,3,40,0,8,0,52,16,8,3,0,0,92,37,111,94,436,156,123,69,20,8,1053,0,3,16,129,25,17,20,5,0,220,3,3,9,53,24,15,14,6,3,127,0,0,3,42,27,17,9,3,0,98,41,126,168,1893,347,238,228,125,58,3220,244,242,432,2336,631,588,468,231,131,5307,3846,4694,5288,28676,8222,7184,5927,2680,1146,67658
LGA15990,0,0,0,65,103,54,14,17,7,263,15,72,145,711,317,245,75,38,6,1627,4,7,4,197,60,99,69,20,25,499,5,80,59,483,372,288,275,179,66,1813,27,109,69,112,92,60,38,19,3,524,27,215,269,1408,732,426,251,111,41,3471,0,0,7,87,82,108,72,88,27,478,0,9,6,66,42,38,21,13,3,185,3,12,21,91,32,32,19,0,0,201,12,35,85,348,139,83,10,3,0,724,0,0,9,21,21,18,11,5,4,87,0,6,7,72,60,46,46,14,10,250,56,283,277,886,463,267,170,55,11,2463,0,9,58,198,89,58,28,7,3,453,3,11,21,229,139,77,70,44,13,610,0,0,18,127,92,69,28,3,3,337,101,464,592,4837,1609,957,800,449,205,10014,632,1172,1203,3770,1884,1585,1401,1011,643,13306,15672,34180,26972,67776,37397,28419,22440,13078,6945,252878
LGA16100,0,0,0,0,0,0,0,0,0,0,0,0,0,0,0,0,0,0,0,6,0,0,0,0,0,0,0,0,0,3,0,0,0,0,4,3,3,0,0,12,0,0,0,0,0,0,0,0,0,0,0,0,0,5,0,3,0,0,0,13,0,0,0,0,3,0,7,0,0,9,0,0,0,3,0,0,0,0,0,6,0,0,0,0,0,0,0,0,0,0,0,0,0,0,0,0,0,0,0,0,0,0,0,0,0,0,0,0,0,0,0,0,0,0,0,0,0,0,0,0,0,0,0,0,0,3,0,0,0,3,0,0,0,3,0,0,0,0,0,7,0,0,0,0,0,0,0,0,0,0,0,0,0,3,0,0,0,0,0,3,0,0,4,3,5,9,19,16,3,64,31,61,67,121,107,73,104,57,13,646,297,628,674,1042,757,725,768,298,112,5301
LGA16150,0,3,0,3,0,3,4,0,0,14,0,19,16,74,33,25,11,0,0,182,0,0,0,5,3,6,3,12,11,34,0,6,0,17,16,18,24,10,5,99,0,4,3,3,4,0,0,0,0,17,0,23,15,51,17,16,8,3,0,145,0,0,0,0,0,3,3,4,0,12,0,3,0,28,5,3,0,0,0,56,0,3,3,10,5,4,3,0,0,29,0,3,5,15,4,3,0,0,0,38,0,0,0,0,3,0,0,0,3,10,0,0,0,7,3,0,0,0,0,14,0,18,7,25,15,5,12,0,0,79,0,0,5,26,3,3,0,0,0,37,0,3,0,7,3,3,7,3,0,23,0,10,20,38,16,6,3,0,0,107,0,35,34,129,54,47,34,34,27,396,118,274,320,747,417,367,314,246,99,2908,2981,5556,4946,10467,4991,4646,3626,2208,921,40344
LGA16200,0,0,0,0,0,0,0,0,0,4,3,9,13,37,11,11,3,0,0,85,0,0,0,0,0,0,0,3,3,6,0,0,0,0,3,3,7,3,0,21,0,0,0,0,0,0,0,0,0,3,0,3,0,11,5,4,3,0,0,39,0,0,0,0,0,0,0,0,0,0,0,0,0,0,0,0,0,0,0,3,0,0,0,0,0,0,0,0,0,0,0,0,0,3,0,0,0,0,0,8,0,0,0,0,0,0,0,0,0,0,0,0,0,0,0,0,0,0,0,0,0,3,0,3,3,0,0,0,0,11,0,0,0,6,0,0,0,0,0,10,0,0,3,0,0,0,3,0,0,5,0,0,0,0,0,0,0,0,0,3,0,4,0,9,8,6,13,3,3,44,48,127,159,288,223,205,226,153,72,1498,938,2012,1817,3102,1899,1947,1511,951,438,14608
LGA16260,0,3,10,48,24,31,8,4,0,132,39,205,278,1805,553,441,219,56,33,3636,0,0,3,163,64,140,84,35,33,526,0,3,13,80,67,86,114,75,37,484,29,101,98,223,94,100,61,17,0,723,9,38,87,376,161,116,86,32,9,916,0,0,0,55,37,46,39,20,5,205,35,167,223,1467,603,446,263,111,34,3358,12,31,104,539,124,132,68,10,0,1021,10,25,69,434,79,66,24,14,5,725,0,0,5,31,18,13,5,7,4,84,0,3,18,171,163,81,57,23,7,516,46,153,77,242,73,57,59,5,11,730,7,13,97,592,353,283,108,35,17,1504,0,0,0,27,19,16,20,14,6,106,0,20,39,138,26,11,3,0,0,240,146,388,525,2918,1059,847,606,365,147,7000,846,1054,1322,5216,1389,1219,915,569,353,12885,16506,25097,26368,81624,26638,22372,15054,8595,3898,226149
LGA16350,0,3,4,38,15,12,9,3,0,87,22,174,299,1513,742,678,273,60,30,3797,3,5,4,85,37,81,64,42,38,360,0,8,19,130,206,290,230,116,37,1037,8,14,14,49,24,39,15,9,0,158,6,24,64,244,131,137,81,40,3,730,0,0,5,15,37,72,54,46,8,243,5,34,54,287,145,165,83,24,9,823,0,3,8,63,11,18,8,0,0,106,4,26,40,195,75,36,10,0,0,377,0,0,0,7,34,32,32,12,3,115,0,0,8,64,72,47,18,13,0,223,4,16,30,120,54,55,34,12,4,329,0,24,29,211,67,44,15,9,5,409,0,0,0,17,42,47,41,13,4,169,3,20,48,112,36,13,5,3,0,234,16,225,507,1708,1016,783,617,288,117,5283,698,1160,1443,3444,1589,1499,1131,591,227,11788,14478,26806,27150,57756,24736,22221,14463,6132,2316,196066
LGA16380,0,0,0,14,16,17,0,0,3,55,3,15,25,83,58,42,22,3,3,251,0,3,0,8,4,4,10,11,7,49,0,14,3,30,46,60,152,81,30,411,0,5,0,3,10,5,8,0,0,27,0,8,16,63,49,46,42,24,3,267,0,0,0,0,4,7,7,5,3,28,0,0,0,10,10,5,14,3,0,37,0,0,0,8,4,0,0,0,0,13,3,7,6,31,17,6,0,0,0,78,0,0,0,0,0,6,3,0,0,11,0,0,0,3,6,0,0,0,0,12,5,43,15,63,27,38,37,12,5,246,0,0,7,31,3,12,3,0,0,56,0,3,4,12,8,13,11,15,6,81,0,0,3,19,9,16,13,4,0,55,10,24,32,140,110,119,135,108,48,729,187,378,440,964,738,833,1110,753,328,5718,3820,9278,7530,14740,10149,11262,11782,7001,2981,78539
LGA16400,0,3,0,14,11,7,4,0,0,44,0,29,15,74,51,42,19,3,3,241,0,0,0,8,0,15,9,6,5,48,0,14,11,24,47,65,124,73,22,364,0,0,0,11,3,3,0,0,0,28,0,28,24,77,39,38,43,13,0,264,0,0,0,0,5,7,14,6,4,35,0,0,0,4,3,0,0,0,0,16,0,3,0,11,0,0,0,0,0,11,3,11,9,47,14,9,0,0,0,95,0,0,0,0,7,6,3,0,0,18,0,0,0,3,3,6,0,0,0,16,13,23,18,53,29,23,29,3,0,187,0,0,3,17,7,9,0,3,0,37,3,3,7,16,24,18,30,12,7,125,0,4,0,13,11,3,9,0,0,38,3,17,19,129,74,110,140,68,23,589,208,434,489,1106,747,830,922,580,300,5610,3849,8665,7641,14531,9249,9673,9484,4798,1676,69556
LGA16490,0,0,0,25,32,10,0,0,0,73,4,60,55,177,73,61,9,3,0,454,0,0,0,26,3,26,17,7,14,89,0,6,0,25,44,64,49,26,7,209,0,3,4,16,18,7,3,3,0,50,5,11,27,73,50,26,11,5,0,205,0,0,0,6,21,16,27,18,5,94,3,7,5,37,24,15,13,4,0,100,0,0,0,10,3,3,0,0,0,14,0,10,7,45,12,9,3,0,0,89,3,4,23,118,120,132,78,37,16,525,0,6,3,5,8,0,0,0,0,19,15,45,29,85,49,43,32,5,0,295,0,0,4,35,22,13,3,0,0,86,0,0,0,10,19,17,10,8,0,54,0,0,3,23,11,10,10,0,0,50,6,31,51,346,185,185,149,108,51,1107,231,417,444,1209,731,587,448,217,70,4355,3648,7319,6754,15557,8956,6973,4267,1867,680,56027
LGA16550,0,0,0,39,50,23,15,7,3,135,3,39,136,577,180,147,65,29,9,1178,0,8,10,200,53,112,81,30,61,554,3,16,36,329,122,129,90,50,16,810,18,37,241,249,59,66,38,15,12,731,6,56,178,649,432,168,132,88,39,1762,0,0,0,23,18,33,21,21,13,128,0,7,57,128,29,25,27,9,8,293,7,3,78,212,42,48,22,8,0,433,5,19,132,298,94,74,26,4,4,650,0,0,0,8,9,9,3,0,0,31,0,3,5,43,51,37,20,8,3,168,29,107,143,492,155,75,57,8,4,1073,3,28,126,315,91,98,42,22,4,737,0,6,6,103,29,19,15,11,4,193,0,3,16,72,27,20,5,4,0,147,100,255,759,3924,1141,1017,983,586,303,9070,469,674,1644,3720,1230,1039,885,581,431,10679,7645,13313,23126,47566,17002,13097,9758,5967,3181,140660
LGA16610,0,0,0,3,8,7,0,0,0,16,0,10,12,42,27,16,3,3,0,111,0,0,0,3,0,0,0,0,0,5,0,0,0,3,11,13,21,7,3,53,0,0,0,0,4,0,0,0,0,7,0,0,0,6,3,5,7,0,0,24,0,0,0,0,0,0,0,0,0,0,0,0,0,3,0,0,0,0,0,3,0,0,0,0,0,0,0,0,0,0,0,0,0,8,3,0,0,0,0,16,0,0,0,0,0,0,0,0,0,0,0,0,0,0,0,0,0,0,0,0,0,6,5,5,7,9,9,3,0,42,0,0,0,0,0,3,0,0,0,7,0,0,0,0,0,3,4,0,0,7,0,0,0,3,0,0,3,0,0,8,0,3,4,22,12,20,25,11,3,96,90,214,210,426,330,323,256,181,58,2099,1371,2997,2624,4454,2939,3304,2808,1676,634,22807
LGA16650,0,3,4,21,13,10,3,0,3,63,20,88,156,982,339,272,110,37,9,2012,0,5,4,172,32,28,24,18,6,292,0,3,4,52,35,53,42,22,17,234,0,13,38,100,26,33,18,8,0,234,0,6,30,104,59,40,33,11,4,285,0,0,0,32,39,71,47,28,10,231,0,0,6,52,22,21,12,9,8,121,0,0,23,189,26,23,11,0,0,275,6,18,69,526,89,55,19,8,0,789,10,28,62,406,451,679,684,358,123,2794,0,4,18,107,85,49,55,15,11,348,18,45,37,95,40,23,10,5,0,269,10,16,127,434,189,197,66,15,11,1062,0,0,0,8,3,8,11,0,4,39,0,4,9,39,3,0,0,0,0,68,73,188,563,3401,869,781,727,384,144,7145,346,532,752,2508,867,741,680,582,551,7556,6656,10769,13555,37658,13115,10903,8389,5545,2817,109404
LGA16700,0,0,3,24,38,23,13,5,3,105,22,152,142,1058,283,254,119,28,19,2058,0,0,9,99,39,57,38,14,7,269,0,3,12,53,43,74,65,49,30,324,24,55,59,207,62,75,40,15,4,544,10,19,59,230,105,75,64,25,8,591,0,0,0,25,24,29,24,17,8,137,10,30,63,390,158,158,102,75,18,1002,11,13,78,389,71,50,26,9,0,656,9,10,69,318,68,41,15,4,6,528,3,3,3,15,16,26,27,13,4,111,0,0,0,70,34,27,16,16,3,173,24,59,84,175,67,33,29,3,3,481,7,24,129,393,157,116,49,22,10,904,0,5,0,20,17,12,9,9,6,89,0,5,20,60,14,13,4,0,0,113,95,207,299,1806,642,493,391,273,114,4327,285,343,671,1726,664,529,415,332,220,5189,7118,11848,15738,38339,14453,12214,8314,5306,2972,116302
LGA16900,0,0,0,8,6,3,3,0,0,27,3,15,27,100,61,63,28,7,4,296,0,0,0,22,11,25,29,10,9,104,0,9,3,28,112,163,114,87,28,538,0,5,4,6,3,6,0,0,0,34,6,21,30,73,32,25,25,5,4,215,0,0,0,4,25,30,24,25,10,117,0,0,4,12,3,4,0,0,0,25,0,0,0,6,0,0,0,0,0,15,0,9,14,56,17,3,4,0,0,111,0,3,9,67,173,244,234,64,20,806,0,3,3,42,53,22,27,8,3,167,3,3,15,37,29,16,18,0,0,117,0,3,3,32,26,17,10,3,3,101,0,0,7,11,59,50,36,29,8,200,0,0,0,11,6,4,0,0,0,25,0,29,30,213,284,390,298,242,120,1605,164,380,401,924,578,620,561,338,126,4094,4335,9269,8987,16623,9242,8509,6531,3579,1377,68460
LGA16950,0,0,0,16,23,12,4,3,0,61,3,27,30,123,68,73,32,4,0,361,0,0,0,19,3,23,20,22,11,99,0,4,4,26,59,123,165,114,39,540,0,0,0,12,16,11,7,4,0,46,0,8,7,48,39,43,66,14,0,228,0,0,0,0,3,20,11,14,3,58,0,5,0,18,5,3,12,0,3,45,0,0,4,6,0,0,0,0,0,8,7,9,11,66,27,10,8,0,0,138,0,0,0,3,4,10,16,4,0,33,0,0,0,5,0,0,8,0,0,10,3,27,22,72,40,55,61,18,6,303,0,0,9,46,17,7,3,0,0,85,0,3,0,11,23,30,52,30,11,161,0,0,3,13,3,9,6,3,0,43,9,24,29,186,156,211,296,206,62,1165,265,616,705,1513,1095,1303,1355,865,416,8132,5122,11193,9929,19398,12305,15353,14975,8210,3160,99650
LGA17000,0,0,0,8,4,3,0,0,0,23,4,22,10,59,15,14,5,0,0,129,0,0,0,0,0,0,0,0,0,7,0,0,0,8,6,18,7,5,3,43,0,0,0,6,0,3,0,0,0,7,0,12,20,48,32,8,4,0,0,119,0,0,0,0,0,0,3,0,0,3,0,0,0,6,0,0,3,0,0,16,0,0,0,13,0,0,0,0,0,20,4,0,0,8,0,0,0,0,0,13,0,0,0,0,0,0,0,0,0,0,0,0,3,0,0,0,0,0,0,6,0,7,4,21,7,0,8,0,0,51,0,0,3,13,5,0,0,0,0,24,0,0,0,0,3,0,4,0,3,7,0,0,3,5,4,0,0,0,0,16,0,7,3,50,19,22,17,14,4,138,70,238,168,475,296,273,221,106,39,1891,1537,3325,3149,5961,3336,2749,1741,839,343,22987
LGA17040,0,0,0,7,8,3,0,0,0,16,0,0,3,15,5,10,4,0,0,41,0,0,0,12,0,11,0,4,3,32,0,0,3,11,11,18,34,17,3,90,0,0,0,0,3,4,0,0,0,10,0,4,9,12,5,10,7,3,3,50,0,0,0,0,5,0,9,9,0,17,0,4,3,7,4,4,0,0,0,23,0,0,13,40,0,0,0,0,0,48,0,8,5,19,7,4,3,0,0,45,0,0,0,0,0,0,4,3,0,10,0,0,0,4,8,3,0,0,0,12,3,5,10,21,13,15,10,4,0,74,0,0,3,8,7,4,0,0,0,21,0,0,0,0,3,0,0,3,0,15,0,0,0,5,3,0,0,0,0,6,0,3,8,51,51,59,104,61,22,350,57,157,200,474,321,291,253,151,98,1993,959,2507,2252,4693,3039,2896,2274,1144,460,20218
LGA17080,0,0,0,6,3,0,0,0,0,9,0,7,3,25,5,9,0,0,0,49,0,0,0,0,0,3,0,3,3,11,0,0,0,4,0,10,24,7,0,45,0,0,0,0,0,3,0,0,0,6,0,18,16,37,22,3,0,0,0,98,0,0,0,0,0,0,3,0,0,4,0,0,0,0,0,0,0,0,0,0,0,0,7,24,0,0,0,0,0,33,0,0,0,15,3,0,3,0,0,27,0,0,0,0,4,0,0,0,0,3,0,0,0,0,0,0,0,0,0,0,0,3,0,5,4,5,0,0,0,24,0,0,0,4,3,3,0,0,0,12,0,0,0,0,0,0,3,0,0,7,0,0,0,0,0,4,0,0,0,9,5,7,8,32,15,31,24,20,9,150,54,113,122,273,216,267,189,145,106,1485,809,1793,1437,3071,1933,2161,1781,987,430,14395
LGA17100,0,0,8,9,3,9,4,0,0,35,8,22,47,311,84,55,29,10,9,553,0,0,0,19,6,12,7,6,3,67,0,0,0,11,3,5,7,7,6,38,7,8,10,44,4,20,18,6,0,122,0,0,12,34,18,9,8,9,0,94,0,0,0,3,3,8,12,0,0,27,6,38,105,410,230,282,163,89,75,1399,3,6,23,115,18,21,11,3,0,206,0,0,34,162,23,11,4,0,0,233,0,0,0,0,0,3,4,0,0,10,0,0,4,14,28,17,14,5,0,76,4,14,9,31,3,4,0,3,0,77,0,14,85,302,238,192,66,46,10,960,0,0,0,0,0,0,0,3,0,6,0,0,3,13,0,3,0,0,0,19,14,49,107,380,178,156,126,93,50,1158,172,205,445,1171,287,232,146,94,53,2804,2318,3909,6297,14575,4676,3912,2355,1521,752,40312
LGA17150,0,3,0,38,48,38,11,6,3,145,11,61,74,490,220,209,76,23,9,1182,0,0,7,146,59,96,60,27,12,410,0,27,17,157,168,203,230,126,45,965,8,33,24,70,45,54,43,6,3,285,4,47,104,399,244,189,148,61,10,1214,0,0,0,16,52,53,28,26,8,180,0,3,5,54,30,34,19,0,0,146,0,10,4,58,11,27,13,0,4,126,11,23,47,244,70,27,15,0,0,432,0,0,14,106,151,164,118,34,7,599,3,3,0,38,44,32,17,4,0,131,15,73,87,247,154,93,68,18,10,765,0,8,17,156,93,92,41,6,3,420,0,8,16,67,66,34,50,19,8,262,0,8,11,67,20,7,5,3,0,121,45,227,279,1848,926,759,677,316,133,5212,392,780,845,2602,1300,1250,995,683,462,9316,13624,28029,25842,56401,30298,27277,19990,11056,5947,218464
LGA17200,3,3,16,81,49,30,8,6,0,201,3,26,155,1141,221,166,79,14,7,1820,3,3,21,365,35,82,62,28,10,616,4,0,69,504,148,130,89,39,13,1003,11,22,269,659,98,86,38,15,3,1211,7,6,115,709,168,137,83,24,3,1249,0,0,0,58,31,33,29,24,10,192,0,0,51,249,41,20,21,8,0,398,7,6,215,975,68,50,30,3,0,1359,34,43,791,5438,308,111,28,8,0,6771,0,0,5,59,19,30,16,10,0,137,0,3,24,240,80,42,35,13,4,450,49,97,448,1457,291,184,122,30,3,2685,7,23,418,921,229,286,150,60,17,2117,0,0,25,153,42,21,14,8,3,272,0,0,12,78,33,14,12,0,0,142,95,155,1462,7300,1020,825,817,532,190,12384,719,707,4708,12888,2861,2180,1410,739,309,26520,6977,7063,36965,102719,21469,16072,10462,4860,1790,208374
LGA17310,0,0,3,16,11,4,0,0,0,35,9,57,60,186,52,36,18,0,0,421,0,0,0,5,0,3,4,0,3,16,0,3,4,11,18,24,36,16,7,116,0,6,12,10,14,4,8,0,0,56,3,21,21,48,35,17,8,0,0,147,0,0,0,0,3,4,0,3,0,9,0,9,4,25,8,3,0,0,0,49,6,3,26,96,0,0,0,0,0,125,3,5,4,22,13,7,0,0,0,48,0,0,0,0,0,3,0,0,0,3,0,0,0,0,0,0,0,0,0,0,0,3,7,29,29,20,18,9,0,113,0,3,13,35,7,3,0,0,0,70,0,0,5,0,8,3,4,3,0,19,0,0,3,9,14,4,0,0,0,31,3,17,11,79,33,38,24,27,8,249,247,471,505,1164,675,773,623,452,220,5137,3906,8206,6949,14114,7626,7694,6161,3566,1437,59663
LGA17350,0,0,0,0,0,0,0,0,0,0,0,4,8,8,11,0,0,0,0,37,0,0,0,0,0,0,0,0,0,0,0,0,0,0,0,4,7,0,0,9,0,0,0,0,0,0,0,0,0,0,0,0,0,0,3,0,0,0,0,0,0,0,0,0,0,0,0,0,0,0,0,0,0,0,0,0,0,0,0,3,0,0,0,0,0,0,0,0,0,0,0,0,0,0,0,0,0,0,0,0,0,0,0,0,0,0,0,0,0,0,0,0,0,0,0,0,0,0,0,0,0,0,0,0,0,6,0,0,0,9,0,0,0,9,0,3,0,0,0,11,0,0,0,0,0,0,3,0,0,6,0,0,0,0,0,0,0,0,0,0,0,0,0,0,6,4,3,7,0,13,13,40,38,93,63,71,68,56,8,441,359,815,628,1159,820,857,783,470,210,6110
LGA17400,0,0,0,0,0,3,0,0,0,4,0,0,3,10,5,4,0,0,0,22,0,0,0,0,0,0,0,0,0,5,0,0,0,0,3,0,3,0,0,12,0,0,0,0,0,0,0,0,0,0,0,0,0,6,0,3,0,0,0,8,0,0,0,0,0,0,0,0,0,0,0,0,0,4,0,0,0,0,0,8,0,0,0,0,0,0,0,0,0,0,0,0,0,0,0,0,0,0,0,6,0,0,0,0,0,0,0,0,0,0,0,0,0,0,0,0,0,0,0,0,0,3,0,0,0,3,4,4,0,16,0,0,0,4,0,0,0,0,0,4,0,0,0,0,0,0,0,0,0,4,0,0,0,0,0,7,0,0,0,3,0,4,3,4,5,8,8,3,0,34,34,54,58,125,90,183,145,103,56,851,283,756,548,1093,822,1299,1137,518,176,6628
LGA17420,0,0,6,35,34,25,6,0,3,113,12,78,161,771,498,508,287,44,28,2386,0,3,9,117,63,140,61,23,11,429,4,29,20,87,103,119,123,53,19,553,16,91,73,139,95,96,68,17,4,597,32,247,370,774,503,317,135,48,12,2450,0,0,0,15,42,26,30,17,3,132,6,97,144,654,590,492,230,85,31,2334,6,3,33,224,65,96,52,9,0,488,8,18,50,179,54,38,7,0,0,352,0,0,0,6,7,14,10,4,0,39,0,0,5,74,102,38,21,9,4,248,34,149,265,223,111,69,41,7,0,899,0,11,20,203,149,128,34,4,0,561,0,6,4,25,24,30,23,11,3,128,0,0,23,70,65,34,17,3,0,214,50,292,361,1239,815,689,490,248,88,4267,223,527,531,1344,806,633,567,281,106,5021,9772,23856,20965,40133,22686,18615,13582,5649,2000,157243
LGA17550,0,0,5,38,38,25,12,6,0,125,8,40,36,174,89,76,31,7,4,467,0,0,0,19,3,9,13,11,6,62,4,7,3,36,56,83,151,123,67,524,0,3,3,9,12,13,10,0,0,54,0,16,23,94,59,50,42,22,3,311,0,0,0,3,5,10,20,13,4,59,0,3,0,8,3,10,6,0,0,29,0,0,0,22,5,0,3,0,0,33,6,10,24,73,25,22,3,0,0,168,0,0,0,0,0,0,0,0,0,3,0,0,0,3,4,4,3,0,0,13,8,31,24,70,61,72,58,10,8,330,0,3,3,14,4,0,0,0,0,35,0,3,3,19,10,35,33,23,10,140,0,0,3,14,10,16,12,3,0,64,13,44,42,343,155,131,170,118,51,1072,267,585,542,1422,1018,1274,1148,802,475,7526,4779,10546,8921,18485,11917,13583,12026,7535,3581,91371
LGA17620,0,0,0,0,3,0,0,0,0,6,4,4,3,54,10,8,3,0,0,84,0,0,0,0,0,0,0,0,0,0,0,3,0,5,7,4,6,6,3,31,0,0,0,0,0,0,0,0,0,3,0,3,3,11,8,5,5,0,0,37,0,0,0,0,0,0,0,0,0,0,0,0,0,4,0,0,0,0,0,7,0,3,0,3,0,0,0,0,0,6,0,0,0,5,0,0,0,0,0,6,0,0,0,0,0,0,0,0,0,0,0,0,0,0,0,0,0,0,0,0,0,0,3,5,0,3,3,3,0,20,0,3,6,24,4,0,0,0,0,35,0,0,0,0,0,0,0,0,0,4,0,0,0,3,7,0,0,0,0,11,0,0,9,30,9,3,3,3,0,60,64,176,124,393,196,206,175,110,54,1497,858,2054,1454,3427,1855,1849,1435,833,352,14112
LGA17640,0,0,0,3,0,3,0,0,0,4,0,0,0,3,3,4,0,0,0,7,0,0,0,0,0,0,0,0,0,4,0,0,0,0,9,5,8,9,0,26,0,0,0,0,0,0,0,0,0,0,0,0,0,3,3,3,0,0,0,5,0,0,0,0,0,0,0,0,0,0,0,0,0,0,0,0,0,0,0,3,0,0,0,3,0,0,0,0,0,4,0,0,0,0,0,0,0,0,0,0,0,0,0,0,0,3,0,0,0,3,0,0,0,0,0,0,0,0,0,0,0,4,0,8,0,8,3,0,0,24,0,0,0,0,0,0,0,0,0,0,0,0,0,0,4,0,3,3,0,12,0,0,0,0,0,0,0,0,0,0,0,0,0,8,9,3,8,3,0,42,37,55,74,127,126,130,117,79,13,750,455,888,728,1403,1189,1212,1072,559,184,7695
LGA17650,0,0,0,3,0,0,0,0,0,4,0,0,0,0,3,0,0,0,0,4,0,0,0,0,0,0,0,0,0,0,0,0,0,3,3,4,3,3,0,17,0,0,0,0,0,4,3,0,0,4,0,0,3,4,3,0,0,0,0,14,0,0,0,0,0,0,0,0,0,0,0,0,0,0,0,0,0,0,0,0,0,0,0,0,0,0,0,0,0,0,0,0,0,3,0,0,0,0,0,3,0,0,0,0,0,0,0,0,0,0,0,0,0,0,0,0,0,0,0,0,0,0,0,7,3,0,4,0,0,18,0,0,0,0,0,0,0,0,0,3,0,0,0,0,0,0,0,3,0,4,0,0,0,0,0,0,0,0,0,0,0,0,0,4,14,10,9,0,0,31,21,47,34,91,96,95,83,35,12,516,307,853,601,1156,892,985,787,337,118,6048
LGA17750,3,5,4,8,9,9,0,0,0,38,10,70,33,225,44,26,12,3,0,423,0,0,0,10,3,0,4,5,3,26,0,3,15,13,33,21,34,5,3,136,0,4,4,3,6,4,0,0,0,29,0,26,41,72,36,22,16,3,3,229,0,0,0,3,4,3,3,7,3,25,3,16,11,76,17,3,3,0,0,132,0,0,7,26,7,0,0,0,0,36,0,5,9,21,9,3,0,0,0,45,0,0,0,0,0,0,0,0,0,0,0,0,0,3,0,0,0,0,0,4,3,7,8,33,24,8,15,3,0,100,0,3,5,40,4,4,0,0,0,59,0,0,0,9,4,4,9,0,0,23,0,10,15,31,19,9,3,0,0,85,10,65,98,300,76,59,55,24,19,706,187,343,534,1013,523,561,437,298,132,4033,4206,8490,9313,16139,7551,7210,5124,2979,1372,62385
LGA17850,0,0,0,0,0,3,0,0,0,3,0,0,0,0,0,3,0,0,0,3,0,0,0,0,0,0,0,0,0,0,0,0,0,0,0,3,0,4,0,5,0,0,0,0,0,0,0,0,0,0,0,0,0,0,0,0,0,0,0,0,0,0,0,0,0,0,0,0,0,0,0,0,0,0,0,0,0,0,0,0,0,0,0,0,0,0,0,0,0,0,0,0,0,0,0,0,0,0,0,0,0,0,0,0,0,0,0,0,0,0,0,0,0,0,0,0,0,0,0,0,0,0,0,0,0,0,0,0,0,5,0,0,0,0,0,0,0,0,0,0,0,0,0,0,0,0,0,0,0,0,0,0,0,0,0,0,0,0,0,0,0,0,3,7,10,3,4,0,0,28,24,38,22,71,37,51,78,43,30,394,174,357,287,589,415,464,469,233,96,3092
LGA17900,0,0,0,0,3,0,0,0,0,3,0,3,5,21,8,0,3,0,0,39,0,0,0,0,0,0,0,0,0,3,0,0,0,4,3,3,0,4,0,9,0,0,0,0,0,0,0,0,0,0,0,0,3,0,3,0,0,0,0,8,0,0,0,0,4,3,12,13,0,29,0,0,0,0,0,0,0,0,0,0,0,0,0,0,0,0,0,0,0,0,0,0,0,0,0,0,0,0,0,0,0,0,0,0,0,0,3,0,0,4,0,0,0,0,0,0,0,0,0,4,0,0,0,3,0,0,3,3,0,9,0,0,0,0,0,0,0,0,0,0,0,0,0,0,0,0,0,0,0,0,0,0,0,3,0,0,0,0,0,3,0,0,0,9,6,20,34,24,6,103,42,85,68,202,117,125,123,64,8,839,406,820,582,1402,815,926,738,347,77,6107
LGA17950,0,0,0,0,0,0,0,0,0,0,0,0,0,8,0,0,0,0,0,7,0,0,0,0,0,0,0,0,0,0,0,0,3,0,0,0,0,0,0,5,0,0,0,0,0,0,0,0,0,0,0,0,0,5,0,0,0,0,0,9,0,0,0,0,0,0,0,0,0,0,0,0,0,0,0,0,0,0,0,0,0,0,0,0,0,0,0,0,0,0,0,0,0,0,4,0,0,0,0,5,0,0,0,0,0,0,0,0,0,0,0,0,0,0,0,0,0,0,0,0,0,0,0,0,0,0,0,0,0,0,0,0,0,0,0,0,0,0,0,0,0,0,0,0,0,0,0,0,0,0,0,0,0,0,0,3,0,0,0,3,0,0,3,3,0,3,3,0,0,14,18,39,23,67,46,48,54,31,10,337,204,373,253,584,365,375,329,177,60,2732
LGA18020,0,0,0,0,3,0,0,0,0,5,0,3,0,10,10,0,0,0,0,26,0,0,0,0,0,0,0,0,0,5,0,0,0,0,0,12,8,0,0,19,0,0,0,0,0,0,0,0,0,3,0,0,0,3,5,0,3,0,0,18,0,0,0,0,0,0,0,0,0,0,0,0,0,3,0,0,0,0,0,3,0,0,0,0,0,0,0,0,0,0,0,0,0,4,0,0,0,0,0,4,0,0,0,0,0,0,0,0,0,0,0,0,0,0,0,0,0,0,0,0,0,0,0,7,3,4,3,3,0,17,0,0,0,3,3,0,0,0,0,4,0,0,0,0,0,0,0,0,0,8,0,0,0,0,0,0,0,0,0,0,0,0,0,0,8,11,17,10,0,46,35,125,87,217,169,176,200,120,39,1174,466,1213,877,1656,1263,1461,1354,791,305,9384
LGA18050,0,0,0,21,19,5,3,0,0,48,0,21,39,218,63,46,22,3,0,407,0,0,7,135,12,48,60,25,45,341,0,4,12,171,46,48,42,22,4,350,12,21,16,58,16,33,32,23,9,212,10,53,217,1015,599,455,252,159,59,2816,0,0,0,15,16,13,5,12,4,58,0,0,3,20,10,3,3,5,0,54,0,0,6,41,14,6,7,0,0,79,4,13,19,121,34,13,9,0,0,208,0,0,0,18,11,4,3,0,0,32,0,0,3,39,15,10,7,8,5,70,35,103,82,537,106,74,30,10,0,979,0,3,10,55,19,9,8,0,0,104,6,0,4,87,19,11,6,3,0,138,0,0,4,24,20,15,9,7,0,78,42,134,523,2972,607,619,757,440,276,6373,344,489,588,3256,842,574,498,362,268,7219,4154,6554,6116,27639,8188,5670,4371,2611,1513,66812
LGA18100,0,0,0,0,0,0,0,0,0,0,0,0,0,7,0,0,3,0,0,17,0,0,0,0,0,0,0,0,0,0,0,0,0,0,0,0,0,0,0,3,0,0,0,0,0,0,0,0,0,0,0,0,0,0,0,0,0,0,0,0,0,0,0,0,0,0,0,0,0,0,0,0,0,3,0,0,0,0,0,3,0,0,0,0,0,0,0,0,0,0,0,0,0,0,0,0,0,0,0,0,0,0,0,0,0,0,0,0,0,0,0,0,0,0,0,0,0,0,0,0,0,0,0,0,0,3,0,0,0,7,0,0,0,0,0,0,0,0,0,3,0,0,0,0,0,0,0,0,0,0,0,0,0,0,0,0,0,0,0,0,0,6,0,3,0,3,6,0,0,19,17,29,23,53,47,64,70,40,17,375,187,431,296,646,479,583,590,309,148,3664
LGA18200,0,0,0,0,3,0,0,0,0,5,0,0,0,6,0,4,0,0,0,14,0,0,0,0,0,0,0,0,0,3,0,0,0,4,3,0,4,0,0,15,0,0,0,0,0,0,0,0,0,3,0,0,0,0,0,0,0,0,0,0,0,0,0,0,0,3,0,3,0,5,0,0,0,0,0,0,0,0,0,0,0,0,0,0,0,0,0,0,0,0,0,0,0,0,3,0,0,0,0,4,0,0,0,0,0,0,0,0,0,0,0,0,0,0,3,0,0,0,0,3,0,0,3,4,0,0,0,0,0,9,0,0,0,0,0,0,0,0,0,0,0,0,0,0,0,0,3,0,0,6,0,0,0,0,0,0,0,0,0,0,0,0,0,6,3,9,7,3,0,25,44,74,71,151,116,137,124,55,12,782,423,855,717,1425,947,1045,856,390,135,6794
LGA18230,0,0,0,6,6,8,0,0,0,15,8,31,29,87,39,12,11,3,0,213,0,0,0,3,0,3,0,0,3,14,0,0,5,8,9,16,19,8,6,70,0,3,0,5,3,5,5,0,0,21,0,5,18,26,12,16,8,6,0,95,0,0,0,0,0,3,0,0,0,9,6,15,19,56,28,6,3,3,0,142,0,0,3,13,0,0,0,0,0,23,0,3,0,10,5,3,0,0,0,31,0,0,0,0,0,0,4,0,0,10,0,0,0,3,3,0,0,0,0,7,0,3,4,25,3,16,9,6,3,67,0,3,4,37,7,3,0,0,0,56,0,0,0,0,0,0,5,0,0,10,0,19,12,31,9,8,7,0,0,82,11,18,14,89,32,41,37,19,4,265,211,424,458,1085,608,626,531,303,143,4391,3551,6821,6251,12595,6350,6185,4576,2671,1081,50077
LGA18250,0,8,4,42,59,48,31,42,21,260,15,47,76,496,123,76,48,6,3,897,0,0,3,74,13,33,23,11,16,176,0,9,8,52,62,38,33,20,8,222,29,87,48,171,66,54,39,13,5,503,6,24,51,271,117,97,70,26,11,668,0,0,0,8,11,15,3,6,0,51,3,0,10,71,29,14,23,10,3,157,18,27,107,595,71,103,64,14,4,1008,6,25,36,315,59,30,8,0,0,485,0,0,0,9,13,4,12,18,0,60,0,4,0,25,27,21,12,16,6,104,47,126,60,178,97,52,31,13,10,608,0,3,48,175,68,39,19,7,3,365,0,0,3,27,21,13,3,5,0,74,0,0,0,23,13,18,5,0,0,56,39,150,149,927,312,266,254,182,98,2385,215,358,389,1276,483,382,309,195,155,3762,4896,9510,8459,23691,10050,7522,5430,3022,1731,74302
LGA18350,0,0,0,11,8,12,4,0,0,36,0,12,20,54,22,20,13,0,0,136,0,0,0,8,5,16,25,13,5,73,0,3,5,22,39,70,102,66,19,332,0,14,9,5,10,4,3,7,0,45,0,12,18,61,31,33,52,14,6,229,0,0,0,0,5,0,7,6,3,26,0,3,0,6,0,4,3,4,3,25,0,7,4,21,12,3,3,3,0,42,3,3,3,23,10,3,0,0,0,51,0,0,0,7,3,6,5,0,0,31,0,0,0,3,0,0,0,0,0,7,0,13,24,34,39,30,42,15,3,188,0,4,13,29,9,0,0,0,0,59,0,5,0,3,4,12,29,11,3,70,0,0,0,17,5,6,3,3,0,39,3,17,21,110,100,144,168,83,40,677,114,353,258,654,511,484,546,324,135,3374,2358,6050,4929,9041,6470,6643,7096,3861,1428,47882
LGA18400,0,0,0,8,4,3,0,0,0,25,0,6,4,39,25,22,10,3,0,105,0,0,0,6,4,12,9,3,3,40,0,0,3,32,43,79,49,27,9,245,0,0,4,4,9,5,0,0,0,28,0,8,16,66,25,13,15,9,0,156,0,0,0,3,12,15,11,3,3,40,0,0,3,5,3,6,0,0,0,22,0,0,0,5,0,0,0,0,0,12,0,9,3,21,8,4,0,0,0,41,0,0,0,3,8,3,3,3,3,22,0,0,0,3,3,3,0,0,0,14,3,7,7,25,22,16,10,4,0,107,4,0,0,18,11,9,4,0,0,40,0,0,0,10,18,15,16,3,0,66,0,0,4,10,7,4,3,0,0,32,3,20,20,128,129,107,93,69,49,622,157,277,285,783,433,477,322,191,60,2988,3313,7370,6309,12277,6769,6014,4005,1808,652,48519
LGA18450,4,8,6,36,28,17,3,3,0,100,12,72,66,403,153,229,97,19,8,1056,0,3,3,81,27,85,52,58,51,354,0,15,18,91,267,307,378,268,101,1455,9,17,16,37,16,20,7,9,0,123,0,28,64,206,94,90,52,28,3,566,0,0,5,56,77,108,109,118,34,504,8,16,61,115,44,35,22,9,7,303,3,8,19,59,13,5,4,0,0,118,16,61,120,275,72,38,10,3,0,591,0,9,34,290,548,687,770,463,97,2896,0,13,14,116,194,75,86,47,5,554,16,52,108,225,111,73,73,15,10,681,8,34,185,275,137,190,68,29,13,938,0,12,7,42,100,108,90,58,25,435,0,8,18,52,20,12,6,0,0,124,134,416,519,1532,923,858,732,596,278,5978,517,849,1358,2782,1580,1622,1451,1077,535,11777,12034,24521,28534,51873,26461,24276,18688,11994,5253,203630
LGA18500,0,3,6,18,18,9,0,0,5,66,3,17,25,142,49,26,15,0,0,275,0,3,4,54,7,35,48,36,55,240,0,3,6,109,46,29,35,31,8,267,15,62,31,65,33,32,20,5,3,252,10,35,102,612,340,432,315,156,54,2052,0,0,0,8,12,11,12,6,0,50,0,3,0,42,14,10,10,5,3,77,3,5,0,30,13,9,0,0,0,60,0,4,17,73,15,8,13,0,0,126,0,0,0,8,3,3,0,3,0,17,0,0,0,21,15,0,9,4,3,52,38,129,96,289,136,71,58,15,8,838,0,3,11,57,27,10,3,0,0,104,0,0,0,62,11,5,9,3,0,87,0,0,5,20,26,19,11,3,4,88,25,88,172,1100,361,323,549,259,206,3082,219,352,452,1678,629,532,549,386,243,5047,2771,5701,5539,17265,7022,5833,5531,2981,1599,54240
LGA18710,0,0,0,12,13,5,3,0,0,29,0,0,0,10,3,3,3,0,0,23,0,0,0,0,0,4,0,3,0,10,0,3,0,17,18,13,11,0,0,55,0,0,0,3,4,0,0,0,0,12,0,3,7,10,9,6,3,0,0,43,0,0,0,0,0,0,0,0,0,3,0,0,0,3,0,0,0,0,0,0,0,0,0,0,0,0,0,0,0,0,0,0,3,3,3,0,0,0,0,6,0,0,0,0,0,0,0,0,0,0,0,0,0,0,0,0,0,0,0,0,3,6,6,23,10,16,5,0,0,70,0,0,0,5,3,0,0,0,0,11,0,0,0,0,6,0,0,0,0,15,0,0,0,4,3,3,0,0,0,15,0,4,9,34,32,32,21,15,3,157,49,114,114,262,176,202,154,69,28,1163,1010,2391,1756,3669,2497,2192,1596,730,296,16142
LGA19399,0,0,0,0,0,0,0,0,0,5,0,0,0,0,0,0,0,0,0,0,0,0,0,0,0,0,0,0,0,0,0,0,0,0,0,0,0,0,0,0,0,0,0,0,0,0,0,0,0,0,0,0,0,0,0,0,0,0,0,0,0,0,0,0,0,0,0,0,0,0,0,0,0,0,0,0,0,0,0,0,0,0,0,0,0,0,0,0,0,0,0,0,0,0,0,0,0,0,0,0,0,0,0,0,0,0,0,0,0,0,0,0,0,0,0,0,0,0,0,0,0,3,0,0,0,0,0,0,0,9,0,0,0,0,0,0,0,0,0,0,0,0,0,0,0,0,0,0,0,0,0,0,0,0,0,0,0,0,0,0,0,0,4,4,0,0,0,0,0,14,3,12,14,48,13,16,12,8,6,131,67,118,90,304,142,166,104,47,22,1056
LGA19499,0,0,0,5,6,4,0,0,0,16,3,6,8,46,11,15,3,3,0,89,0,0,3,6,0,4,4,0,0,18,0,0,3,17,3,14,11,7,0,50,0,0,3,7,3,0,0,0,0,13,3,7,4,34,6,15,14,0,0,77,0,0,0,3,3,3,3,0,0,9,0,0,0,9,0,0,0,0,0,9,0,0,12,55,3,0,0,0,0,74,0,0,8,27,4,0,0,0,0,39,0,0,0,3,3,3,0,0,0,5,0,0,0,10,6,3,0,0,0,18,5,5,27,25,7,11,6,0,0,82,0,0,16,27,9,10,3,0,0,76,0,0,5,4,3,0,5,0,0,19,0,0,0,3,0,7,0,0,0,9,14,15,54,172,68,43,25,8,0,398,36,56,328,934,338,284,200,60,15,2248,338,402,1876,4599,1798,1722,1196,282,78,12288
LGA19799,0,0,0,0,0,0,0,0,0,0,0,0,0,3,0,0,0,0,0,3,0,0,0,0,0,0,0,0,0,0,0,0,0,0,0,0,3,0,0,3,0,0,0,0,0,0,0,0,0,0,0,0,0,0,0,0,0,0,0,0,0,0,0,0,0,0,0,0,0,0,0,0,0,0,0,0,0,0,0,0,0,0,0,0,0,0,0,0,0,0,0,0,0,0,0,0,0,0,0,0,0,0,0,0,0,0,3,3,0,7,0,0,0,0,0,0,0,0,0,0,0,0,0,0,0,0,0,0,0,0,0,0,0,3,0,3,5,0,0,13,0,0,0,0,0,0,0,0,0,0,0,0,0,0,0,0,0,0,0,0,0,0,0,3,3,4,4,0,0,10,4,0,3,9,5,6,11,3,0,36,14,22,25,62,50,74,108,42,10,412
