LGA_CODE_2016,P_Greece_0_4,P_Greece_5_14,P_Greece_15_24,P_Greece_25_44,P_Greece_45_54,P_Greece_55_64,P_Greece_65_74,P_Greece_75_84,P_Greece_85ov,P_Greece_Tot,P_Hong_Kong_0_4,P_Hong_Kong_5_14,P_Hong_Kong_15_24,P_Hong_Kong_25_44,P_Hong_Kong_45_54,P_Hong_Kong_55_64,P_Hong_Kong_65_74,P_Hong_Kong_75_84,P_Hong_Kong_85ov,P_Hong_Kong_Tot,P_India_0_4,P_India_5_14,P_India_15_24,P_India_25_44,P_India_45_54,P_India_55_64,P_India_65_74,P_India_75_84,P_India_85ov,P_India_Tot,P_Indonesia_0_4,P_Indonesia_5_14,P_Indonesia_15_24,P_Indonesia_25_44,P_Indonesia_45_54,P_Indonesia_55_64,P_Indonesia_65_74,P_Indonesia_75_84,P_Indonesia_85ov,P_Indonesia_Tot,P_Iran_0_4,P_Iran_5_14,P_Iran_15_24,P_Iran_25_44,P_Iran_45_54,P_Iran_55_64,P_Iran_65_74,P_Iran_75_84,P_Iran_85ov,P_Iran_Tot,P_Iraq_0_4,P_Iraq_5_14,P_Iraq_15_24,P_Iraq_25_44,P_Iraq_45_54,P_Iraq_55_64,P_Iraq_65_74,P_Iraq_75_84,P_Iraq_85ov,P_Iraq_Tot,P_Ireland_0_4,P_Ireland_5_14,P_Ireland_15_24,P_Ireland_25_44,P_Ireland_45_54,P_Ireland_55_64,P_Ireland_65_74,P_Ireland_75_84,P_Ireland_85ov,P_Ireland_Tot,P_Italy_0_4,P_Italy_5_14,P_Italy_15_24,P_Italy_25_44,P_Italy_45_54,P_Italy_55_64,P_Italy_65_74,P_Italy_75_84,P_Italy_85ov,P_Italy_Tot,P_Japan_0_4,P_Japan_5_14,P_Japan_15_24,P_Japan_25_44,P_Japan_45_54,P_Japan_55_64,P_Japan_65_74,P_Japan_75_84,P_Japan_85ov,P_Japan_Tot,P_Korea_South_0_4,P_Korea_South_5_14,P_Korea_South_15_24,P_Korea_South_25_44,P_Korea_South_45_54,P_Korea_South_55_64,P_Korea_South_65_74,P_Korea_South_75_84,P_Korea_South_85ov,P_Korea_South_Tot,P_Lebanon_0_4,P_Lebanon_5_14,P_Lebanon_15_24,P_Lebanon_25_44,P_Lebanon_45_54,P_Lebanon_55_64,P_Lebanon_65_74,P_Lebanon_75_84,P_Lebanon_85ov,P_Lebanon_Tot,P_Malaysia_0_4,P_Malaysia_5_14,P_Malaysia_15_24,P_Malaysia_25_44,P_Malaysia_45_54,P_Malaysia_55_64,P_Malaysia_65_74,P_Malaysia_75_84,P_Malaysia_85ov,P_Malaysia_Tot,P_Malta_0_4,P_Malta_5_14,P_Malta_15_24,P_Malta_25_44,P_Malta_45_54,P_Malta_55_64,P_Malta_65_74,P_Malta_75_84,P_Malta_85ov,P_Malta_Tot,P_Mauritius_0_4,P_Mauritius_5_14,P_Mauritius_15_24,P_Mauritius_25_44,P_Mauritius_45_54,P_Mauritius_55_64,P_Mauritius_65_74,P_Mauritius_75_84,P_Mauritius_85ov,P_Mauritius_Tot,P_Myanmar_0_4,P_Myanmar_5_14,P_Myanmar_15_24,P_Myanmar_25_44,P_Myanmar_45_54,P_Myanmar_55_64,P_Myanmar_65_74,P_Myanmar_75_84,P_Myanmar_85ov,P_Myanmar_Tot,P_Nepal_0_4,P_Nepal_5_14,P_Nepal_15_24,P_Nepal_25_44,P_Nepal_45_54,P_Nepal_55_64,P_Nepal_65_74,P_Nepal_75_84,P_Nepal_85ov,P_Nepal_Tot,P_Netherlands_0_4,P_Netherlands_5_14,P_Netherlands_15_24,P_Netherlands_25_44,P_Netherlands_45_54,P_Netherlands_55_64,P_Netherlands_65_74,P_Netherlands_75_84,P_Netherlands_85ov,P_Netherlands_Tot,P_New_Zealand_0_4,P_New_Zealand_5_14,P_New_Zealand_15_24,P_New_Zealand_25_44,P_New_Zealand_45_54,P_New_Zealand_55_64,P_New_Zealand_65_74,P_New_Zealand_75_84,P_New_Zealand_85ov,P_New_Zealand_Tot,P_Nthern_Ireland_0_4,P_Nthern_Ireland_5_14,P_Nthern_Ireland_15_24,P_Nthern_Ireland_25_44,P_Nthern_Ireland_45_54,P_Nthern_Ireland_55_64,P_Nthern_Ireland_65_74,P_Nthern_Ireland_75_84,P_Nthern_Ireland_85ov,P_Nthern_Ireland_Tot,P_Pakistan_0_4,P_Pakistan_5_14,P_Pakistan_15_24,P_Pakistan_25_44,P_Pakistan_45_54,P_Pakistan_55_64,P_Pakistan_65_74,P_Pakistan_75_84,P_Pakistan_85ov,P_Pakistan_Tot
LGA10050,0,0,0,3,4,8,16,21,11,54,3,3,3,9,0,9,3,0,0,38,14,51,23,407,26,18,11,7,0,559,0,0,0,3,3,0,0,3,0,16,0,3,0,14,4,5,0,0,0,28,0,0,0,0,0,0,0,0,0,4,0,7,0,19,10,0,8,16,0,66,0,0,0,0,4,12,20,19,7,73,0,0,0,9,0,0,0,0,0,18,0,0,9,22,0,0,0,0,0,34,0,0,0,6,4,3,0,0,0,13,0,3,4,22,9,3,0,3,0,43,0,0,0,0,0,3,3,3,0,13,0,0,0,3,0,0,0,0,0,6,0,0,0,3,0,0,0,0,0,7,9,65,79,44,3,0,0,0,0,200,0,8,0,14,12,30,70,46,17,197,6,27,42,132,121,107,68,27,3,540,0,0,0,4,0,0,5,7,0,12,0,3,0,22,4,0,0,0,0,32
LGA10130,0,3,0,0,3,0,0,0,0,10,0,0,3,14,5,4,5,0,0,26,9,9,17,99,15,6,3,4,0,163,0,3,3,11,12,3,3,0,3,35,0,3,5,32,5,0,3,0,0,47,12,22,5,46,6,0,0,0,0,89,0,0,0,8,10,3,6,4,0,34,0,0,3,3,3,6,6,0,3,23,0,0,3,6,11,6,0,0,0,29,0,0,0,10,0,0,0,0,0,12,0,0,0,4,0,0,4,0,0,6,0,6,4,8,8,4,4,3,0,39,0,0,0,0,0,0,0,0,0,3,0,0,0,0,0,0,0,0,0,0,0,3,0,7,4,0,0,0,0,12,0,0,31,114,6,0,0,0,0,151,3,0,0,5,6,17,18,7,5,64,0,27,46,65,66,58,32,10,5,313,0,0,0,3,0,0,4,0,0,11,0,0,7,20,3,0,0,0,0,32
LGA10250,0,0,0,0,0,3,0,0,3,12,0,3,0,4,6,6,0,0,0,22,3,6,6,67,9,5,7,6,3,107,0,4,0,17,3,7,3,0,0,33,0,0,0,3,4,4,3,0,3,13,0,0,0,0,0,0,0,0,0,0,0,3,0,25,11,13,12,5,5,71,0,0,0,13,9,15,21,25,14,92,0,10,7,23,13,5,5,0,4,58,0,0,3,20,5,0,0,0,0,25,0,0,0,0,0,3,0,0,0,4,0,0,4,11,14,12,9,3,0,52,0,0,0,0,0,4,14,3,3,27,0,0,0,0,0,4,0,0,0,7,0,0,0,3,0,0,0,0,0,4,0,0,0,8,0,0,0,0,0,8,0,4,0,16,15,31,45,20,19,152,6,29,36,172,123,147,95,38,14,657,0,0,0,0,3,9,4,0,0,16,0,0,0,0,0,0,0,0,0,6
LGA10300,0,0,0,0,0,0,0,0,0,0,0,0,0,0,0,0,0,0,0,0,3,0,0,3,0,0,0,0,0,7,0,0,0,0,0,0,0,0,0,0,0,0,0,0,0,0,0,0,0,0,0,0,0,0,0,0,0,0,0,0,0,0,0,0,0,0,0,0,0,3,0,0,0,0,0,3,5,12,3,22,0,0,0,0,0,0,0,0,0,0,0,0,0,0,0,0,0,0,0,3,0,0,0,0,0,0,0,0,0,0,0,3,3,3,0,0,0,0,0,12,0,0,0,0,0,0,0,0,0,0,0,0,0,0,0,0,0,0,0,3,0,0,0,0,0,0,0,0,0,0,0,0,0,3,0,0,0,0,0,3,0,0,0,0,0,0,0,0,0,0,0,0,0,5,3,0,0,0,0,13,0,0,0,0,0,0,0,0,0,0,0,0,0,0,0,0,0,0,0,0
LGA10470,0,0,0,0,0,3,7,3,0,20,0,7,4,9,0,3,0,0,0,23,4,14,13,109,15,13,11,0,0,172,0,0,3,7,0,0,0,3,0,17,0,3,0,12,5,0,0,0,0,25,0,0,6,3,6,0,0,0,0,14,0,7,0,18,11,9,6,6,0,61,0,0,0,0,3,13,12,6,6,46,0,3,6,9,6,3,4,3,0,26,0,3,3,15,6,0,0,0,0,24,0,0,3,11,5,9,7,0,0,38,0,3,5,22,12,0,4,0,0,46,0,0,0,0,3,6,5,3,0,26,0,0,0,3,0,0,0,0,0,8,0,0,0,4,0,0,0,0,0,4,0,9,9,36,4,0,0,0,0,52,0,0,0,12,7,17,38,25,10,104,3,24,46,127,97,67,53,9,9,436,0,0,0,0,7,4,5,0,0,19,0,3,0,18,3,0,0,0,0,30
LGA10550,0,0,0,0,4,9,7,0,0,18,0,0,0,3,0,3,0,3,0,8,0,0,3,14,8,0,3,9,0,46,0,0,0,3,0,3,8,5,3,23,0,0,0,0,3,0,0,0,0,8,0,0,0,0,0,0,0,0,0,0,3,4,3,12,6,8,18,7,3,61,0,0,0,3,6,11,16,7,0,54,0,3,0,5,4,3,0,0,0,23,0,0,0,11,4,0,0,0,0,17,0,0,0,0,0,0,0,0,0,3,0,0,0,7,12,4,5,3,0,31,0,0,0,0,0,5,16,9,0,30,0,0,0,0,0,0,3,0,0,6,0,0,0,0,0,0,0,0,0,0,0,3,0,3,0,0,0,0,0,8,0,0,0,7,16,33,81,53,21,204,0,12,7,55,79,130,58,24,8,375,0,0,0,0,3,6,10,7,4,28,0,0,0,0,0,0,0,0,0,3
LGA10600,0,0,0,0,0,0,0,0,0,0,0,0,0,0,0,4,0,3,0,11,0,0,0,12,0,3,3,0,0,23,0,0,0,7,0,0,0,0,0,5,0,0,0,0,0,0,0,0,0,0,0,0,0,0,0,0,0,0,0,0,0,4,0,3,3,3,3,0,0,24,0,0,0,0,7,0,0,0,0,11,0,0,0,3,3,0,0,0,0,5,0,0,0,3,0,0,0,0,0,3,0,0,0,0,0,0,0,0,0,0,0,0,0,6,3,6,0,0,0,14,0,0,0,0,0,0,0,0,0,0,0,0,0,0,0,0,0,0,0,0,0,0,0,0,0,0,0,0,0,0,0,0,0,0,0,0,0,0,0,0,0,0,4,3,8,7,18,14,4,67,0,3,8,45,34,49,28,10,0,169,0,0,0,0,3,0,3,0,0,5,0,0,0,0,0,0,0,0,0,0
LGA10650,0,0,0,0,0,0,0,0,0,0,0,0,0,0,0,0,0,0,0,0,0,0,0,10,3,0,0,0,0,22,0,0,0,0,0,0,0,0,0,0,0,0,0,0,0,0,0,0,0,0,0,0,0,3,3,0,0,0,0,6,0,0,0,0,0,0,0,0,0,7,0,0,0,0,0,0,7,3,0,9,0,0,0,0,0,0,0,0,0,0,0,0,0,3,0,0,0,0,0,3,0,0,0,0,0,0,0,0,0,0,4,3,0,14,3,0,0,0,0,21,0,0,0,0,0,3,0,0,0,3,0,0,0,0,0,0,0,0,0,0,0,0,0,0,0,0,0,0,0,0,0,0,0,3,0,0,0,0,0,3,0,0,0,0,0,13,18,6,3,42,0,5,7,23,18,17,16,3,0,93,0,0,0,3,0,0,0,0,0,7,0,0,0,0,0,0,0,0,0,0
LGA10750,3,13,26,45,74,145,199,156,38,692,4,20,81,290,166,277,78,20,5,944,296,1514,2623,15605,2866,1665,790,329,81,25761,4,47,109,637,271,238,124,47,15,1483,5,81,156,708,255,202,98,38,10,1550,9,98,273,673,327,194,81,23,7,1684,5,56,16,180,90,84,117,48,4,613,3,11,22,73,151,240,388,291,109,1291,4,20,17,62,26,9,8,4,0,145,11,65,133,527,289,227,138,67,18,1478,8,18,69,541,412,419,267,85,21,1845,14,56,88,422,230,291,176,52,13,1341,3,4,8,79,155,573,898,420,128,2269,0,11,22,140,115,168,122,65,29,679,5,25,71,297,208,110,79,26,5,820,5,92,169,951,97,59,11,7,0,1388,0,9,15,36,36,89,161,108,44,492,147,1016,1642,3049,1081,727,291,69,20,8040,0,3,6,27,47,31,54,27,9,211,113,442,530,2036,562,285,104,34,4,4111
LGA10800,0,0,0,0,0,0,0,0,0,0,0,0,0,3,0,0,0,0,0,3,0,0,3,9,0,0,0,0,0,13,0,0,0,0,0,0,0,0,0,3,0,0,0,0,0,0,0,0,0,0,0,0,0,0,0,0,0,0,0,0,0,0,0,0,0,3,0,0,0,4,0,0,0,0,0,0,0,0,0,3,0,0,0,0,0,0,0,0,0,0,0,0,0,0,0,0,0,0,0,0,0,0,0,0,0,0,0,0,0,0,0,0,0,0,0,0,0,0,0,0,0,0,0,0,0,0,3,0,0,3,0,0,0,0,0,0,0,0,0,0,0,0,0,0,0,0,0,0,0,0,0,0,0,0,0,0,0,0,0,0,0,0,0,0,0,0,0,3,0,8,0,0,3,7,6,4,6,3,0,32,0,0,0,0,0,0,0,0,0,0,0,0,0,0,0,0,0,0,0,0
LGA10850,0,0,0,0,0,0,0,0,0,0,0,0,0,0,0,0,0,0,0,0,0,0,0,0,0,0,0,0,0,3,0,3,0,0,0,0,0,0,0,7,0,0,0,0,0,0,0,0,0,0,0,0,0,0,0,0,0,0,0,0,0,0,0,3,3,0,0,0,0,7,0,0,0,0,0,0,0,0,0,0,0,0,0,0,0,0,0,0,0,0,0,0,0,0,0,0,0,0,0,0,0,0,0,0,0,3,0,0,0,3,0,0,0,0,0,0,0,0,0,0,0,0,0,0,0,4,0,0,0,4,0,0,0,0,0,0,0,0,0,0,0,0,0,0,0,0,0,0,0,0,0,0,0,0,0,0,0,0,0,0,0,0,0,3,3,3,11,3,3,19,0,4,4,19,20,19,13,3,4,75,0,0,0,0,0,0,0,0,0,4,0,0,0,0,0,0,0,0,0,0
LGA10900,0,0,0,4,5,9,27,17,8,69,0,4,19,21,13,21,6,4,0,97,3,3,27,71,32,41,41,30,7,261,0,3,44,28,16,12,10,14,9,129,0,0,0,16,9,3,0,0,0,32,0,0,0,14,3,4,4,0,0,21,0,11,9,55,45,53,78,27,8,283,0,0,3,10,24,43,46,34,16,174,0,7,0,38,27,15,9,0,0,106,0,7,31,24,15,9,3,0,0,93,0,0,3,15,11,8,7,3,0,51,0,0,10,42,36,35,16,12,0,158,0,0,0,3,8,32,36,4,4,87,0,0,0,3,9,14,12,3,4,47,0,0,0,3,0,6,3,4,3,18,0,0,0,9,3,0,0,0,0,16,0,3,7,29,33,72,124,56,27,359,0,26,42,258,274,269,168,59,20,1121,0,0,0,15,33,25,32,17,6,123,0,3,0,5,6,6,3,0,0,26
LGA10950,0,0,0,0,0,0,0,0,0,0,0,0,0,0,0,0,3,0,0,3,0,0,0,8,0,0,0,0,0,14,0,0,0,0,0,0,0,0,0,0,0,0,0,0,0,0,0,0,0,0,0,0,0,0,0,0,0,0,0,0,0,0,0,3,0,0,0,0,0,3,0,0,0,0,0,0,0,0,0,0,0,0,0,0,0,0,0,0,0,0,0,0,0,0,0,0,0,0,0,0,0,0,0,0,0,0,0,0,0,0,0,0,0,0,0,0,0,0,0,0,0,0,0,0,0,0,0,0,0,0,0,0,0,0,0,0,0,0,0,0,0,0,0,0,0,0,0,0,0,0,0,0,0,0,0,0,0,0,0,0,0,0,0,0,0,0,0,0,0,0,0,0,0,7,6,3,3,0,0,18,0,0,0,0,0,0,0,0,0,3,0,0,0,5,0,0,0,0,0,7
LGA11100,0,7,15,46,48,92,220,270,64,761,0,6,58,153,45,76,23,12,4,382,25,29,54,476,68,51,40,15,5,766,20,46,322,979,211,144,81,27,7,1841,0,4,5,92,9,15,6,0,3,137,6,26,32,169,88,48,22,15,5,409,4,5,17,338,55,16,14,9,5,463,0,4,5,46,34,47,87,92,40,352,0,0,12,91,28,3,8,0,0,147,4,6,18,110,31,21,5,5,0,200,0,0,0,34,42,37,40,15,12,174,9,13,46,220,56,65,37,8,6,454,0,0,0,5,4,34,71,59,21,191,0,3,3,22,4,7,11,0,0,54,0,0,4,12,5,3,0,3,0,31,0,5,8,52,9,0,0,0,0,72,0,3,3,15,13,4,8,4,3,54,8,41,88,354,173,122,71,27,3,878,0,0,6,30,13,4,3,3,0,58,7,4,11,88,16,18,3,0,0,150
LGA11150,0,0,0,0,0,0,0,0,0,0,0,0,0,0,0,0,0,0,0,0,0,0,0,0,3,0,0,0,0,4,0,0,0,0,0,0,0,0,0,0,0,0,0,0,0,0,0,0,0,0,0,0,0,0,0,0,0,0,0,0,0,0,0,0,0,0,0,0,0,3,0,0,0,0,0,0,0,0,0,0,0,0,0,0,0,0,0,0,0,0,0,0,0,0,0,0,0,0,0,0,0,0,0,0,0,0,0,0,0,0,0,0,0,0,3,0,0,0,0,0,0,0,0,0,0,0,0,0,0,0,0,0,0,0,0,0,0,0,0,0,0,0,0,0,0,0,0,0,0,0,0,0,0,13,0,0,0,0,0,13,0,0,0,0,0,0,0,0,0,3,0,0,0,5,3,3,0,3,0,12,0,0,0,0,0,0,0,0,0,0,0,0,0,3,0,0,0,0,0,4
LGA11200,0,0,0,0,0,0,0,0,0,0,0,0,0,0,0,0,0,0,0,0,0,0,0,3,0,0,0,0,0,9,0,0,0,0,0,0,0,0,0,0,0,0,0,0,0,0,0,0,0,0,0,0,0,0,0,0,0,0,0,0,0,0,0,0,0,0,0,0,0,0,0,0,0,0,0,0,0,0,0,0,0,0,0,0,0,0,0,0,0,0,0,0,0,0,0,0,0,0,0,0,0,0,0,0,0,0,0,0,0,0,0,0,0,0,0,0,0,0,0,0,0,0,0,0,0,0,0,0,0,0,0,0,0,0,0,0,0,0,0,0,0,0,0,0,0,0,0,0,0,0,0,0,0,0,0,0,0,0,0,0,0,0,0,0,0,0,0,0,0,0,0,0,0,0,0,0,0,0,0,3,0,0,0,0,0,0,0,0,0,0,0,0,0,0,0,0,0,0,0,0
LGA11250,0,0,0,0,0,0,8,5,0,13,0,0,0,0,0,0,0,0,0,3,0,3,0,36,4,0,0,0,0,50,0,0,0,0,0,0,0,0,0,0,0,0,0,0,0,0,0,0,0,0,0,0,0,0,0,0,0,0,0,0,0,0,0,6,0,4,0,0,0,12,0,0,0,0,0,3,12,10,6,30,3,0,0,3,0,0,0,0,0,7,0,0,0,5,0,0,0,0,0,3,0,0,0,0,0,0,0,0,0,0,0,0,0,0,0,0,0,0,0,3,0,0,0,0,0,0,14,8,0,19,0,0,0,0,0,0,0,0,0,0,0,0,0,7,0,0,0,0,0,7,0,0,0,3,0,0,0,0,0,3,0,0,0,0,0,3,9,3,0,19,0,3,7,23,14,10,17,4,0,72,0,0,0,4,0,3,0,0,0,4,0,0,0,0,0,0,0,0,0,3
LGA11300,0,0,3,6,26,43,123,140,45,385,8,17,116,284,106,122,63,22,6,757,64,97,169,966,100,87,48,25,8,1566,0,3,40,142,21,16,33,13,3,277,0,0,4,30,9,3,5,0,0,54,0,0,0,8,8,4,0,0,0,27,0,0,10,94,19,15,24,7,3,168,0,5,10,63,79,140,240,308,178,1023,0,6,12,58,15,3,3,8,0,102,4,38,221,553,194,119,66,29,11,1238,0,6,13,97,122,150,123,64,18,589,0,3,47,153,38,26,24,17,4,312,0,0,0,0,5,5,16,11,5,43,0,0,0,12,3,14,0,0,0,31,0,3,16,26,32,17,6,8,6,118,4,22,441,805,16,5,3,0,0,1296,0,3,0,0,3,7,3,0,0,15,0,21,64,116,50,70,28,4,3,358,0,0,0,4,3,3,3,0,0,12,4,14,10,37,18,3,10,0,0,87
LGA11350,0,0,0,0,3,3,7,0,5,28,0,0,0,4,3,7,0,0,0,20,3,0,3,24,10,17,7,10,3,67,0,0,0,11,0,0,4,0,0,27,0,0,0,5,0,0,0,0,0,4,0,0,0,0,0,0,0,0,0,0,0,3,3,28,13,13,8,5,0,76,0,3,3,61,21,12,14,10,6,135,0,10,8,78,23,12,3,0,0,142,0,0,3,11,0,0,0,0,0,15,0,0,0,0,0,3,0,0,0,5,0,0,3,7,4,5,3,0,0,27,0,0,3,0,0,3,7,0,0,17,0,0,0,0,4,3,0,0,0,11,0,0,0,0,0,0,0,0,0,0,0,0,0,7,0,0,0,0,0,7,0,3,3,24,16,29,42,22,5,150,8,41,39,220,157,170,86,20,8,752,0,0,3,4,3,0,4,0,3,18,0,0,0,0,0,3,0,0,0,3
LGA11400,0,0,0,0,0,0,0,0,0,0,0,0,0,0,0,0,0,0,0,7,0,0,0,11,0,4,0,0,0,19,0,0,0,0,3,0,0,0,0,3,0,0,0,0,0,0,0,0,0,0,0,0,0,0,0,0,0,0,0,0,0,0,0,3,3,0,4,0,0,13,0,0,0,0,0,5,0,0,3,14,0,0,0,0,0,0,0,0,0,3,0,0,0,0,0,0,0,0,0,3,0,0,0,0,0,0,0,0,0,3,0,0,0,3,4,0,0,0,0,6,0,0,0,0,0,3,0,0,0,5,0,0,0,0,0,0,0,0,0,0,0,0,0,0,0,0,0,0,0,0,0,0,0,0,0,0,0,0,0,0,0,0,0,0,0,5,4,7,0,16,0,0,11,29,31,21,14,3,0,116,0,0,0,0,0,0,0,3,0,7,0,0,0,3,0,0,0,0,0,3
LGA11450,0,5,6,3,22,15,19,8,3,91,3,3,9,27,14,19,4,3,0,78,3,42,39,379,85,69,31,15,5,675,0,3,3,37,22,16,3,3,0,89,0,3,6,49,15,7,0,0,0,84,0,4,24,154,48,43,11,9,3,296,3,17,8,102,39,33,32,17,10,260,0,0,9,20,61,114,163,123,33,523,0,0,0,6,6,0,4,0,3,21,0,0,4,34,7,3,0,0,0,50,0,0,3,96,63,59,32,12,0,267,0,0,5,51,21,24,12,3,0,119,0,0,9,23,24,81,119,44,9,315,0,0,4,37,28,28,10,7,0,122,0,3,0,3,3,3,0,0,0,13,0,3,3,27,3,5,0,0,0,44,0,0,0,10,24,33,50,23,15,154,19,75,125,390,218,152,62,28,7,1069,0,8,7,31,26,21,33,10,4,133,0,17,21,59,36,13,4,0,0,153
LGA11500,0,9,4,26,41,83,99,45,6,315,3,8,19,78,48,64,30,13,4,269,67,350,431,2414,739,354,175,73,21,4625,0,21,50,283,102,78,47,4,5,597,0,12,41,67,28,24,18,13,0,203,3,43,106,293,146,59,23,17,5,704,6,18,11,72,49,41,82,32,14,328,0,0,10,22,75,110,124,104,32,481,0,8,18,19,12,11,3,3,4,84,0,4,15,86,17,18,13,3,0,153,5,12,30,368,297,215,134,49,11,1135,5,12,45,103,75,89,74,18,4,429,0,3,5,7,18,76,107,51,10,271,3,4,12,87,108,116,99,35,10,474,0,3,7,29,18,5,3,6,0,80,3,70,115,779,61,45,18,0,0,1096,0,0,0,14,18,71,84,41,18,252,74,549,883,1556,586,363,172,62,6,4247,0,0,0,18,26,39,60,21,5,168,30,103,130,567,165,73,21,3,3,1099
LGA11520,0,5,7,30,37,95,183,225,72,657,12,22,117,522,138,224,106,33,4,1194,50,65,142,1446,164,104,67,54,15,2113,0,5,53,212,45,29,29,6,3,388,5,9,13,242,24,29,15,0,0,327,0,0,5,24,15,7,3,0,0,56,0,13,14,297,94,46,36,21,7,530,3,21,35,200,310,578,948,1059,513,3668,5,15,24,116,37,19,8,0,0,216,39,108,420,1716,390,262,120,59,8,3125,0,10,4,103,111,90,76,29,16,436,7,16,55,325,97,102,84,28,11,724,0,0,0,7,8,30,38,25,18,130,0,0,5,35,7,18,11,3,0,78,0,0,11,30,17,12,4,3,7,83,3,0,119,255,3,5,0,0,0,381,0,4,14,26,22,14,18,9,5,109,4,60,87,484,237,209,124,42,4,1251,0,0,0,37,14,14,19,7,0,89,3,10,18,88,15,9,6,0,0,156
LGA11570,8,93,116,360,497,1020,2173,2213,557,7042,9,35,199,733,390,591,210,75,15,2247,145,283,511,2850,552,370,196,108,56,5073,20,187,317,1645,658,468,245,68,16,3628,3,41,94,334,76,48,29,7,0,630,13,112,274,790,425,174,54,21,8,1862,6,20,14,173,96,70,91,49,21,552,3,26,48,187,336,578,993,1124,489,3785,7,21,33,183,65,23,20,7,4,358,15,106,252,1026,579,575,342,238,71,3211,57,311,806,5466,4762,4165,2711,1197,345,19818,26,97,177,844,227,275,168,39,9,1860,0,0,0,20,24,97,188,155,53,539,0,3,21,130,99,134,131,79,36,640,13,66,268,748,189,99,39,23,3,1443,17,88,618,2019,82,60,17,3,0,2902,0,4,6,27,18,28,43,36,30,200,91,503,769,1624,682,503,210,57,21,4455,0,3,0,20,15,16,31,7,7,95,171,489,736,2741,482,181,41,5,5,4853
LGA11600,0,0,0,0,0,0,0,0,0,0,0,0,3,0,0,0,0,0,0,7,0,4,0,28,0,3,0,0,0,38,0,0,0,3,0,0,0,0,0,3,0,0,0,0,0,0,0,0,0,0,0,0,0,0,0,0,0,0,0,0,0,0,0,8,0,3,0,0,0,7,0,0,0,0,0,0,3,0,0,9,0,0,0,0,0,0,0,0,0,3,0,0,6,12,0,0,0,0,0,19,0,0,0,0,0,0,0,0,0,0,0,0,0,0,0,0,0,0,0,0,0,0,0,0,0,3,0,0,0,4,0,0,0,0,0,0,0,0,0,0,0,0,0,0,0,0,0,0,0,0,0,0,0,0,0,0,0,0,0,0,0,0,0,0,0,0,0,0,0,3,0,3,6,6,8,4,0,0,0,29,0,0,0,0,0,0,0,0,0,4,0,0,0,0,0,0,0,0,0,0
LGA11650,0,4,3,18,17,63,102,101,17,332,0,14,21,59,45,73,27,24,3,266,22,84,61,785,134,102,115,65,25,1393,4,20,31,139,63,40,45,29,15,384,0,3,3,55,26,19,9,8,0,123,0,3,8,22,13,3,7,3,0,58,7,77,17,235,148,177,222,133,33,1052,0,0,8,49,76,174,271,222,85,888,7,30,11,108,60,32,16,3,3,273,8,44,57,257,93,62,47,6,3,577,0,7,0,40,61,35,32,11,9,192,0,7,36,116,96,78,52,24,3,414,0,0,0,18,33,131,301,132,19,640,0,5,3,26,34,34,27,15,7,147,0,0,0,15,15,5,14,15,0,62,0,8,3,70,6,4,0,0,0,89,0,16,10,53,81,167,361,209,102,1000,42,178,301,1497,1208,1135,721,313,108,5506,0,11,10,43,70,53,87,59,18,343,4,16,12,60,13,17,7,0,0,137
LGA11700,0,0,0,0,0,0,0,0,0,0,0,0,0,0,0,0,0,0,0,3,0,0,0,0,0,0,0,0,0,3,0,0,0,0,0,0,0,0,0,0,0,0,0,0,0,0,0,0,0,0,0,0,0,0,0,0,0,0,0,0,0,0,0,0,0,0,0,0,0,0,0,0,0,0,0,0,0,0,0,0,0,0,0,0,0,0,0,0,0,0,0,0,0,0,0,0,0,0,0,0,0,0,0,0,0,0,0,0,0,0,0,0,0,0,0,0,0,0,0,0,0,0,0,0,0,0,0,0,0,0,0,0,0,0,0,0,0,0,0,0,0,0,0,0,0,0,0,0,0,0,0,0,0,0,0,0,0,0,0,0,0,0,0,0,0,0,0,0,0,3,0,0,0,3,3,3,0,0,0,9,0,0,0,0,0,0,0,0,0,0,0,0,0,0,0,0,0,0,0,0
LGA11720,0,0,0,0,0,4,0,0,0,6,0,0,0,0,3,7,3,0,0,10,5,3,5,61,3,3,17,4,3,97,0,0,0,5,6,3,3,0,0,23,0,0,0,0,0,0,0,0,0,3,0,0,0,0,0,0,0,0,0,0,0,3,0,13,3,13,8,6,3,53,0,0,3,6,0,14,12,4,0,39,0,0,0,3,3,3,7,0,0,10,3,0,0,9,0,0,0,0,0,15,0,0,0,4,3,4,3,0,0,19,0,6,0,17,4,5,0,0,0,42,0,0,0,0,0,9,12,0,0,24,0,0,0,0,0,0,0,0,0,0,0,0,0,0,0,0,0,0,0,0,0,0,0,7,0,0,0,0,0,8,0,4,0,5,4,16,35,10,3,81,0,24,26,156,101,113,74,17,0,519,0,0,0,0,6,3,3,13,0,28,0,0,4,3,5,3,0,0,0,17
LGA11730,0,0,0,0,3,5,0,3,0,12,0,0,0,8,13,9,0,0,0,30,0,9,0,47,8,8,8,8,0,87,0,0,0,9,4,3,3,3,3,26,0,0,0,0,0,0,0,0,0,3,0,0,0,0,0,3,0,0,0,3,0,0,0,3,4,9,9,5,3,41,0,0,0,3,3,5,6,5,3,38,0,3,0,11,4,3,0,0,0,21,0,0,0,5,0,0,0,0,0,4,0,0,0,0,0,0,0,0,0,3,0,0,0,7,7,10,7,0,0,35,0,0,0,0,0,10,8,3,0,26,0,0,0,0,0,5,0,0,0,5,0,0,0,0,0,0,0,0,0,3,0,0,0,11,0,0,0,0,0,11,0,0,0,12,11,30,62,33,16,162,3,20,14,96,98,156,111,37,18,560,0,0,0,0,0,6,8,3,0,28,0,0,0,3,0,0,0,0,0,10
LGA11750,0,0,0,0,0,0,0,0,0,0,0,0,0,0,0,0,0,0,0,0,3,0,0,7,0,0,0,0,0,16,0,0,0,5,0,0,0,0,0,3,0,0,0,0,0,0,0,0,0,0,0,0,0,0,0,0,0,0,0,0,0,0,0,10,0,0,0,0,0,15,0,0,0,0,0,0,0,0,0,3,0,0,0,0,0,0,0,0,0,0,0,0,0,0,0,0,0,0,0,0,0,0,0,0,0,0,0,0,0,0,0,0,0,0,0,0,0,0,0,5,0,0,0,0,0,0,0,0,0,0,0,0,0,0,0,0,0,0,0,0,0,0,0,3,0,0,0,0,0,3,0,0,0,4,0,0,0,0,0,3,0,0,0,0,0,3,0,0,0,9,0,0,6,28,20,13,0,0,0,68,0,0,0,0,0,3,0,0,0,4,0,0,0,0,0,0,0,0,0,5
LGA11800,0,0,0,0,5,6,3,0,5,21,3,0,9,18,6,13,11,0,0,59,13,50,72,548,122,115,68,30,15,1041,0,0,0,15,9,5,8,0,4,43,0,12,18,7,0,0,0,0,0,44,0,0,0,4,0,3,0,0,0,13,0,14,5,65,25,21,22,10,5,158,0,3,3,10,5,15,48,29,19,134,3,11,8,26,4,7,3,4,0,67,0,6,17,38,6,0,0,0,0,59,0,0,0,0,3,5,0,0,3,19,24,22,4,28,16,15,10,0,0,121,0,0,0,0,0,15,29,7,4,45,0,0,0,0,4,5,0,0,0,13,0,38,62,148,43,9,4,3,0,307,0,0,3,3,0,0,0,0,0,11,0,0,3,10,19,50,86,51,19,240,8,45,56,243,193,223,173,70,25,1037,0,3,0,11,8,10,14,20,3,64,3,24,21,11,9,8,0,0,0,65
LGA12000,0,0,0,0,0,0,0,0,0,0,0,0,0,0,0,0,0,0,0,0,0,0,0,6,0,0,0,0,0,8,0,0,0,0,0,0,0,0,0,0,0,0,0,0,0,0,0,0,0,0,0,0,0,0,0,0,0,0,0,0,0,0,0,0,0,0,0,0,0,0,0,0,0,0,0,0,0,0,0,0,0,0,0,0,0,0,0,0,0,0,0,0,0,0,0,0,0,0,0,0,0,0,0,0,0,0,0,0,0,0,0,0,0,0,0,0,0,0,0,6,0,0,0,0,0,0,0,0,0,0,0,0,0,0,0,0,0,0,0,0,0,0,0,0,0,0,0,0,0,0,0,0,0,0,0,0,0,0,0,0,0,0,0,0,3,0,3,3,0,10,0,0,0,6,6,4,3,0,0,18,0,0,0,0,0,0,0,0,0,3,0,0,0,0,0,0,0,0,0,7
LGA12150,0,0,0,0,0,0,3,0,0,3,0,0,0,0,0,0,0,0,0,0,0,0,0,7,0,0,0,0,0,11,0,0,0,0,0,0,0,0,0,3,0,0,0,0,0,0,0,0,0,0,0,0,0,0,0,0,0,0,0,0,0,0,0,4,0,0,0,0,0,3,0,0,0,0,0,0,0,0,0,3,0,0,0,0,0,0,0,0,0,0,0,0,0,0,0,0,0,0,0,0,0,0,0,0,0,0,0,0,0,0,0,0,0,0,0,0,0,0,0,0,0,0,0,0,0,0,0,0,0,0,0,0,0,0,0,0,0,0,0,0,0,0,0,0,0,0,0,0,0,0,0,0,0,0,0,0,0,0,0,0,0,0,0,0,0,0,0,0,0,3,0,0,0,6,4,0,0,0,0,15,0,0,0,0,0,0,0,0,0,0,0,0,0,3,0,0,0,0,0,3
LGA12350,0,0,0,0,0,0,3,0,0,3,0,0,0,0,0,0,0,0,0,6,0,0,3,11,0,3,0,0,0,19,0,0,0,0,0,0,3,0,0,5,0,0,0,0,0,0,0,0,0,0,0,0,0,0,0,0,0,0,0,0,0,0,0,0,3,3,0,0,0,18,0,0,0,3,0,3,3,7,7,19,0,0,0,0,0,3,0,0,0,4,0,0,0,5,0,0,0,0,0,5,0,0,0,0,0,0,0,0,0,0,0,0,0,0,3,3,0,0,0,6,0,0,0,0,0,5,3,0,0,8,0,0,0,0,0,0,0,0,0,0,0,0,0,0,0,0,0,0,0,0,0,0,0,0,0,0,0,0,0,0,0,0,0,0,4,10,15,12,3,38,0,0,4,16,14,24,9,7,3,72,0,0,0,0,3,0,0,0,0,6,0,0,0,0,0,0,0,0,0,0
LGA12380,0,3,8,25,37,96,240,214,49,668,0,27,131,438,201,307,94,24,4,1232,402,1101,1429,9254,1035,571,296,163,46,14307,17,36,80,377,137,96,61,24,7,833,22,221,415,1311,219,128,43,31,15,2417,27,161,399,1297,647,260,75,38,13,2921,0,13,5,64,38,44,76,29,11,274,0,9,10,51,105,193,358,394,178,1297,6,6,18,66,21,8,6,6,3,135,47,105,556,2174,653,507,213,91,22,4369,29,159,493,3197,2588,2123,1326,516,151,10587,15,40,100,418,123,168,72,31,10,975,0,0,0,11,32,186,594,412,142,1383,0,3,22,75,36,53,40,23,6,265,0,23,74,342,195,137,63,27,8,863,18,118,1174,3404,140,64,17,0,0,4933,0,3,8,5,0,16,32,24,3,100,59,373,537,915,398,244,130,30,12,2695,0,0,0,5,10,14,18,12,3,58,128,449,893,2660,312,160,40,9,0,4653
LGA12700,0,0,0,0,0,0,0,0,0,0,0,0,0,0,0,0,0,0,0,3,0,0,0,0,0,0,3,0,0,3,0,0,0,0,0,0,0,0,0,3,0,0,0,0,0,0,0,0,0,0,0,0,0,0,0,0,0,0,0,0,0,0,0,3,5,3,0,3,0,10,0,0,0,0,0,0,0,0,0,8,0,0,0,0,0,0,0,0,0,0,0,0,0,0,0,0,0,0,0,3,0,0,0,0,0,0,0,0,0,0,0,3,0,4,3,0,0,0,0,8,0,0,0,0,0,0,0,0,0,0,0,0,0,0,0,0,0,0,0,0,0,0,0,0,0,0,0,0,0,0,0,0,0,0,0,0,0,0,0,0,0,0,0,0,0,3,4,4,0,14,0,0,0,21,7,12,9,0,0,49,0,0,0,0,0,0,0,0,0,0,0,0,0,0,0,0,0,0,0,0
LGA12730,0,0,0,0,0,0,3,3,0,11,0,0,0,0,0,5,0,0,0,4,0,0,4,23,8,3,0,0,0,33,0,0,0,0,0,0,0,0,0,0,0,0,0,0,0,0,0,0,0,0,0,0,0,0,0,0,0,0,0,0,0,0,5,0,0,0,0,0,0,8,0,0,0,7,0,3,9,5,4,22,0,0,0,0,0,0,0,0,0,4,0,0,0,8,0,0,0,0,0,14,0,0,0,0,0,0,0,0,0,0,0,0,0,7,0,0,0,0,0,6,0,0,0,0,0,0,0,0,0,0,0,0,0,0,0,0,0,0,0,0,0,0,0,0,0,0,0,0,0,0,0,3,0,0,0,0,0,0,0,3,0,0,0,0,0,5,6,0,3,20,0,7,10,27,11,8,13,0,0,70,0,0,0,0,3,0,0,0,0,4,0,0,0,3,0,0,0,0,0,3
LGA12750,0,0,3,0,3,6,18,8,3,43,0,0,0,4,0,8,0,3,0,13,0,4,0,34,10,4,8,3,0,77,0,3,0,4,0,3,7,3,3,26,0,0,0,0,0,0,0,0,0,0,0,0,0,0,0,0,0,0,0,0,0,7,0,8,15,8,19,13,3,75,0,0,0,0,14,25,33,35,4,109,0,0,0,0,0,0,0,0,0,8,0,0,5,3,0,0,0,0,0,9,0,0,0,0,4,3,3,0,0,8,0,0,0,3,4,13,3,0,0,27,0,0,0,3,5,18,28,9,0,60,0,0,0,3,0,3,3,3,0,15,0,0,0,0,0,0,0,0,0,5,0,0,0,3,0,0,0,0,0,11,0,0,0,0,8,42,91,39,12,189,3,9,15,68,82,133,97,41,16,454,0,0,0,0,3,3,8,6,0,22,0,0,0,0,0,0,0,0,0,0
LGA12850,3,30,67,35,27,67,125,81,28,454,0,4,44,213,40,78,37,11,9,443,0,27,66,377,83,107,55,24,6,747,10,24,40,188,58,71,53,11,5,469,5,87,187,549,231,215,124,103,50,1550,118,1297,2504,6750,3410,2411,1391,691,180,18752,0,3,3,18,20,33,35,18,3,129,0,11,13,85,256,556,1048,1106,404,3476,0,0,11,24,5,7,3,3,0,58,0,3,3,45,13,14,11,4,3,96,37,63,115,735,607,500,262,103,36,2472,5,12,39,255,74,95,42,8,3,539,0,0,17,15,38,222,379,244,75,981,0,3,3,36,22,60,53,19,7,205,0,7,55,161,90,47,36,9,10,404,0,3,14,49,0,0,0,0,0,75,4,4,8,5,9,24,39,24,10,120,91,525,757,902,248,174,75,19,5,2807,0,13,0,5,5,10,15,11,3,60,10,33,43,156,33,35,13,3,0,325
LGA12870,0,0,0,0,0,0,0,0,0,3,0,0,0,3,0,0,0,0,0,3,0,0,0,11,0,0,0,0,0,23,0,3,0,3,0,0,0,0,0,10,0,0,0,0,0,0,0,0,0,0,0,0,0,0,0,0,0,0,0,0,0,0,0,3,3,0,3,0,0,12,0,0,0,0,0,3,6,4,0,16,0,0,0,0,0,0,0,0,0,5,0,0,4,7,0,0,0,0,0,14,0,0,0,0,0,0,0,0,0,0,0,0,0,3,0,0,0,0,0,3,0,0,0,0,0,3,7,0,0,8,0,0,0,0,0,0,0,0,0,0,0,0,0,3,0,0,0,0,0,3,0,0,0,0,0,0,0,0,0,0,0,0,0,3,6,8,10,4,6,39,0,0,7,19,28,22,17,8,0,106,0,0,0,0,0,0,3,0,0,3,0,4,0,4,0,0,0,0,0,10
LGA12900,0,0,0,0,0,0,3,4,0,3,0,0,0,0,0,3,0,0,0,3,0,0,0,14,3,0,0,0,0,21,0,0,0,0,0,0,0,0,0,0,0,0,0,3,0,0,0,0,0,5,0,0,0,0,0,0,0,0,0,0,0,0,0,0,0,3,0,0,0,3,0,0,0,3,3,6,3,7,0,19,0,0,0,0,0,0,0,0,0,3,0,0,3,0,0,0,0,0,0,3,0,0,0,0,0,0,0,0,0,0,0,0,0,0,0,0,0,0,0,4,0,0,0,0,0,0,0,0,0,3,0,0,0,0,0,0,0,0,0,0,0,0,0,0,0,0,0,0,0,0,0,0,0,4,0,0,0,0,0,7,0,0,0,0,0,0,8,4,0,13,0,0,7,12,9,10,9,3,0,55,0,0,0,0,0,0,4,0,0,3,0,0,0,0,0,0,0,0,0,0
LGA12930,3,38,63,112,197,428,693,596,166,2299,23,75,324,1201,640,921,310,91,22,3602,53,108,157,1253,209,159,123,61,17,2144,13,38,144,830,247,154,103,50,7,1579,0,3,8,88,24,27,4,4,0,161,0,0,7,39,13,17,4,3,0,92,4,21,8,98,44,36,46,24,4,285,0,13,12,86,83,172,307,353,120,1140,3,13,21,152,63,28,16,3,4,302,7,25,53,244,109,61,33,16,7,546,5,15,74,461,414,310,220,102,27,1631,10,32,101,454,187,254,146,64,11,1260,0,0,0,5,12,48,88,45,25,220,0,3,4,47,24,19,12,12,4,121,0,3,20,36,28,22,12,10,6,135,29,129,1227,3267,69,65,17,5,0,4810,0,4,10,16,9,11,25,24,15,113,15,139,354,734,419,312,149,40,15,2179,0,5,0,12,7,11,19,15,4,64,6,12,38,130,24,21,0,0,0,233
LGA12950,0,0,0,0,0,0,0,0,0,4,0,0,0,0,0,3,0,0,0,3,0,0,0,12,0,3,0,0,0,18,0,0,0,0,0,0,0,0,0,0,0,0,0,0,0,0,0,0,0,0,0,0,0,0,0,0,0,0,0,0,0,0,0,0,0,0,0,0,0,3,0,0,0,0,0,0,0,0,0,0,0,0,0,0,0,0,0,0,0,0,0,0,0,0,0,0,0,0,0,0,0,0,0,0,0,0,3,0,0,3,0,0,0,0,0,0,0,0,0,0,0,0,0,0,0,0,0,0,0,0,0,0,0,0,0,0,0,0,0,0,0,0,0,0,0,0,0,0,0,0,0,0,0,0,0,0,0,0,0,0,0,0,0,0,0,0,6,3,0,7,0,0,3,7,8,4,0,0,0,21,0,0,0,0,0,0,0,0,0,0,0,0,0,0,0,0,0,0,0,0
LGA13010,0,0,0,0,0,0,0,0,0,3,0,0,0,0,0,0,0,0,0,0,0,3,0,15,0,6,0,0,0,25,0,0,0,0,0,0,0,0,0,5,0,0,0,0,0,0,0,0,0,0,0,0,0,0,0,0,0,0,0,0,0,0,0,0,0,3,0,0,0,11,0,0,0,0,0,0,0,0,0,3,0,3,0,3,0,0,0,0,0,8,0,0,0,0,0,0,0,0,0,6,0,0,0,0,0,0,0,0,0,0,0,0,0,3,0,0,0,0,0,7,0,0,0,0,0,0,0,0,0,5,0,0,0,0,0,0,0,0,0,0,0,0,0,0,0,0,0,0,0,0,0,0,0,8,0,0,0,0,0,10,0,0,0,3,3,4,14,0,3,27,0,3,3,13,10,17,20,8,0,73,0,0,0,0,0,0,0,0,0,0,0,0,0,0,0,0,0,0,0,3
LGA13310,0,0,0,0,0,3,8,11,4,32,0,0,0,8,0,3,0,0,0,13,3,9,8,97,7,8,3,4,0,145,0,0,3,8,3,6,0,0,0,23,4,0,3,9,3,3,0,0,0,23,0,0,0,14,0,0,0,0,0,11,0,6,0,13,4,4,8,3,3,43,0,3,0,0,0,16,17,14,7,57,0,0,0,10,0,0,0,0,0,7,0,0,19,40,0,0,0,0,0,66,0,0,3,11,9,7,7,3,0,38,0,0,0,8,4,12,9,0,0,29,0,0,0,0,0,5,10,5,0,22,0,0,0,0,3,0,0,0,0,0,0,0,3,0,0,0,0,0,0,6,0,0,3,28,3,0,0,0,0,33,0,0,0,6,3,12,31,24,7,88,3,7,26,83,53,66,43,12,3,314,0,3,3,5,3,3,14,4,0,31,3,0,6,13,0,0,0,0,0,24
LGA13340,0,0,0,0,0,0,0,0,0,3,0,0,0,0,0,0,0,0,0,3,0,0,0,0,0,3,3,0,0,9,0,0,0,0,0,0,0,0,0,0,0,0,0,0,0,0,0,0,0,0,0,0,0,0,0,0,0,0,0,0,0,3,3,3,3,3,4,0,0,21,0,0,0,0,0,0,3,0,0,3,0,0,0,3,0,0,0,0,0,9,0,0,0,0,0,0,0,0,0,3,0,0,0,0,0,0,0,0,0,0,0,0,0,0,0,0,0,3,0,5,0,0,0,0,0,0,3,0,0,6,0,0,0,0,0,0,0,0,0,0,0,0,0,0,0,0,0,0,0,0,0,0,0,0,0,0,0,0,0,0,0,0,0,5,3,9,18,14,0,44,3,4,4,19,13,9,17,6,0,89,0,0,0,0,0,0,0,0,0,5,0,0,0,0,0,0,0,0,0,0
LGA13450,0,0,0,0,0,0,0,0,0,4,0,0,6,14,3,0,0,0,0,20,12,60,72,556,138,103,31,12,3,978,0,0,0,4,0,0,0,0,0,10,0,4,3,7,0,0,0,0,0,12,0,0,0,7,0,0,0,0,0,5,0,3,0,13,4,3,0,0,0,28,0,0,9,25,43,115,302,339,220,1055,0,0,0,0,0,0,0,0,0,4,0,0,7,15,0,0,0,0,0,23,0,0,0,0,5,3,5,3,0,15,0,0,27,49,6,4,0,0,0,85,0,0,0,5,0,0,0,3,0,8,0,0,0,8,0,0,0,0,0,8,0,0,0,12,0,0,0,0,0,12,0,0,0,6,3,0,0,0,0,7,0,0,0,9,3,3,7,0,3,28,12,65,100,145,50,33,12,5,0,432,0,0,0,0,0,0,0,0,0,0,0,24,9,65,20,0,0,0,0,121
LGA13510,0,0,0,0,0,0,3,0,0,3,0,0,0,0,0,0,0,0,0,7,0,0,0,22,0,3,0,0,0,31,0,0,0,0,0,0,3,3,3,5,0,0,0,0,0,0,0,0,0,0,0,0,0,0,0,0,0,0,0,0,0,0,0,0,3,0,7,0,0,10,0,0,0,0,0,3,3,0,0,4,0,0,0,0,0,0,0,0,0,0,0,0,0,0,0,0,0,0,0,0,0,0,0,0,0,0,3,0,0,5,0,0,0,0,4,0,0,0,0,7,0,0,0,0,0,0,3,0,0,6,0,0,0,0,0,3,0,0,0,3,0,0,0,0,0,0,0,0,0,0,0,0,0,0,0,0,0,0,0,3,0,0,0,0,0,3,8,5,0,16,0,3,0,23,10,12,10,10,0,76,0,0,0,0,0,0,0,0,0,3,0,0,0,0,0,0,0,0,0,0
LGA13550,0,0,0,0,0,0,0,0,0,3,0,0,0,4,0,0,3,0,0,7,0,0,3,6,4,3,0,0,0,18,0,0,0,0,0,3,3,0,0,4,0,0,0,0,0,0,0,0,0,0,0,0,0,0,0,0,0,0,0,0,0,0,0,3,0,0,0,0,0,9,0,0,0,0,0,3,0,3,0,9,0,0,0,3,0,0,0,0,0,3,0,0,0,11,3,0,0,0,0,10,0,0,0,0,0,0,0,0,0,0,0,0,0,3,0,0,0,0,0,0,0,0,0,0,0,0,3,0,0,7,0,0,0,0,0,0,0,0,0,0,0,0,0,0,0,0,0,0,0,0,0,0,0,0,0,0,0,0,0,0,0,0,0,0,0,4,8,0,0,10,0,11,5,32,22,13,5,3,0,93,0,0,0,0,0,0,0,3,0,3,0,0,0,4,0,0,0,0,0,5
LGA13660,0,0,0,0,0,0,0,0,0,0,0,0,0,0,0,0,0,0,0,0,0,0,0,3,0,0,0,0,0,5,0,0,0,0,0,0,0,0,0,0,0,0,0,0,0,0,0,0,0,0,0,0,0,0,0,0,0,0,0,0,0,0,0,3,0,0,0,0,0,3,0,0,0,0,0,0,0,0,0,0,0,0,0,0,0,0,0,0,0,0,0,0,0,0,0,0,0,0,0,4,0,0,0,0,0,0,0,0,0,0,0,0,0,0,0,0,0,0,0,0,0,0,0,0,0,0,0,0,0,0,0,0,0,0,0,0,0,0,0,0,0,0,0,0,0,0,0,0,0,0,0,0,0,0,0,0,0,0,0,0,0,0,0,0,0,3,0,3,0,9,0,0,3,3,4,7,8,3,0,25,0,0,0,0,4,0,0,0,0,4,0,0,0,0,0,0,0,0,0,0
LGA13800,0,0,0,3,8,21,26,28,8,88,0,0,5,8,10,9,3,3,3,39,0,0,3,54,19,17,23,12,6,135,0,0,3,16,3,7,12,3,0,46,0,0,0,16,10,6,0,0,0,33,0,0,0,4,3,0,0,3,0,12,0,0,0,48,33,31,44,16,3,181,0,0,0,10,20,42,63,33,14,191,0,0,0,8,3,3,0,0,0,21,0,0,3,19,11,5,4,0,0,42,0,0,3,18,18,19,10,7,0,79,0,0,0,40,29,12,10,4,0,105,0,3,6,19,43,131,183,70,17,475,0,0,0,8,0,6,0,0,0,13,0,0,0,0,0,3,0,4,0,8,0,0,0,0,0,0,0,0,0,0,0,3,6,9,22,59,72,41,20,245,3,23,55,253,216,162,85,31,0,833,0,0,0,16,10,16,12,13,0,63,0,0,3,11,6,7,0,0,0,26
LGA13850,0,0,0,0,0,0,0,4,0,7,0,0,0,0,0,0,0,0,0,0,0,0,0,12,0,0,0,0,0,14,0,0,0,0,0,0,0,0,0,0,0,0,0,0,0,0,0,0,0,0,0,0,0,0,0,0,0,0,0,0,0,0,0,0,0,0,0,0,0,0,0,0,0,0,0,0,3,10,3,19,0,0,0,0,0,0,0,0,0,0,0,0,0,0,0,0,0,0,0,0,0,0,0,0,0,0,0,0,0,0,0,0,0,0,0,0,0,0,0,0,0,0,0,0,0,0,0,0,0,0,0,0,0,0,0,0,0,0,0,0,0,0,0,0,0,0,0,0,0,0,0,0,0,3,0,0,0,0,0,3,0,0,0,0,0,4,3,0,0,4,0,7,3,12,5,10,4,0,0,37,0,0,0,0,0,0,0,0,0,0,0,0,0,6,0,0,0,0,0,6
LGA13910,0,0,0,0,3,0,0,0,0,6,0,0,0,3,0,0,0,0,0,3,0,0,3,30,3,0,0,0,0,35,0,0,0,3,3,0,0,0,0,13,0,0,0,0,0,0,0,0,0,3,0,0,0,0,0,0,0,0,0,3,0,0,0,3,0,3,0,5,3,15,0,0,0,5,0,3,6,9,0,26,0,0,0,0,0,0,0,0,0,0,0,0,0,3,0,0,0,0,0,3,0,3,0,30,11,11,6,0,0,66,0,0,0,0,3,0,3,0,0,9,0,0,0,0,0,0,9,0,0,9,0,0,0,0,0,0,0,0,0,0,0,0,0,0,3,0,0,0,0,3,0,0,0,0,0,0,0,0,0,3,0,0,0,4,3,15,20,8,4,54,0,6,6,36,37,33,25,4,3,152,0,0,0,0,0,0,3,4,0,7,0,0,0,0,0,0,0,0,0,0
LGA14000,0,4,0,3,7,22,39,36,4,119,13,63,240,571,422,721,238,59,31,2350,82,400,396,2607,938,513,263,143,56,5398,0,28,57,263,113,95,69,26,9,651,20,86,79,803,241,190,117,46,22,1601,0,0,3,19,10,7,9,4,0,60,4,29,12,109,99,58,51,37,13,403,0,6,4,41,56,154,173,176,86,705,19,53,38,199,112,52,27,14,4,527,15,220,283,1066,554,322,146,56,18,2671,0,0,10,84,120,121,117,101,26,588,10,104,162,453,297,378,257,88,12,1774,0,0,0,7,8,32,32,12,8,93,0,8,3,42,34,33,3,11,3,129,0,0,4,45,28,29,13,13,0,138,10,34,165,624,44,17,10,0,0,905,0,16,28,48,70,46,84,51,41,383,10,143,229,538,468,388,228,101,44,2146,0,3,3,21,25,24,9,17,7,105,11,35,53,190,89,45,17,7,3,453
LGA14100,0,0,0,3,3,22,17,27,5,87,0,5,11,34,24,31,24,3,0,132,0,0,0,48,23,14,8,6,4,110,0,0,0,13,13,3,8,3,0,37,0,0,0,26,10,12,3,6,3,56,0,0,0,0,0,0,0,0,0,7,0,3,6,17,17,14,9,3,7,83,0,4,0,8,11,22,65,48,21,174,0,4,7,14,5,6,4,3,0,42,0,3,3,20,17,10,14,5,3,80,0,0,0,9,16,12,7,0,0,46,0,0,0,28,17,15,17,4,0,84,0,0,0,3,0,3,3,3,0,12,0,0,0,3,0,4,0,0,0,6,0,0,0,0,0,0,3,3,0,10,0,0,3,4,0,0,0,0,0,5,0,3,0,11,0,3,17,0,0,37,0,6,6,53,45,48,32,12,3,210,0,0,0,0,3,0,0,3,0,9,0,0,0,3,0,0,0,0,0,4
LGA14170,3,14,26,105,157,270,729,1076,315,2694,6,28,93,430,121,153,78,23,9,951,79,113,178,1513,198,117,77,43,17,2337,3,23,99,488,101,96,61,26,3,910,0,3,14,214,37,26,14,8,4,314,0,6,12,43,20,15,0,0,0,99,8,19,30,810,241,115,90,33,11,1350,9,30,77,482,245,371,634,922,455,3222,10,21,43,328,128,35,21,7,3,596,4,33,72,412,104,65,35,55,34,809,4,10,16,142,171,244,249,155,83,1066,3,17,91,492,131,149,99,19,15,1010,0,0,3,9,15,54,84,66,22,252,0,3,9,46,27,30,18,14,3,153,0,0,12,57,23,31,16,12,3,150,11,56,595,1610,44,21,9,0,0,2341,7,23,17,132,52,33,61,17,3,333,25,77,250,1797,930,700,290,68,21,4160,0,0,3,78,47,19,26,7,0,187,0,3,16,84,17,4,0,0,0,132
LGA14200,0,0,0,0,0,0,0,0,0,0,0,0,0,0,0,0,0,0,0,3,0,3,0,13,0,0,7,0,0,28,0,0,0,0,0,0,0,0,0,6,0,0,0,0,0,0,0,0,0,0,0,0,0,0,0,0,0,0,0,0,0,0,0,3,0,0,3,0,0,14,0,0,0,0,0,0,11,13,3,24,0,0,0,7,0,0,0,0,0,11,0,0,6,20,0,0,0,0,0,21,0,0,0,0,0,0,0,0,0,0,0,0,0,0,0,3,0,0,0,8,0,0,0,0,0,3,0,0,0,3,0,0,0,0,0,0,0,0,0,0,0,0,0,0,0,0,0,0,0,0,0,0,0,0,0,0,0,0,0,0,0,0,0,0,0,3,13,6,0,24,0,3,5,27,19,14,17,3,3,94,0,0,0,0,0,0,3,0,0,3,0,0,0,0,0,0,0,0,0,0
LGA14300,0,0,0,0,0,0,0,3,0,3,0,0,0,9,0,0,0,0,0,11,0,0,0,12,0,0,0,0,0,17,0,0,0,0,0,0,0,0,0,3,0,0,0,0,0,0,0,0,0,0,0,0,0,0,0,0,0,0,0,0,0,0,0,3,0,0,0,0,0,3,0,0,0,0,0,0,0,0,0,3,0,0,0,0,0,0,0,0,0,0,0,0,6,9,0,0,0,0,0,15,0,0,0,4,0,0,0,0,0,7,0,0,0,0,0,0,0,0,0,3,0,0,0,0,0,0,0,0,0,3,0,0,0,0,0,0,0,0,0,0,0,0,0,3,0,0,0,0,0,3,0,0,0,0,0,0,0,0,0,3,0,0,0,0,0,0,5,0,0,5,0,3,3,28,17,14,3,0,0,66,0,0,0,0,0,0,3,0,0,4,0,0,0,0,0,0,0,0,0,0
LGA14350,0,0,0,0,0,0,0,0,0,9,0,0,0,0,0,0,0,3,0,6,0,3,0,26,3,4,8,3,3,45,0,0,0,0,0,3,3,0,0,8,0,0,0,0,3,0,0,0,0,4,0,0,0,0,0,0,0,0,0,3,0,0,0,6,0,5,3,0,0,25,0,0,0,5,0,0,3,5,0,13,0,3,0,3,3,0,0,0,0,12,0,0,0,3,3,3,0,0,0,10,0,0,0,0,0,0,4,0,0,5,0,0,0,8,3,3,3,0,0,16,0,0,0,0,3,9,4,5,0,23,0,0,0,0,0,0,0,0,0,3,0,0,0,0,0,0,0,0,0,3,0,0,0,3,3,0,0,0,0,6,0,0,0,0,3,13,27,15,3,59,0,0,9,58,57,79,44,18,5,262,0,0,0,0,3,3,4,3,0,18,0,3,0,0,3,0,0,0,0,8
LGA14400,0,0,0,0,0,7,4,6,3,24,3,6,0,3,3,5,3,3,0,20,0,0,0,12,6,3,6,0,0,31,0,3,0,6,3,3,0,0,0,16,0,0,0,0,0,3,0,3,0,10,0,0,0,0,0,0,0,0,0,0,0,4,0,24,11,15,14,7,4,84,0,0,3,3,10,24,23,19,7,93,0,3,3,3,3,3,0,0,0,12,0,0,0,9,0,0,0,0,0,11,0,0,0,0,0,0,0,0,0,3,0,0,0,3,3,3,5,0,0,18,0,0,0,0,4,3,14,8,0,29,0,0,0,0,0,3,0,0,0,4,0,0,0,0,0,0,0,0,0,3,0,0,0,0,0,0,0,0,0,0,0,0,3,7,3,14,31,10,0,65,0,19,15,100,60,58,35,12,3,317,0,3,0,4,3,13,16,9,0,43,0,0,0,0,0,0,0,0,0,0
LGA14500,0,0,0,9,15,17,24,28,3,104,41,198,282,857,490,648,326,106,19,2956,31,78,98,817,402,260,183,94,42,2004,0,10,40,219,83,64,71,29,12,526,12,51,38,511,230,170,92,33,13,1135,0,0,0,14,9,8,3,0,0,32,0,37,13,101,116,55,52,21,8,407,0,3,7,29,46,61,86,92,51,377,17,85,76,252,161,105,61,30,5,786,23,191,278,940,533,285,156,60,7,2481,0,0,6,19,40,35,29,11,4,143,3,58,104,427,286,254,206,73,18,1429,0,0,0,0,3,11,5,0,4,37,0,0,0,13,8,12,15,3,5,60,0,0,0,9,25,6,11,16,10,72,0,3,25,50,7,3,6,0,0,92,3,44,28,42,70,37,67,51,19,372,13,172,291,381,544,382,243,154,56,2237,0,0,0,16,28,11,18,13,3,98,0,6,3,59,23,35,12,3,0,144
LGA14550,0,0,0,0,0,0,0,0,0,3,0,0,0,3,0,0,0,0,0,3,0,0,0,5,0,3,0,0,0,12,0,0,0,4,0,3,4,0,0,5,0,0,0,0,0,0,0,0,0,0,0,0,0,0,0,0,0,0,0,0,0,0,0,3,0,0,5,3,0,10,0,0,0,0,0,0,0,3,0,7,0,3,0,3,0,0,0,0,0,12,0,0,0,3,0,0,0,0,0,3,0,0,0,0,0,0,0,0,0,0,0,0,0,0,0,0,0,0,0,5,0,0,0,0,0,3,0,0,0,4,0,0,0,0,0,0,0,0,0,0,0,0,0,0,0,0,0,0,0,0,0,0,0,0,0,0,0,0,0,0,0,0,0,0,3,5,5,10,0,21,0,4,3,16,20,52,26,8,0,136,0,0,0,0,0,0,0,0,0,0,0,0,0,0,0,0,0,0,0,0
LGA14600,0,0,0,0,0,0,0,0,0,0,0,0,0,0,0,0,0,0,0,0,0,3,0,17,0,0,0,0,0,20,0,0,0,0,0,0,0,0,0,0,0,0,0,0,0,0,0,0,0,0,0,0,0,0,0,0,0,0,0,0,0,0,0,0,0,0,0,0,0,3,0,0,0,0,0,0,0,0,0,0,0,0,0,0,0,0,0,0,0,0,0,0,0,0,0,0,0,0,0,0,0,0,0,0,0,0,0,0,0,6,0,0,0,0,0,0,0,0,0,0,0,0,0,0,0,0,0,0,0,0,0,0,0,0,0,0,0,0,0,0,0,0,0,0,0,0,0,0,0,0,0,0,0,0,0,0,0,0,0,0,0,0,0,0,0,0,0,0,0,3,0,0,0,13,6,12,3,0,0,35,0,0,0,0,0,0,0,0,0,0,0,0,0,3,0,0,0,0,0,3
LGA14650,0,0,0,6,9,22,58,38,14,138,0,10,12,24,24,37,6,3,3,116,7,37,38,349,69,61,53,35,10,668,0,10,27,48,22,15,17,8,3,155,0,4,3,35,6,4,3,5,0,58,0,4,0,13,0,11,0,0,0,27,7,33,16,98,45,35,50,34,7,321,0,4,10,16,31,73,121,115,51,415,3,9,8,28,9,7,4,8,3,82,0,13,34,102,15,12,5,3,3,182,0,0,0,8,11,10,6,3,0,43,0,4,13,86,66,69,46,17,0,306,0,0,0,3,10,25,64,8,6,115,0,0,0,6,4,11,9,3,0,42,0,0,7,23,8,3,0,4,3,43,0,3,4,19,4,0,0,0,0,27,0,12,0,32,30,69,217,98,52,527,23,88,152,666,449,381,292,147,68,2266,0,3,0,8,20,14,38,14,8,114,0,13,0,51,7,3,12,0,0,83
LGA14700,0,0,0,3,8,17,19,23,5,68,3,33,39,188,84,92,56,17,0,514,20,48,24,602,74,42,28,16,9,856,0,3,15,78,14,19,20,0,8,158,6,0,12,241,46,46,28,6,0,398,0,0,0,0,3,3,0,0,0,7,0,15,11,134,46,19,17,12,0,238,0,4,5,59,16,23,29,32,20,192,7,24,24,189,59,23,24,3,0,359,8,20,13,201,38,19,10,4,0,312,0,0,0,13,20,5,15,8,7,61,0,13,25,198,84,91,53,19,7,484,0,0,0,7,0,6,3,0,0,19,0,0,0,11,5,7,0,0,0,21,0,0,0,5,4,0,5,0,0,14,0,7,80,218,3,0,0,0,0,309,0,8,3,17,17,6,11,11,4,84,17,26,62,261,158,121,79,27,12,757,0,0,0,7,9,9,14,0,0,34,5,5,3,40,10,4,3,0,0,63
LGA14750,0,0,0,0,0,0,0,0,0,4,0,0,0,0,3,0,0,0,0,3,0,0,0,61,11,14,0,0,0,88,0,0,0,0,0,0,0,0,0,4,0,0,0,3,0,0,0,0,0,3,0,0,0,0,0,0,0,0,0,0,0,0,0,0,0,0,0,0,0,0,0,0,0,0,7,20,69,61,25,185,0,0,0,6,0,0,0,0,0,5,0,0,0,0,0,0,0,0,0,3,0,0,0,0,0,0,0,0,0,0,0,3,3,3,3,4,0,0,0,14,0,0,0,0,0,0,0,0,0,0,0,0,0,0,0,0,0,0,0,0,0,0,0,0,0,0,0,0,0,0,0,0,0,0,0,0,0,0,0,0,0,0,0,0,3,0,4,0,0,6,0,10,14,27,18,10,12,3,0,108,0,0,0,0,0,0,0,0,0,0,0,0,0,6,0,0,0,0,0,6
LGA14850,0,0,0,0,0,0,3,3,0,5,0,0,0,0,7,3,4,0,0,19,0,3,10,50,15,9,15,6,0,108,0,0,3,27,0,3,0,3,0,47,0,0,0,8,0,0,0,0,0,12,0,0,0,0,0,4,0,0,0,4,0,3,0,14,12,8,7,3,3,51,0,0,4,10,4,17,29,60,46,172,0,0,3,15,13,4,0,0,0,42,0,0,3,19,0,6,0,0,0,28,0,0,0,0,0,0,0,0,0,3,0,0,9,8,14,13,0,4,0,49,0,0,0,0,0,3,3,0,0,7,0,0,0,0,0,0,0,0,0,5,0,0,0,0,0,0,0,0,0,3,0,0,0,3,0,0,0,0,0,3,0,0,4,17,17,30,37,17,3,116,0,12,36,104,134,158,63,12,3,528,0,0,0,3,3,4,8,3,4,25,0,4,0,15,0,4,0,0,0,26
LGA14870,0,0,0,0,3,3,5,3,0,13,0,0,3,4,9,8,0,0,0,16,0,0,0,35,5,3,5,3,0,63,0,3,0,4,7,3,3,0,0,14,0,0,3,3,5,0,0,0,0,12,0,0,0,13,3,0,0,0,0,19,0,0,0,8,4,3,11,6,0,31,0,0,0,5,3,17,14,7,5,52,0,0,0,0,0,0,0,0,0,3,0,0,3,6,0,0,0,0,0,6,0,0,4,3,8,3,0,0,0,19,0,0,3,8,11,3,0,3,0,25,0,0,0,0,0,4,7,0,0,12,0,0,0,0,0,4,0,0,0,8,0,0,0,0,0,0,0,0,0,0,0,0,0,0,0,0,0,0,0,0,0,0,0,0,0,16,21,20,5,57,0,13,17,53,43,47,38,6,0,208,0,0,0,0,4,4,0,4,0,11,0,0,0,0,0,0,0,0,0,3
LGA14900,0,17,37,88,121,168,249,212,38,937,0,3,35,139,52,85,23,3,4,343,84,389,411,2719,923,457,185,68,35,5265,7,36,69,415,142,91,76,22,5,861,4,50,108,400,145,142,53,22,3,932,63,769,1440,4037,1609,1100,570,214,78,9885,3,27,6,43,36,29,24,20,6,200,3,9,30,133,296,479,775,641,317,2682,0,13,3,46,16,5,4,3,3,87,3,0,11,113,20,17,20,8,0,196,22,78,177,1607,1008,746,387,125,29,4169,3,34,54,194,100,108,70,15,11,588,0,0,4,16,46,169,296,127,21,685,0,4,14,85,80,96,89,39,23,427,3,3,23,54,37,26,7,0,3,150,0,16,35,336,23,15,9,0,0,438,0,4,4,19,12,29,35,25,21,151,87,444,740,1300,421,285,104,25,11,3414,0,3,5,8,15,28,25,15,5,92,17,159,174,610,231,91,20,8,0,1310
LGA14920,0,0,0,0,0,0,0,0,0,0,0,0,0,0,0,0,0,0,0,0,0,0,0,10,0,0,0,0,0,13,0,0,0,0,0,0,0,0,0,0,0,0,0,0,0,0,0,0,0,0,0,0,0,0,0,0,0,0,0,0,0,0,0,0,3,0,0,0,0,3,0,0,0,0,0,0,0,3,0,9,0,0,0,0,0,0,0,0,0,0,0,3,0,3,0,0,0,0,0,6,0,0,0,0,0,0,0,0,0,0,0,0,0,0,0,0,0,0,0,0,0,0,0,0,0,0,3,0,0,0,0,0,0,0,0,0,0,0,0,0,0,0,0,0,0,0,0,0,0,0,0,0,0,3,0,0,0,0,0,3,0,0,0,0,0,0,5,0,0,13,0,0,3,13,14,8,15,3,0,52,0,0,0,4,0,0,3,0,0,10,0,0,0,0,0,0,0,0,0,0
LGA14950,0,0,0,0,0,0,0,0,0,0,0,0,0,0,3,0,0,0,0,3,0,0,0,0,0,0,0,0,0,0,0,0,0,0,0,0,0,0,0,0,0,0,0,0,0,0,0,0,0,0,0,0,0,0,0,0,0,0,0,0,0,0,0,0,0,0,0,0,0,0,0,0,0,0,0,0,0,0,0,0,0,0,0,3,0,0,0,0,0,3,0,0,0,0,0,0,0,0,0,0,0,0,0,0,0,0,0,0,0,0,0,0,0,0,3,0,0,0,0,7,0,0,0,0,0,0,0,0,0,0,0,0,0,0,0,0,0,0,0,0,0,0,0,0,0,0,0,0,0,0,0,0,0,0,0,0,0,0,0,0,0,0,0,0,0,0,0,4,0,8,0,0,9,3,3,4,0,0,3,28,0,0,0,0,0,0,0,0,0,0,0,0,0,0,0,0,0,0,0,0
LGA15050,0,0,0,0,3,4,13,3,0,28,0,0,3,9,9,19,0,0,0,42,4,39,15,254,48,21,16,9,0,407,0,3,3,16,6,3,6,0,3,46,0,0,0,7,0,0,0,0,0,6,0,3,0,3,0,0,0,0,0,14,3,5,0,28,10,11,15,15,4,82,0,0,0,4,8,7,16,14,10,66,0,0,3,3,5,4,0,0,0,12,0,0,3,33,0,3,0,0,0,41,0,0,0,4,7,0,0,0,0,10,3,4,8,32,28,11,0,3,0,88,0,0,0,3,4,4,11,7,0,31,0,0,0,0,0,0,0,0,0,3,0,0,0,0,0,0,0,0,0,3,0,0,0,6,0,0,0,0,0,9,0,0,0,13,5,23,47,27,6,118,15,46,56,278,159,126,71,20,3,782,0,0,0,7,7,10,4,9,0,43,0,6,8,18,17,7,0,0,0,58
LGA15240,0,0,0,0,0,3,15,10,0,32,0,3,0,3,13,13,3,0,0,32,4,20,12,118,4,5,15,11,10,205,0,3,0,17,11,8,7,8,0,52,0,0,0,3,4,3,4,0,0,19,0,0,0,4,4,6,0,0,0,17,0,3,3,14,17,10,42,35,7,131,0,0,0,9,8,20,41,41,16,132,0,0,0,7,6,0,5,0,0,23,0,0,3,24,3,9,3,0,0,43,0,0,0,3,7,3,5,3,0,21,0,0,3,11,10,15,10,5,0,59,0,0,0,0,10,22,54,8,3,100,0,0,0,4,0,11,11,0,0,25,0,0,5,3,3,0,0,0,0,11,0,0,0,9,0,0,0,0,0,19,0,0,0,6,18,49,159,70,37,347,3,17,21,146,157,261,212,91,29,946,0,0,0,4,10,7,26,11,7,75,0,0,0,10,0,0,0,0,3,11
LGA15270,0,0,0,0,3,3,3,5,6,19,0,0,0,0,0,0,0,0,0,3,0,6,0,32,5,9,0,4,0,50,0,0,0,0,0,3,0,0,0,5,0,0,0,0,0,0,0,0,0,0,0,0,0,0,0,0,0,0,0,0,0,5,0,15,3,0,3,4,0,30,0,0,0,0,8,6,8,5,3,32,0,0,0,5,0,0,0,0,0,8,0,3,0,9,0,0,0,0,0,13,0,0,0,0,0,0,3,0,0,6,0,0,0,9,4,3,0,3,0,17,0,0,0,0,3,6,12,0,0,20,0,0,0,0,0,0,0,0,0,0,0,0,0,0,0,0,0,0,0,0,0,0,0,3,0,0,0,0,0,3,0,0,0,0,5,8,31,14,0,65,0,4,4,61,63,50,35,20,3,231,0,0,0,0,4,0,0,0,0,3,0,0,0,0,0,0,0,0,0,0
LGA15300,0,0,0,0,0,0,6,0,0,3,0,0,0,3,0,3,0,0,0,13,0,3,0,42,0,0,0,0,0,54,0,0,0,0,0,0,0,0,0,4,0,0,0,0,0,0,0,0,0,0,0,0,0,0,0,0,0,0,0,0,0,0,0,3,0,0,4,0,0,10,3,0,0,3,0,0,3,0,0,8,0,0,0,0,0,0,0,0,0,3,0,0,0,3,0,0,0,0,0,3,0,0,0,3,0,0,0,0,0,8,0,0,0,4,0,3,0,0,0,5,0,0,0,0,0,0,0,0,0,0,0,0,0,4,0,0,0,0,0,9,0,0,0,0,0,0,0,0,0,0,0,0,0,0,0,0,0,0,0,0,0,0,0,0,0,0,6,0,4,11,0,10,10,19,19,24,7,3,0,90,0,0,0,9,3,0,0,4,0,17,0,0,0,0,0,0,0,0,0,0
LGA15350,0,0,0,3,0,10,14,10,6,46,11,34,30,56,30,17,19,11,0,207,0,8,12,102,33,18,22,7,15,231,3,0,3,27,0,10,4,4,0,57,0,0,3,33,12,12,14,0,0,76,0,0,0,3,0,7,0,0,0,11,4,16,3,89,36,21,15,10,3,210,3,6,7,43,27,22,31,19,8,160,0,24,9,80,43,12,10,5,3,194,0,3,5,47,19,11,0,0,0,89,0,0,3,0,7,5,4,0,0,23,0,3,6,49,23,29,15,10,6,146,0,0,0,4,0,6,3,0,0,10,0,0,0,3,3,0,0,0,0,14,0,0,0,0,0,3,0,0,0,9,0,3,13,65,0,0,0,0,0,76,3,14,3,31,33,13,22,9,3,123,3,36,50,189,209,156,92,45,13,801,0,0,0,18,5,10,14,0,0,49,0,0,5,4,3,3,0,0,0,15
LGA15520,0,0,0,0,0,0,3,0,0,7,0,0,0,3,0,0,0,0,0,7,0,0,0,13,0,0,0,3,0,21,0,0,0,0,0,0,0,0,0,0,0,0,0,3,0,0,0,0,0,3,0,0,0,0,0,0,0,0,0,0,0,0,0,3,3,0,6,0,0,12,0,0,0,0,0,5,9,9,0,36,0,0,0,5,0,0,0,0,0,4,0,0,0,0,0,0,0,0,0,0,0,0,0,0,0,0,0,0,0,0,0,0,0,11,0,0,0,0,0,15,0,0,0,0,0,4,8,3,0,11,0,0,0,0,0,0,0,0,0,0,0,0,0,0,0,0,0,0,0,0,0,0,0,11,0,0,0,0,0,11,0,0,0,0,3,3,22,4,3,38,0,7,7,22,23,16,10,5,0,90,0,0,0,0,0,0,6,0,0,9,0,0,0,0,0,0,0,0,0,3
LGA15560,0,0,0,0,0,0,0,3,0,4,0,0,0,3,0,0,0,0,0,3,0,0,0,16,0,0,0,0,0,16,0,0,0,0,0,0,0,0,0,0,0,0,0,0,0,0,0,0,0,0,0,0,0,0,0,0,0,0,0,3,0,0,0,3,0,0,0,0,0,11,0,0,0,3,0,0,4,3,4,14,0,0,0,0,0,0,0,0,0,0,0,0,0,0,0,0,0,0,0,3,0,0,0,0,0,0,0,0,0,0,0,0,0,3,0,0,0,0,0,3,0,0,0,0,0,0,0,0,0,4,0,0,0,0,0,0,0,0,0,0,0,0,0,0,0,0,0,0,0,0,0,0,0,0,0,0,0,0,0,0,0,0,0,0,0,0,0,3,0,11,0,4,0,8,10,4,0,0,0,31,0,0,0,4,0,0,0,0,0,4,0,0,0,0,0,0,0,0,0,0
LGA15650,0,0,0,0,0,4,0,0,0,4,0,0,3,4,0,4,0,0,0,12,5,8,3,42,10,10,5,0,0,82,0,0,0,3,0,0,0,0,0,7,0,0,0,3,0,0,0,0,0,3,0,0,0,0,0,0,0,0,0,3,0,4,3,20,6,4,3,0,3,53,0,0,0,0,0,0,3,3,0,3,0,0,0,6,0,0,0,0,0,4,0,0,0,0,0,0,0,0,0,3,0,0,0,3,0,4,0,0,0,9,0,0,0,11,4,0,0,0,0,19,0,0,0,0,0,0,5,0,0,5,0,0,0,0,0,0,0,0,0,0,0,0,0,0,0,0,3,0,0,3,0,0,0,3,0,0,0,0,0,3,0,0,0,3,0,11,8,3,0,27,0,13,18,79,51,39,10,6,0,218,0,0,0,0,3,0,0,3,0,9,0,0,0,3,0,0,0,0,0,3
LGA15700,0,0,0,0,0,0,0,0,3,7,0,0,0,0,0,4,0,0,0,4,7,0,0,13,0,3,6,0,0,24,0,0,0,3,0,0,0,0,0,6,0,0,0,0,0,0,0,0,0,0,0,0,0,4,0,0,0,0,0,0,0,0,0,13,3,0,6,0,0,34,0,0,0,0,5,4,13,3,0,27,0,0,0,0,3,5,0,0,0,9,0,0,0,0,0,0,0,0,0,3,0,0,0,0,3,3,0,0,0,7,0,0,0,0,8,6,0,0,0,15,0,0,0,0,0,0,6,0,0,6,0,0,0,0,0,0,0,0,0,0,0,0,0,3,0,0,0,0,0,3,0,0,0,3,0,0,0,0,0,3,0,0,0,3,0,11,30,12,5,60,0,0,6,42,53,75,41,16,9,245,0,0,0,0,0,0,4,0,0,7,0,0,0,0,0,0,0,0,0,0
LGA15750,0,0,0,0,0,0,0,0,0,0,0,0,0,0,0,0,0,0,0,0,0,0,3,16,0,0,0,0,0,18,0,0,0,0,0,0,0,0,0,0,0,0,0,0,0,0,0,0,0,0,0,0,0,0,0,0,0,0,0,0,0,0,0,9,0,0,0,0,0,11,0,0,0,0,0,0,0,3,0,6,0,0,0,0,0,0,0,0,0,3,0,0,0,0,0,0,0,0,0,0,0,0,0,0,0,0,0,0,0,0,0,0,0,3,0,0,0,0,0,3,0,0,0,0,0,0,0,0,0,0,0,0,0,0,0,0,0,0,0,0,0,0,0,0,0,0,0,0,0,0,0,0,0,10,0,0,0,0,0,9,0,0,0,5,0,5,7,5,0,25,0,3,3,26,21,21,15,0,0,86,0,0,0,0,0,0,3,0,0,8,0,0,0,8,0,0,0,0,0,8
LGA15800,0,0,0,0,0,0,0,0,0,0,0,0,0,0,0,0,0,0,0,0,0,0,0,13,0,0,0,0,0,15,0,0,0,0,0,0,0,0,0,0,0,0,0,0,0,0,0,0,0,0,0,0,0,0,0,0,0,0,0,0,0,0,0,0,0,0,0,0,0,0,0,0,0,5,0,0,0,5,3,16,0,0,0,0,0,0,0,0,0,0,0,0,0,0,0,0,0,0,0,4,0,0,0,0,0,0,0,0,0,0,0,0,0,3,0,0,0,0,0,3,0,0,0,0,0,0,0,0,0,0,0,0,0,0,0,0,0,0,0,0,0,0,0,0,0,0,0,0,0,0,0,0,0,3,0,0,0,0,0,3,0,0,0,0,0,0,10,0,0,14,0,4,4,9,4,7,0,0,0,30,0,0,0,0,0,0,0,0,0,0,0,0,0,3,0,0,0,0,0,3
LGA15850,0,0,0,0,0,0,0,0,0,0,0,0,0,0,0,0,0,0,0,0,0,0,0,8,3,0,0,0,0,11,0,0,0,0,0,0,0,0,0,0,0,0,0,0,0,0,0,0,0,0,0,0,0,0,0,0,0,0,0,0,0,0,0,4,0,0,3,0,0,6,0,0,0,0,0,0,3,0,0,5,0,0,0,0,0,0,0,0,0,0,0,0,0,0,0,0,0,0,0,0,0,0,0,0,0,0,0,0,0,0,0,0,0,3,0,0,0,0,0,3,0,0,0,0,0,0,0,0,0,0,0,0,0,0,0,0,0,0,0,0,0,0,0,0,0,0,0,0,0,0,0,0,0,0,0,0,0,0,0,0,0,0,0,0,0,0,0,4,3,9,0,0,0,8,6,12,3,0,0,25,0,0,0,0,0,0,0,3,0,4,0,0,0,0,0,0,0,0,0,0
LGA15900,0,0,7,15,21,49,96,136,50,370,4,10,100,72,17,47,15,5,3,279,28,114,131,671,97,44,49,17,3,1156,0,6,19,66,19,12,8,4,0,133,3,14,19,180,16,3,3,0,0,241,16,25,9,46,14,0,3,0,0,109,6,32,10,109,59,34,31,17,9,300,0,0,7,35,36,93,122,236,123,651,0,17,31,35,14,9,6,3,0,122,4,30,82,205,60,11,8,3,0,397,0,3,3,8,10,3,3,0,0,33,3,14,106,177,42,47,33,14,0,428,0,0,0,4,3,8,12,8,3,47,0,0,12,15,4,3,8,6,0,52,0,0,18,17,0,3,0,0,0,40,0,8,20,64,5,0,0,0,0,101,0,7,3,28,18,25,77,28,28,227,7,69,186,552,334,290,112,59,12,1624,0,0,4,29,8,13,18,13,4,90,6,28,44,147,13,0,8,0,0,250
LGA15950,0,0,0,13,5,11,18,17,4,75,13,35,75,407,133,179,98,21,4,958,35,63,36,966,73,70,47,33,3,1328,0,3,24,118,18,22,23,10,4,223,0,0,5,250,35,34,22,10,3,366,0,0,3,7,4,3,0,4,3,33,0,3,9,273,77,48,30,15,3,462,0,6,12,185,43,32,50,29,11,363,21,78,58,521,208,91,50,9,0,1027,4,7,40,271,51,34,26,4,4,444,0,0,3,12,19,14,12,0,3,62,5,3,25,280,87,72,67,20,3,559,0,0,0,0,3,11,12,5,0,29,0,0,0,35,9,12,0,0,0,64,0,0,3,6,6,9,0,0,0,26,3,9,62,223,3,3,0,0,0,309,4,8,8,78,20,21,36,20,5,201,11,55,112,875,354,329,205,66,21,2024,0,0,0,51,15,11,14,6,0,92,3,6,6,60,4,7,0,0,0,87
LGA15990,0,5,3,33,29,48,94,69,30,313,18,95,94,236,140,197,100,47,10,943,41,126,190,904,222,156,113,60,19,1826,9,16,60,192,95,89,51,24,14,556,0,10,20,274,140,123,91,52,23,737,0,4,6,25,19,15,9,12,0,79,13,94,31,537,302,158,106,82,40,1369,3,36,41,306,228,403,586,459,203,2266,11,61,77,307,228,94,59,15,8,858,8,19,71,379,117,106,60,14,0,780,0,0,0,60,70,52,41,19,3,245,5,15,35,153,129,116,102,30,8,607,0,4,0,10,17,22,30,21,9,114,0,0,0,17,19,13,12,3,0,70,0,0,0,6,8,6,3,0,4,36,3,7,114,434,6,10,3,0,0,579,15,51,48,218,183,129,241,201,123,1200,37,234,392,2211,1271,1037,528,204,109,6027,0,0,11,101,79,41,57,35,11,340,0,0,6,35,14,8,7,0,0,75
LGA16100,0,0,0,0,0,0,0,3,0,4,0,0,0,0,0,3,0,0,0,3,0,0,0,4,0,0,0,0,0,4,0,0,0,0,0,0,0,0,0,0,0,0,0,0,0,0,0,0,0,3,0,0,0,0,0,0,0,0,0,3,0,0,0,9,0,3,0,0,0,10,0,0,0,0,0,0,7,3,0,11,0,0,0,0,0,0,0,0,0,0,0,0,0,0,0,0,0,0,0,3,0,0,4,0,0,0,0,0,0,7,0,0,0,0,0,0,0,0,0,0,0,0,0,0,0,0,0,0,0,0,0,0,0,0,0,0,0,0,0,0,0,0,0,0,0,0,0,0,0,0,0,0,0,0,0,0,0,0,0,0,0,0,0,0,0,4,3,6,0,11,0,4,12,28,14,16,10,4,0,93,0,0,0,0,0,0,0,0,0,3,0,0,0,0,0,0,0,0,0,0
LGA16150,0,0,0,5,3,4,15,11,0,40,0,0,0,10,4,14,4,0,0,33,8,32,23,260,20,13,15,3,0,377,0,0,0,10,3,0,0,0,0,19,0,0,3,15,4,3,0,0,0,24,0,0,0,8,0,0,0,0,0,11,0,5,0,12,3,0,12,4,0,45,0,0,0,9,11,19,26,30,10,101,0,0,0,10,6,3,0,0,0,12,0,0,7,52,4,3,0,0,0,62,0,0,0,0,0,3,0,0,0,5,0,0,3,10,10,7,3,0,0,34,0,0,0,0,0,3,0,0,0,4,0,0,0,0,0,0,0,0,0,4,0,0,3,6,0,0,0,3,0,9,0,6,11,82,11,0,0,0,0,105,0,0,3,5,3,15,36,12,11,84,10,22,32,105,71,74,41,20,0,368,0,4,0,0,0,0,9,3,0,13,0,6,3,25,0,4,0,0,0,37
LGA16200,0,0,0,0,0,0,0,0,0,0,0,0,0,0,0,0,0,0,0,3,0,0,0,22,9,4,0,0,0,35,4,3,0,15,4,0,0,0,0,21,0,0,0,0,0,0,0,0,0,0,0,6,3,3,3,0,0,4,0,19,0,4,0,3,3,3,4,0,0,16,0,0,4,0,3,0,3,0,0,6,0,0,0,0,0,0,0,0,0,0,0,0,0,8,0,0,0,0,0,11,0,0,3,0,3,0,0,0,0,7,0,0,0,3,0,0,0,0,0,6,0,0,0,0,0,0,0,0,0,3,0,0,0,0,0,0,0,0,0,0,0,0,0,3,0,0,0,0,0,3,0,0,0,4,0,0,0,0,0,4,0,0,0,0,0,9,9,4,5,31,0,5,8,27,15,16,7,0,0,86,0,0,0,0,0,0,0,0,3,4,0,0,0,7,0,0,0,0,0,9
LGA16260,3,3,3,36,37,76,146,168,42,511,43,133,447,1718,815,1300,396,93,24,4983,1104,1786,1936,16303,1373,938,410,128,54,24037,11,45,124,715,208,173,95,38,14,1421,19,143,218,1591,401,280,152,61,17,2882,10,30,46,251,140,54,12,15,7,572,3,29,10,192,68,50,43,45,24,470,3,17,16,134,113,175,220,210,74,968,6,38,58,194,96,32,23,9,4,463,80,547,932,3914,1689,1036,460,192,37,8882,8,26,75,597,658,593,461,207,60,2688,15,114,185,879,339,382,275,88,20,2299,0,0,3,11,16,55,141,63,26,319,3,7,16,71,39,39,33,17,13,231,0,4,19,140,79,80,42,17,9,392,0,37,179,881,61,22,9,4,0,1202,0,7,13,43,22,28,75,65,29,294,49,311,465,1102,505,424,222,74,24,3166,0,3,3,33,19,18,33,16,5,134,62,171,187,926,109,59,21,8,0,1559
LGA16350,0,0,19,20,36,82,135,115,22,438,0,7,18,61,33,36,11,5,0,173,46,210,275,2073,443,337,231,121,30,3763,4,11,20,138,51,42,34,8,0,309,0,17,23,170,68,43,40,16,0,376,3,9,58,194,94,64,35,12,3,470,5,42,11,142,72,122,143,57,14,614,3,4,4,49,99,214,274,187,69,902,3,3,7,31,11,3,6,0,0,65,5,17,39,132,68,28,28,6,3,320,0,12,26,232,170,157,75,36,6,717,4,18,17,106,59,86,49,14,3,353,0,0,10,71,113,338,486,217,27,1263,0,3,9,50,46,58,50,12,4,237,0,4,3,33,10,17,5,5,0,82,7,20,47,194,28,29,3,4,0,333,0,5,3,32,43,141,180,92,43,535,50,324,588,1556,605,499,193,43,15,3867,0,3,0,44,62,76,96,29,7,321,18,57,94,310,85,64,24,6,4,663
LGA16380,0,3,0,0,4,0,9,5,0,24,0,0,0,15,9,8,3,4,0,40,7,18,3,132,12,13,26,16,3,235,0,3,0,13,3,3,11,7,3,39,0,0,0,10,0,0,3,3,0,13,0,0,0,3,0,0,0,0,0,6,4,8,4,49,27,30,44,16,6,187,0,0,3,7,11,20,42,23,12,118,0,9,3,11,7,5,3,0,4,46,0,3,4,30,3,0,0,0,0,42,0,0,0,4,3,3,3,0,0,16,0,0,3,21,15,20,4,0,0,61,0,0,0,0,6,14,38,14,6,74,0,0,0,3,3,0,0,5,0,6,0,0,0,3,0,0,0,0,0,4,0,3,0,19,0,3,0,0,0,20,0,0,0,12,18,34,116,73,35,298,4,32,34,229,206,203,214,113,27,1061,0,3,0,9,13,8,19,26,4,83,0,0,0,8,0,0,0,0,0,9
LGA16400,0,0,0,0,8,11,15,15,3,59,0,3,0,12,11,6,0,3,0,42,0,0,10,48,7,9,6,13,0,93,0,0,0,12,3,3,5,3,0,29,0,0,0,0,0,3,0,0,0,4,0,0,0,0,3,3,0,3,0,11,0,11,3,23,21,13,18,13,3,107,0,0,3,5,11,20,51,26,9,123,0,4,0,15,3,4,3,3,0,30,3,7,10,20,11,0,0,0,0,47,0,0,0,0,5,3,0,3,0,11,0,4,0,57,27,23,16,3,0,127,0,0,0,3,7,19,42,14,0,80,0,0,0,6,8,14,9,5,3,50,0,0,0,0,0,0,0,0,0,3,0,8,3,9,0,0,0,0,0,20,0,3,0,11,20,24,104,55,17,232,8,33,38,208,177,178,166,56,10,877,0,0,0,4,7,11,17,5,4,56,0,0,0,12,0,0,3,0,0,16
LGA16490,0,0,0,6,10,23,42,35,15,135,0,0,0,15,6,12,7,0,0,43,25,64,62,589,47,29,16,9,0,848,7,5,5,37,17,7,4,3,0,85,0,0,0,24,6,3,3,0,0,36,0,3,0,12,0,3,0,0,0,21,3,5,0,34,14,20,21,4,4,104,0,0,3,17,30,84,107,113,48,396,0,4,0,10,7,3,0,0,0,28,0,4,11,23,10,3,0,0,0,50,0,0,0,13,4,3,3,0,0,26,0,3,12,34,35,22,10,0,0,118,0,0,0,0,3,16,45,14,3,80,0,3,0,9,0,5,0,0,0,12,0,0,0,11,4,5,0,0,0,28,0,5,16,104,6,0,0,0,0,134,0,10,3,11,10,22,42,12,7,116,4,38,78,255,166,156,65,21,3,784,0,0,4,7,7,9,8,0,0,38,3,0,9,67,3,5,0,0,0,98
LGA16550,4,11,8,54,58,160,349,591,229,1459,24,38,566,468,216,244,125,40,6,1728,20,47,274,647,125,96,107,58,19,1392,21,55,512,1026,329,245,141,63,22,2419,0,6,21,312,38,38,12,10,3,445,0,3,19,84,56,48,37,16,3,259,9,36,113,2199,214,89,85,40,19,2806,3,33,45,308,68,100,199,226,103,1079,5,26,47,199,101,45,17,7,0,443,7,24,96,310,61,46,23,11,3,584,0,3,13,64,83,77,46,46,25,366,0,14,617,517,191,255,203,72,17,1885,0,3,0,3,5,39,109,70,30,264,0,0,4,47,25,27,19,7,0,120,0,0,61,20,6,7,0,7,0,107,4,5,17,108,6,0,0,0,0,146,3,15,28,112,31,23,37,28,17,295,19,80,200,1159,523,413,211,82,14,2692,0,0,23,125,35,19,36,17,7,264,3,4,51,119,11,9,6,0,0,211
LGA16610,0,0,0,0,0,3,3,0,0,5,0,0,0,0,0,0,0,0,0,8,0,0,0,7,0,3,0,0,0,16,0,0,0,0,0,0,0,0,0,4,0,0,0,0,0,0,0,0,0,0,0,0,0,0,0,0,0,0,0,0,0,0,0,15,3,0,11,3,0,30,0,0,0,0,0,4,8,9,6,21,0,0,0,0,0,0,0,0,0,3,0,0,0,0,0,0,0,0,0,4,0,0,0,0,0,0,0,0,0,3,0,0,0,3,0,3,0,0,0,13,0,0,0,0,0,3,6,0,0,12,0,0,0,0,0,0,0,0,0,0,0,0,0,0,3,0,0,0,0,3,0,0,0,0,0,0,0,0,0,0,0,0,0,7,3,8,17,9,4,48,0,12,9,41,36,64,37,13,6,218,0,0,0,0,0,3,0,0,0,8,0,3,3,0,3,0,0,0,0,10
LGA16650,13,67,68,200,219,448,887,977,245,3117,3,17,74,439,134,258,111,31,10,1073,75,74,91,1251,135,87,63,29,21,1826,3,22,137,565,139,113,60,25,11,1073,0,10,18,125,28,24,17,5,0,228,0,3,11,60,36,14,5,3,0,134,0,12,19,167,57,27,32,21,11,343,0,3,27,115,71,136,260,380,164,1170,4,3,31,189,77,23,9,7,3,341,3,9,38,195,50,33,9,7,0,342,7,58,110,867,754,512,279,106,30,2716,0,8,34,272,82,97,73,29,3,604,0,0,0,12,23,64,110,70,42,314,0,0,0,35,19,18,16,11,3,100,0,0,7,20,9,8,8,4,0,63,16,83,925,2702,71,29,10,0,0,3830,0,0,3,25,11,7,23,14,11,93,17,95,203,646,325,276,102,23,10,1706,0,4,3,30,7,4,7,6,0,64,0,16,31,140,30,22,3,0,0,245
LGA16700,0,11,9,22,24,61,114,120,38,391,18,47,235,1065,398,683,277,75,22,2823,129,178,347,2683,317,245,128,80,24,4128,3,32,199,596,162,114,71,38,15,1232,8,35,60,753,193,212,150,75,41,1515,8,18,10,58,41,23,18,23,0,191,7,13,11,134,77,42,34,23,10,346,6,16,25,135,125,235,436,442,220,1647,10,43,62,249,116,53,31,10,3,577,44,189,602,2222,677,464,240,88,18,4545,3,15,5,142,157,186,159,109,25,796,14,35,137,601,202,221,189,74,17,1481,0,0,0,6,11,22,53,36,9,134,0,0,23,25,19,19,16,7,4,115,0,0,28,67,27,24,25,7,7,183,6,6,76,362,10,0,0,0,0,460,0,3,4,27,24,16,30,28,15,143,19,84,152,469,289,240,128,42,20,1447,0,0,0,10,15,9,4,5,3,49,16,23,55,248,25,21,8,3,0,402
LGA16900,0,0,0,8,10,24,22,29,10,105,0,0,0,10,3,5,3,3,0,29,5,6,13,95,13,20,13,4,3,176,0,3,6,15,3,3,5,0,0,38,0,0,0,13,6,0,4,0,0,26,0,3,3,3,5,0,3,0,0,22,0,7,5,23,13,21,18,32,6,129,0,0,0,8,60,92,104,103,40,412,0,8,0,9,8,0,0,0,0,29,0,5,6,21,4,0,0,3,0,49,0,0,0,8,5,24,8,3,5,53,0,0,8,25,8,7,4,0,0,51,0,0,0,8,17,78,110,35,15,262,0,0,0,3,0,8,0,0,0,13,0,0,0,0,0,0,0,0,0,3,0,0,0,3,0,0,0,0,0,3,0,0,3,8,6,40,108,66,34,264,7,25,42,204,130,125,60,13,7,606,0,0,0,3,11,10,12,13,3,54,0,3,4,19,9,4,4,0,0,47
LGA16950,0,0,0,7,7,21,55,49,11,151,0,0,3,12,6,13,9,4,0,49,4,21,14,157,16,20,28,13,10,278,0,3,5,34,9,7,7,8,3,73,0,0,0,6,3,0,3,0,0,13,0,0,3,11,3,3,4,0,0,28,0,3,0,30,30,28,45,30,8,176,0,0,7,10,32,47,104,85,18,299,0,10,0,18,9,9,4,3,0,48,0,7,10,29,5,3,0,3,0,44,0,3,0,8,11,9,8,0,3,43,0,3,9,21,13,13,8,8,0,71,0,0,0,3,11,42,96,53,9,216,0,0,0,0,6,12,17,3,0,44,0,0,0,4,0,0,3,0,0,8,0,0,3,28,4,0,0,0,0,37,0,8,3,14,15,76,166,101,29,404,3,50,53,264,216,256,243,88,22,1196,0,0,0,8,15,9,48,17,3,98,3,5,0,9,0,4,3,0,0,20
LGA17000,0,0,0,0,0,4,0,0,0,8,0,0,3,8,6,4,0,0,0,18,0,3,3,29,0,3,0,0,0,43,0,0,3,5,3,3,0,0,0,15,0,0,0,0,0,0,0,0,0,0,0,0,0,0,0,0,0,0,0,0,0,10,0,15,0,6,8,3,0,38,0,0,0,0,0,4,3,0,0,15,0,0,0,0,0,0,0,0,0,3,0,0,5,7,0,0,0,0,0,8,0,0,0,0,3,0,0,0,0,6,0,0,3,6,3,4,0,0,0,19,0,0,0,0,0,0,9,0,0,10,0,0,0,0,0,0,0,0,0,0,0,0,0,0,0,3,0,0,0,3,0,0,0,0,0,0,0,0,0,0,0,0,4,4,8,6,19,4,3,50,0,30,44,112,130,63,38,15,3,429,0,0,0,7,0,0,3,0,0,9,0,0,0,4,0,0,0,0,0,11
LGA17040,0,0,0,0,3,5,8,7,0,20,0,0,3,13,3,4,0,0,0,31,0,0,0,8,7,0,10,4,0,32,0,5,3,3,3,4,0,0,0,28,0,0,0,0,0,0,0,0,0,3,0,0,0,0,0,0,0,0,0,0,0,4,3,8,8,0,10,9,0,38,0,0,0,6,4,8,27,23,9,84,0,0,3,4,0,0,0,0,0,17,0,0,0,16,10,0,0,0,0,20,0,0,0,0,3,6,11,4,0,24,0,0,0,7,3,7,0,0,0,20,0,0,0,0,0,3,3,0,0,6,0,0,0,0,0,0,0,0,0,0,0,0,0,0,0,3,0,0,0,3,0,0,0,0,0,0,0,0,0,0,0,0,0,5,13,13,29,18,5,83,3,4,9,77,72,47,37,5,0,269,0,0,0,4,0,4,10,0,0,17,0,3,0,3,0,0,0,0,0,8
LGA17080,0,0,0,0,0,0,0,0,0,0,0,0,0,0,3,3,0,0,0,10,0,6,0,25,3,3,0,0,0,33,0,0,0,0,4,0,0,0,0,9,0,0,0,4,0,0,0,0,0,7,0,0,0,3,0,0,0,0,0,3,0,0,0,0,0,0,0,4,0,14,0,0,0,0,0,3,3,4,0,8,0,0,0,0,0,0,0,0,0,3,0,0,0,0,0,0,0,0,0,5,0,0,0,4,0,0,0,0,0,3,0,0,0,8,4,0,0,0,0,13,0,0,0,0,0,0,0,0,0,0,0,0,0,0,0,0,0,0,0,0,0,0,0,0,0,0,0,0,0,0,0,0,0,0,0,0,0,0,0,0,0,3,0,4,0,5,19,8,5,42,0,7,19,66,40,35,18,7,3,189,0,0,0,0,0,0,3,0,0,4,0,0,0,7,0,0,0,0,0,9
LGA17100,0,3,0,3,11,29,50,65,14,174,5,12,81,212,115,170,77,31,3,692,163,282,421,2893,297,178,110,43,25,4411,0,4,26,129,33,24,13,11,0,235,0,0,6,51,7,0,7,0,0,73,0,0,3,20,6,0,3,0,0,30,0,8,18,67,21,6,16,3,0,138,0,4,9,47,42,72,125,111,61,472,0,5,6,41,14,5,4,0,0,87,16,90,523,1390,496,348,137,84,15,3095,0,3,14,141,173,139,99,62,24,653,0,12,48,125,55,67,48,39,4,390,0,0,0,0,3,5,13,9,0,28,0,0,0,13,3,10,5,4,0,35,0,7,7,36,26,10,9,10,0,106,3,26,296,782,25,14,7,3,0,1158,0,0,0,3,0,3,3,6,4,24,4,26,68,114,42,45,29,8,0,331,0,0,3,3,3,0,3,0,0,22,3,20,51,117,35,17,6,0,0,251
LGA17150,3,23,11,52,110,251,296,219,55,1031,4,27,32,203,108,197,89,34,5,706,18,40,73,456,211,116,99,69,22,1108,0,19,23,202,88,61,48,32,10,489,4,9,3,69,17,12,7,4,0,129,0,0,0,20,12,15,8,3,0,61,5,72,17,321,173,95,87,42,25,840,0,7,14,90,128,203,317,264,103,1143,0,23,18,115,57,32,12,0,3,258,0,12,22,104,44,28,10,11,0,228,0,0,7,108,172,161,122,33,14,621,3,12,32,130,103,143,99,36,13,564,0,0,3,9,22,69,142,79,26,354,0,0,0,14,47,51,27,15,4,158,0,0,0,20,3,13,6,3,0,44,0,11,37,141,13,3,0,0,0,217,0,14,10,65,45,70,142,85,67,495,18,135,255,1186,730,540,262,95,45,3258,0,0,6,28,39,33,57,25,11,212,3,13,8,45,17,23,5,0,0,108
LGA17200,0,3,6,85,44,74,185,237,84,713,18,27,636,1011,217,254,123,53,18,2357,53,28,410,1999,168,77,53,13,3,2805,10,35,2029,2699,187,122,109,28,9,5229,0,5,46,531,44,45,19,3,0,704,0,0,7,67,17,10,11,0,0,114,0,10,71,1512,178,72,63,27,16,1943,4,3,211,1113,106,82,112,68,42,1748,17,12,286,1000,271,86,34,16,3,1733,11,27,798,2318,168,100,47,29,6,3493,0,0,19,128,70,68,77,35,8,419,0,8,394,1299,232,213,142,37,9,2332,0,0,0,15,12,25,56,27,10,137,0,0,14,76,20,21,9,8,3,141,0,0,86,73,23,18,14,7,0,211,3,0,72,223,24,8,0,0,0,329,8,10,59,286,49,42,49,29,10,538,18,51,471,2591,1001,775,370,113,34,5425,0,0,21,165,39,20,23,10,0,278,0,3,59,149,10,8,3,0,0,236
LGA17310,0,0,0,0,0,0,3,9,3,19,0,0,5,15,3,7,3,0,0,33,5,10,9,171,19,11,7,5,0,234,0,0,3,11,0,3,3,3,3,21,0,0,0,8,3,0,0,0,0,15,0,0,0,5,3,0,0,0,0,4,0,5,4,18,12,11,8,8,0,60,0,5,0,0,4,4,7,10,3,37,0,3,0,5,6,0,0,0,0,15,0,3,72,87,3,0,0,0,3,175,0,0,0,0,6,5,0,0,0,11,0,0,0,33,6,3,3,4,0,51,0,0,0,0,0,5,7,3,0,17,0,0,0,0,0,0,0,0,0,3,0,0,12,24,3,0,3,0,0,45,0,3,6,33,3,0,0,0,0,44,0,0,3,9,3,20,35,18,3,90,3,12,24,116,85,87,56,20,7,418,0,0,0,0,0,3,0,3,0,10,0,0,3,26,0,4,0,0,0,32
LGA17350,0,0,0,0,0,0,0,0,0,0,0,0,0,0,0,0,0,0,0,0,3,0,0,8,0,0,0,0,0,20,0,0,0,0,0,0,0,0,0,0,0,0,0,0,0,0,0,0,0,0,0,0,0,0,0,0,0,0,0,0,0,0,0,0,0,0,4,0,0,4,0,0,0,0,0,3,0,3,0,8,0,0,0,0,0,0,0,0,0,0,0,0,0,0,0,0,0,0,0,0,0,0,0,0,0,0,0,0,0,0,0,0,0,0,0,0,0,0,0,0,0,0,0,0,0,0,0,0,0,0,0,0,0,0,0,0,0,0,0,0,0,0,0,0,0,0,0,0,0,0,0,0,0,0,0,0,0,0,0,0,0,0,0,0,0,3,3,3,0,8,0,0,3,5,0,3,4,3,0,22,0,0,0,0,0,0,0,0,0,0,0,0,0,0,0,0,0,0,0,0
LGA17400,0,0,0,0,0,0,0,0,0,0,0,0,0,0,0,0,0,0,0,0,0,0,0,8,0,0,3,0,0,13,0,0,0,3,0,0,0,0,0,5,0,0,0,0,0,0,0,0,0,0,0,0,0,0,0,0,0,0,0,0,0,0,0,0,0,0,5,0,0,11,0,0,0,0,0,0,9,6,0,19,0,3,0,0,0,0,0,0,0,8,0,0,0,0,0,0,0,0,0,0,0,0,0,0,0,0,0,0,0,0,0,0,0,0,0,0,0,0,0,4,0,0,0,0,0,0,0,0,0,0,0,0,0,0,0,0,0,0,0,0,0,0,0,0,0,0,0,0,0,0,0,0,0,0,0,0,0,0,0,0,0,0,0,0,0,5,9,3,0,22,0,0,0,16,24,29,22,3,0,95,0,0,0,0,0,0,0,0,0,0,0,0,0,0,0,0,0,0,0,0
LGA17420,0,3,4,18,22,70,87,54,12,269,24,62,135,555,357,594,192,60,8,1986,48,312,361,2616,1043,687,392,189,61,5703,3,26,108,364,156,101,75,27,15,880,4,86,114,770,362,217,73,30,13,1675,0,0,9,70,40,26,13,9,0,174,3,55,28,162,95,89,77,35,7,561,3,7,8,63,101,226,334,234,109,1096,3,19,33,63,42,15,14,4,0,192,18,211,261,951,533,307,123,56,12,2463,0,0,24,178,236,170,117,48,9,778,17,77,104,448,258,391,311,68,21,1695,0,0,0,26,34,104,182,88,23,453,0,3,5,27,52,39,34,9,3,163,0,3,0,56,30,33,30,12,0,169,0,3,19,94,17,7,0,0,0,143,0,16,23,35,44,55,120,50,20,361,28,203,306,614,463,408,206,54,5,2281,0,4,0,17,34,25,29,18,8,131,7,60,62,302,117,84,40,3,7,684
LGA17550,0,0,0,0,7,8,4,11,3,32,0,3,0,10,4,8,3,3,3,38,5,29,21,168,32,32,37,15,14,351,5,4,3,16,13,10,12,3,3,63,0,0,0,7,0,0,0,0,0,8,0,0,0,0,0,0,0,0,0,3,3,19,4,43,24,28,29,29,5,191,0,6,3,23,15,31,54,40,27,202,3,13,6,92,26,11,4,6,0,164,4,3,6,22,3,3,3,0,0,42,0,0,0,0,8,3,4,0,0,14,0,0,0,20,25,23,15,4,0,91,0,0,0,0,0,16,30,22,6,76,0,0,0,6,3,3,8,3,0,26,0,0,0,0,0,0,0,4,0,4,0,0,6,18,0,0,0,0,0,21,0,0,3,18,18,45,113,75,25,306,7,96,125,654,448,497,401,222,77,2530,0,0,0,7,19,16,26,23,9,98,0,0,0,9,3,0,3,0,0,16
LGA17620,0,0,0,0,0,0,0,0,0,0,0,0,0,0,0,0,0,0,0,3,0,3,3,16,0,5,0,0,0,31,0,0,0,3,0,0,0,0,0,4,0,0,0,0,0,0,0,0,0,0,0,0,0,0,0,0,0,0,0,0,0,5,6,34,4,9,6,3,0,66,0,0,0,0,0,0,3,3,0,14,0,0,0,0,0,0,0,0,0,3,0,0,0,8,0,0,0,0,0,9,0,0,0,0,0,0,0,0,0,4,0,0,0,5,4,3,0,0,0,11,0,0,0,0,0,0,4,3,0,6,0,0,0,0,0,0,0,0,0,0,0,0,0,3,0,0,0,0,0,3,0,0,0,4,0,0,0,0,0,5,0,0,0,0,0,3,11,4,0,22,3,4,10,49,38,32,29,13,3,184,0,0,0,3,0,3,3,0,0,11,0,0,0,3,0,0,0,0,0,3
LGA17640,0,0,0,0,0,0,0,0,0,4,0,0,0,0,0,0,0,0,0,0,0,0,0,0,0,0,0,0,0,3,0,0,0,0,0,0,0,0,0,10,0,0,0,0,0,0,0,0,0,0,0,0,0,0,0,0,0,0,0,0,0,0,0,3,4,4,3,0,0,13,0,0,0,0,0,0,5,3,0,9,0,0,0,0,0,0,0,0,0,0,0,0,0,0,0,0,0,0,0,0,0,0,0,0,0,0,0,0,0,5,0,0,0,0,0,0,0,0,0,0,0,0,0,0,0,0,0,0,0,5,0,0,0,0,0,0,0,0,0,0,0,0,0,0,0,0,0,0,0,0,0,0,0,0,0,0,0,0,0,0,0,0,0,3,3,0,8,3,0,12,0,0,3,15,12,24,10,4,0,69,0,0,0,0,0,3,0,0,0,0,0,0,0,0,0,0,0,0,0,0
LGA17650,0,0,0,0,0,0,0,0,0,0,0,0,0,0,0,0,0,0,0,0,0,0,0,8,0,0,0,0,0,7,0,0,0,0,0,0,0,0,0,0,0,0,0,0,0,0,0,0,0,0,0,0,0,0,0,0,0,0,0,0,0,0,0,0,0,3,0,0,0,4,0,0,0,0,0,0,0,0,3,6,0,0,0,3,0,0,0,0,0,4,0,0,0,0,0,0,0,0,0,0,0,0,0,0,0,0,0,0,0,0,0,0,0,3,0,0,0,0,0,4,0,0,0,0,0,0,0,0,0,0,0,0,0,0,0,0,0,0,0,0,0,0,0,0,0,0,0,0,0,0,0,0,0,0,0,0,0,0,0,0,0,0,0,0,0,3,5,0,3,15,0,0,3,16,9,13,15,3,3,59,0,0,0,0,0,0,0,0,0,0,0,0,0,0,0,0,0,0,0,0
LGA17750,0,0,0,0,0,7,11,8,0,28,0,0,8,28,6,10,3,0,0,54,15,84,40,408,69,24,10,8,0,651,0,0,3,10,9,6,0,4,0,26,3,23,16,29,8,5,0,0,3,83,0,0,4,20,10,4,0,0,0,36,0,28,0,24,7,3,7,3,0,82,0,0,0,3,0,8,13,7,6,50,0,0,3,6,0,0,0,0,0,19,0,3,10,42,3,0,0,0,0,63,0,0,4,0,0,0,0,0,0,13,13,13,0,51,16,13,7,0,0,113,0,0,0,0,0,0,3,0,0,10,0,0,0,3,0,3,0,0,0,7,3,15,16,86,12,0,0,0,0,138,0,11,3,46,4,4,0,0,0,72,0,0,3,8,4,21,41,16,13,104,3,27,52,113,95,85,44,10,5,442,0,0,0,0,3,3,9,5,0,22,6,16,13,47,4,3,3,0,0,92
LGA17850,0,0,0,0,0,0,0,0,0,0,0,0,0,0,0,0,0,0,0,0,0,0,0,0,0,0,0,0,0,3,0,0,0,0,0,0,0,0,0,0,0,0,0,0,0,0,0,0,0,0,0,0,0,0,0,0,0,0,0,0,0,0,0,0,0,0,0,0,0,0,0,0,0,0,0,0,0,0,0,0,0,0,0,0,0,0,0,0,0,0,0,0,0,0,0,0,0,0,0,0,0,0,0,0,0,0,0,0,0,0,0,0,0,0,0,0,0,0,0,3,0,0,0,0,0,0,0,0,0,0,0,0,0,0,0,0,0,0,0,0,0,0,0,0,0,0,0,0,0,0,0,0,0,0,0,0,0,0,0,3,0,0,0,0,0,0,4,0,0,4,3,3,0,7,8,3,6,0,0,30,0,0,0,0,0,0,0,0,0,0,0,0,0,0,0,0,0,0,0,0
LGA17900,0,0,0,0,0,3,3,0,0,4,0,0,0,0,0,0,0,0,0,3,0,0,0,18,0,0,3,0,0,22,0,0,0,0,0,0,0,0,0,3,0,0,0,0,0,0,0,0,0,0,0,0,0,0,0,0,0,0,0,0,0,0,0,0,0,0,0,0,0,4,0,0,0,0,0,0,3,0,0,3,0,0,0,0,0,0,0,0,0,0,0,0,0,3,0,0,0,0,0,3,0,0,0,0,0,0,0,0,0,0,0,0,0,0,0,0,0,0,0,0,0,0,0,0,0,0,0,0,0,3,0,0,0,0,0,0,0,0,0,0,0,0,0,0,0,0,0,0,0,0,0,3,0,9,0,0,0,0,0,9,0,0,3,0,0,3,7,0,0,11,0,3,0,13,11,15,10,4,3,58,0,0,0,0,0,0,0,3,0,5,0,3,0,9,3,0,0,0,0,14
LGA17950,0,0,0,0,0,0,0,0,0,0,0,0,0,0,0,0,0,0,0,0,0,0,0,0,0,0,0,0,0,0,0,0,0,0,0,0,0,0,0,0,0,0,0,0,0,0,0,0,0,0,0,0,0,0,0,0,0,0,0,0,0,0,0,3,0,3,0,0,0,12,0,0,0,0,0,0,0,0,0,0,0,0,0,0,0,0,0,0,0,0,0,0,0,0,0,0,0,0,0,0,0,0,0,0,0,0,0,0,0,0,0,0,0,0,0,0,0,0,0,0,0,0,0,0,0,0,0,0,0,0,0,0,0,0,0,0,0,0,0,0,0,0,0,0,0,0,0,0,0,0,0,0,0,0,0,0,0,0,0,0,0,0,0,0,0,0,0,0,0,0,0,0,0,4,8,0,3,3,0,15,0,0,0,0,0,0,0,0,0,0,0,0,0,0,0,0,0,0,0,0
LGA18020,0,0,0,0,0,0,3,3,0,6,0,0,0,0,0,0,0,0,0,3,0,0,3,15,0,3,4,0,0,26,0,0,0,4,0,0,0,0,0,3,0,0,0,0,0,0,0,0,0,0,0,0,0,0,0,0,0,0,0,0,0,0,0,0,0,0,0,0,0,3,0,0,0,0,4,0,0,3,0,8,0,0,0,0,0,0,0,0,0,0,0,0,0,4,0,0,0,0,0,7,0,0,0,0,0,0,0,0,0,0,0,0,0,0,0,3,3,0,0,10,0,0,0,0,0,0,0,0,0,0,0,0,0,0,0,0,0,0,0,0,0,0,0,0,0,0,0,0,0,0,0,0,0,3,0,0,0,0,0,0,0,0,0,0,4,3,13,0,0,26,0,0,0,13,3,14,19,3,0,64,0,0,0,0,0,3,3,0,0,3,0,0,0,3,0,0,0,0,0,3
LGA18050,3,3,0,11,13,29,54,64,28,211,9,23,27,72,38,27,10,12,6,216,10,10,13,117,36,33,45,26,17,305,0,0,14,77,18,24,22,8,4,173,0,0,3,47,17,16,13,6,0,98,0,0,0,11,3,0,13,10,3,34,0,9,44,802,80,37,27,20,8,1024,3,9,51,488,48,32,61,91,50,831,3,5,30,172,45,23,11,9,0,306,0,7,16,102,12,15,3,3,3,168,0,0,3,16,27,14,11,8,4,82,3,0,8,60,34,22,15,7,0,153,0,0,0,3,3,6,27,18,4,60,0,0,0,18,5,10,3,0,0,32,0,0,0,5,3,0,0,4,9,16,0,0,5,37,0,0,0,0,0,52,0,5,9,93,23,14,19,18,9,181,5,38,93,933,331,198,97,42,15,1754,0,0,7,62,14,15,8,4,0,108,0,0,0,13,5,8,0,0,0,28
LGA18100,0,0,0,0,0,0,3,0,0,7,0,0,0,0,0,0,0,0,0,0,0,0,0,4,0,0,0,0,0,9,0,0,0,0,0,0,0,0,0,0,0,0,0,0,0,0,0,0,0,0,0,0,0,0,0,0,0,0,0,0,0,0,0,0,0,0,0,0,0,0,0,0,0,0,0,0,0,0,0,3,0,0,0,0,0,0,0,0,0,0,0,0,0,0,0,0,0,0,0,0,0,0,0,0,0,0,0,0,0,0,0,0,0,3,0,0,0,0,0,3,0,0,0,0,0,0,3,0,0,3,0,0,0,0,0,0,0,0,0,0,0,0,0,0,0,0,0,0,0,0,0,0,0,0,0,0,0,0,0,0,0,0,0,0,0,0,7,0,0,9,0,0,0,8,3,7,0,0,0,21,0,0,0,0,0,0,0,0,0,0,0,0,0,0,0,0,0,0,0,0
LGA18200,0,0,0,0,0,0,0,0,0,0,0,0,0,0,0,0,0,0,0,0,0,0,4,3,3,0,0,0,0,8,0,0,0,0,0,0,0,0,0,0,0,0,0,0,0,0,0,0,0,0,0,0,0,0,0,0,0,0,0,0,0,0,0,0,0,0,0,0,0,0,0,0,0,0,3,9,13,8,5,46,0,0,0,0,0,0,0,0,0,0,0,0,0,0,0,0,0,0,0,0,0,0,0,0,0,0,0,0,0,0,0,0,0,3,0,0,0,0,0,3,0,0,0,0,0,0,0,0,0,3,0,0,0,0,0,0,0,0,0,0,0,0,0,0,0,0,0,0,0,0,0,0,0,0,0,0,0,0,0,0,0,0,0,0,0,3,5,0,0,9,0,3,5,17,14,17,10,0,0,65,0,3,0,0,0,0,0,0,0,5,0,0,0,0,0,0,0,0,0,0
LGA18230,0,0,0,3,3,6,9,8,0,28,0,0,3,5,3,6,3,0,0,26,14,34,15,259,27,18,5,4,0,371,4,0,3,13,0,3,4,0,0,27,0,0,0,24,0,3,0,0,0,27,0,0,0,8,0,0,0,0,0,9,0,9,0,18,5,4,3,4,3,43,0,3,0,4,0,5,13,7,6,41,0,3,0,3,0,0,0,0,0,9,0,0,9,36,0,0,3,0,0,49,0,0,0,5,3,9,7,3,0,27,0,0,3,15,10,9,4,3,0,43,0,0,0,0,0,3,6,0,0,8,0,0,0,0,7,0,0,0,0,5,0,0,0,4,0,0,0,0,0,9,0,13,14,179,3,0,0,0,0,208,0,0,0,6,3,7,20,14,6,66,0,18,38,120,75,53,60,17,4,397,0,6,4,9,3,8,4,0,0,28,9,9,11,39,4,3,0,0,0,72
LGA18250,0,0,0,5,7,17,55,50,14,146,43,105,226,940,357,429,252,102,18,2474,72,181,65,1242,126,86,68,32,19,1895,3,19,93,346,69,68,32,25,5,666,3,14,24,253,78,81,64,30,15,561,0,0,0,11,8,6,0,10,5,42,3,12,0,132,68,37,28,15,14,308,0,0,14,49,24,48,119,139,75,470,57,150,96,595,336,120,53,16,5,1425,32,113,390,1072,340,151,76,26,7,2199,0,0,3,36,61,64,64,34,11,272,10,43,64,444,171,148,114,44,19,1053,0,0,0,0,8,4,3,3,3,22,0,0,0,18,5,9,5,4,0,47,0,0,8,17,5,4,3,7,4,42,0,15,60,272,11,4,0,3,0,362,9,11,9,30,23,18,21,13,10,143,18,91,111,430,305,234,130,40,26,1381,0,0,0,20,24,13,4,5,3,56,8,11,7,79,12,6,11,0,0,130
LGA18350,0,3,0,6,8,16,24,16,3,70,0,6,31,9,4,12,11,4,0,78,3,14,12,94,12,24,22,18,0,200,0,0,3,8,8,3,8,3,4,36,0,0,0,7,5,3,0,0,0,19,0,0,0,0,3,3,3,0,0,10,0,4,3,17,24,23,30,21,5,117,0,3,4,20,20,30,54,31,13,180,3,3,0,8,8,4,10,0,0,33,0,0,9,9,3,3,0,0,0,28,3,0,0,5,13,3,9,3,0,33,0,3,4,6,12,9,11,0,0,44,0,0,0,0,3,18,31,10,0,63,0,0,0,4,0,3,0,0,0,8,0,0,0,0,0,0,0,0,0,8,0,9,8,116,0,3,0,0,0,131,0,0,0,10,12,35,78,43,13,196,3,21,29,137,128,151,173,71,14,716,0,0,0,3,10,7,25,9,3,53,0,0,0,0,0,0,3,3,0,10
LGA18400,0,0,0,3,10,21,17,10,0,63,0,0,5,4,9,3,0,0,0,24,0,0,4,19,4,13,10,3,4,65,0,0,0,4,0,6,3,6,0,21,0,0,0,5,8,3,7,3,0,15,0,0,0,3,0,3,4,0,0,19,0,6,4,36,26,27,26,7,0,147,0,0,0,14,22,45,67,38,18,206,0,0,3,8,0,0,0,0,0,9,0,0,4,7,3,0,0,0,0,18,0,0,5,20,35,25,11,9,0,115,0,0,3,10,5,5,5,0,0,33,0,0,0,15,11,55,71,7,4,166,0,0,0,4,9,0,8,0,0,20,0,0,0,0,0,0,0,3,0,3,0,0,0,5,0,0,0,0,0,4,0,0,3,7,14,44,44,20,7,134,5,18,19,147,122,93,48,16,0,473,0,0,0,12,16,8,17,3,3,60,0,0,0,8,0,0,0,0,0,15
LGA18450,0,11,6,22,50,134,186,225,88,723,0,3,60,59,23,43,12,0,0,203,22,93,259,756,114,81,65,47,14,1442,13,22,38,146,44,30,15,3,0,307,7,15,49,242,33,36,8,7,3,399,27,93,47,192,50,18,14,4,0,438,0,58,12,123,78,48,68,58,15,472,4,12,17,88,149,455,639,870,386,2617,4,13,30,64,32,19,12,6,0,173,6,19,62,142,53,19,8,3,0,308,6,13,28,182,146,121,82,25,18,617,3,19,153,93,52,50,28,18,3,415,0,3,0,10,28,84,129,109,25,389,0,0,0,3,6,9,3,3,0,34,3,14,31,95,22,13,11,3,0,207,3,0,13,59,4,0,3,0,0,76,0,12,7,34,47,115,283,171,78,739,14,135,223,700,450,334,191,84,30,2158,0,11,3,24,27,31,50,34,11,184,0,15,59,138,16,15,4,0,0,260
LGA18500,3,0,3,13,12,21,45,42,25,173,9,94,75,97,64,62,36,15,0,444,4,6,8,69,45,36,42,28,10,243,0,7,14,49,23,17,14,5,5,132,0,0,0,59,21,10,22,3,0,118,0,0,0,7,6,3,10,14,9,43,0,6,9,268,38,21,23,13,3,388,0,3,15,125,33,35,63,56,23,344,3,6,16,58,31,17,18,4,0,154,0,4,11,68,23,17,7,0,0,130,0,0,0,12,24,7,6,3,5,66,0,6,14,76,50,48,33,6,3,242,0,0,0,0,4,11,10,0,0,27,0,0,3,12,3,0,3,0,0,17,0,0,0,4,0,3,4,3,3,14,3,0,7,8,0,0,0,0,0,22,0,3,3,59,12,5,40,10,0,135,5,43,104,559,288,253,163,60,21,1501,0,0,0,29,12,4,5,3,0,60,0,0,0,5,3,3,0,0,0,18
LGA18710,0,0,0,0,0,6,3,0,0,14,0,3,0,0,0,0,0,0,0,8,0,0,3,6,4,3,3,0,0,23,0,0,0,3,0,0,0,0,0,8,0,0,0,0,0,0,0,0,0,0,0,0,0,0,0,0,0,0,0,0,0,13,3,13,3,3,3,4,0,43,0,0,0,4,0,3,7,9,0,18,0,0,0,3,0,0,3,0,0,8,0,0,0,0,0,3,0,0,0,3,0,0,0,0,3,4,0,0,0,9,0,0,0,6,3,0,5,0,0,13,0,0,0,0,0,0,3,0,0,5,0,0,0,0,0,0,0,0,0,0,0,0,0,0,0,0,0,0,0,0,0,0,0,0,0,0,0,0,0,0,0,0,0,13,3,17,17,3,6,64,3,8,18,55,41,35,17,9,0,189,0,0,0,3,3,0,3,3,0,10,0,0,0,7,0,0,0,0,0,8
LGA19399,0,0,0,0,0,0,0,0,0,0,0,0,0,0,3,0,0,0,0,3,0,0,0,0,0,0,0,0,0,0,0,0,0,0,0,0,0,0,0,0,0,0,0,0,0,0,0,0,0,0,0,0,0,0,0,0,0,0,0,0,0,0,0,0,0,0,0,0,0,0,0,0,0,0,0,0,0,0,0,0,0,0,0,0,0,0,0,0,0,0,0,0,0,0,0,0,0,0,0,0,0,0,0,0,0,0,0,0,0,0,0,0,0,0,0,0,0,0,0,0,0,0,0,0,0,0,0,0,0,0,0,0,0,0,0,0,0,0,0,0,0,0,0,0,0,0,0,0,0,0,0,0,0,0,0,0,0,0,0,0,0,0,0,0,0,0,0,0,0,0,0,0,0,7,7,0,3,0,3,22,0,0,0,0,0,0,0,0,0,0,0,0,0,0,0,0,0,0,0,0
LGA19499,0,0,0,3,3,3,3,3,0,10,0,0,16,23,3,0,0,0,0,39,4,3,20,100,3,3,0,3,0,140,0,0,11,14,9,4,4,0,0,35,0,0,0,16,3,0,0,0,0,20,0,3,5,14,7,3,0,0,0,36,0,0,8,21,7,3,3,0,0,45,0,0,8,21,3,9,3,0,3,49,0,0,3,6,0,0,0,0,0,12,0,0,13,21,3,0,0,0,0,39,0,0,0,14,15,0,3,3,0,33,0,0,3,29,9,7,0,0,0,43,0,0,0,0,0,0,7,0,0,12,0,0,0,0,0,3,0,0,0,9,0,0,0,7,0,0,0,0,0,7,0,0,11,15,0,0,0,0,0,30,0,0,7,8,3,8,18,0,0,48,9,9,34,101,64,60,48,9,0,324,0,0,4,6,4,0,0,0,0,14,4,3,4,22,0,0,0,0,0,32
LGA19799,0,0,0,0,0,0,0,0,0,0,0,0,0,0,0,3,0,0,0,5,0,0,0,0,0,0,0,0,0,0,0,0,0,0,0,0,0,0,0,0,0,0,0,0,0,0,0,0,0,0,0,0,0,0,0,0,0,0,0,0,0,0,0,0,0,0,5,0,0,3,0,0,0,0,0,0,0,4,0,7,0,0,0,0,0,0,0,0,0,0,0,0,0,0,0,0,3,0,0,3,0,0,0,0,0,0,0,0,0,0,0,0,0,0,0,0,0,0,0,0,0,0,0,0,0,3,0,0,0,3,0,0,0,0,0,0,0,0,0,0,0,0,0,0,0,0,0,0,0,0,0,0,0,0,0,0,0,0,0,0,0,0,0,0,0,0,3,0,0,3,0,0,0,7,0,3,9,0,0,18,0,0,0,0,0,0,0,0,0,0,0,0,0,0,0,0,0,0,0,0
