LGA_CODE_2016,F_Vietnam_0_4,F_Vietnam_5_14,F_Vietnam_15_24,F_Vietnam_25_44,F_Vietnam_45_54,F_Vietnam_55_64,F_Vietnam_65_74,F_Vietnam_75_84,F_Vietnam_85ov,F_Vietnam_Tot,F_Wales_0_4,F_Wales_5_14,F_Wales_15_24,F_Wales_25_44,F_Wales_45_54,F_Wales_55_64,F_Wales_65_74,F_Wales_75_84,F_Wales_85ov,F_Wales_Tot,F_Zimbabwe_0_4,F_Zimbabwe_5_14,F_Zimbabwe_15_24,F_Zimbabwe_25_44,F_Zimbabwe_45_54,F_Zimbabwe_55_64,F_Zimbabwe_65_74,F_Zimbabwe_75_84,F_Zimbabwe_85ov,F_Zimbabwe_Tot,F_Elsewhere_0_4,F_Elsewhere_5_14,F_Elsewhere_15_24,F_Elsewhere_25_44,F_Elsewhere_45_54,F_Elsewhere_55_64,F_Elsewhere_65_74,F_Elsewhere_75_84,F_Elsewhere_85ov,F_Elsewhere_Tot,F_COB_NS_0_4,F_COB_NS_5_14,F_COB_NS_15_24,F_COB_NS_25_44,F_COB_NS_45_54,F_COB_NS_55_64,F_COB_NS_65_74,F_COB_NS_75_84,F_COB_NS_85ov,F_COB_NS_Tot,F_Tot_0_4,F_Tot_5_14,F_Tot_15_24,F_Tot_25_44,F_Tot_45_54,F_Tot_55_64,F_Tot_65_74,F_Tot_75_84,F_Tot_85ov,F_Tot_Tot,P_Afghanistan_0_4,P_Afghanistan_5_14,P_Afghanistan_15_24,P_Afghanistan_25_44,P_Afghanistan_45_54,P_Afghanistan_55_64,P_Afghanistan_65_74,P_Afghanistan_75_84,P_Afghanistan_85ov,P_Afghanistan_Tot,P_Australia_0_4,P_Australia_5_14,P_Australia_15_24,P_Australia_25_44,P_Australia_45_54,P_Australia_55_64,P_Australia_65_74,P_Australia_75_84,P_Australia_85ov,P_Australia_Tot,P_Bangladesh_0_4,P_Bangladesh_5_14,P_Bangladesh_15_24,P_Bangladesh_25_44,P_Bangladesh_45_54,P_Bangladesh_55_64,P_Bangladesh_65_74,P_Bangladesh_75_84,P_Bangladesh_85ov,P_Bangladesh_Tot,P_Bosnia_Herzegov_0_4,P_Bosnia_Herzegov_5_14,P_Bosnia_Herzegov_15_24,P_Bosnia_Herzegov_25_44,P_Bosnia_Herzegov_45_54,P_Bosnia_Herzegov_55_64,P_Bosnia_Herzegov_65_74,P_Bosnia_Herzegov_75_84,P_Bosnia_Herzegov_85ov,P_Bosnia_Herzegov_Tot,P_Cambodia_0_4,P_Cambodia_5_14,P_Cambodia_15_24,P_Cambodia_25_44,P_Cambodia_45_54,P_Cambodia_55_64,P_Cambodia_65_74,P_Cambodia_75_84,P_Cambodia_85ov,P_Cambodia_Tot,P_Canada_0_4,P_Canada_5_14,P_Canada_15_24,P_Canada_25_44,P_Canada_45_54,P_Canada_55_64,P_Canada_65_74,P_Canada_75_84,P_Canada_85ov,P_Canada_Tot,P_Chile_0_4,P_Chile_5_14,P_Chile_15_24,P_Chile_25_44,P_Chile_45_54,P_Chile_55_64,P_Chile_65_74,P_Chile_75_84,P_Chile_85ov,P_Chile_Tot,P_China_0_4,P_China_5_14,P_China_15_24,P_China_25_44,P_China_45_54,P_China_55_64,P_China_65_74,P_China_75_84,P_China_85ov,P_China_Tot,P_Croatia_0_4,P_Croatia_5_14,P_Croatia_15_24,P_Croatia_25_44,P_Croatia_45_54,P_Croatia_55_64,P_Croatia_65_74,P_Croatia_75_84,P_Croatia_85ov,P_Croatia_Tot,P_Egypt_0_4,P_Egypt_5_14,P_Egypt_15_24,P_Egypt_25_44,P_Egypt_45_54,P_Egypt_55_64,P_Egypt_65_74,P_Egypt_75_84,P_Egypt_85ov,P_Egypt_Tot,P_England_0_4,P_England_5_14,P_England_15_24,P_England_25_44,P_England_45_54,P_England_55_64,P_England_65_74,P_England_75_84,P_England_85ov,P_England_Tot,P_Fiji_0_4,P_Fiji_5_14,P_Fiji_15_24,P_Fiji_25_44,P_Fiji_45_54,P_Fiji_55_64,P_Fiji_65_74,P_Fiji_75_84,P_Fiji_85ov,P_Fiji_Tot,P_France_0_4,P_France_5_14,P_France_15_24,P_France_25_44,P_France_45_54,P_France_55_64,P_France_65_74,P_France_75_84,P_France_85ov,P_France_Tot,P_Germany_0_4,P_Germany_5_14,P_Germany_15_24,P_Germany_25_44,P_Germany_45_54,P_Germany_55_64,P_Germany_65_74,P_Germany_75_84,P_Germany_85ov,P_Germany_Tot
LGA10050,0,0,0,13,0,0,3,0,0,22,0,0,0,0,3,3,3,0,0,17,0,3,3,10,0,3,0,0,0,17,0,26,34,168,72,50,60,48,15,463,109,152,223,475,224,281,224,233,105,2034,1594,3117,3447,6533,3329,3327,2573,1659,841,26411,0,0,6,4,0,0,0,0,0,9,3023,5651,5909,10041,5219,5088,3672,2044,940,41590,3,10,3,66,4,0,0,0,0,81,0,0,0,0,0,0,0,0,0,9,0,0,0,3,0,0,0,0,0,9,0,0,0,16,14,7,3,0,0,48,0,0,0,0,6,0,4,0,0,15,3,8,10,63,19,11,4,4,0,116,0,0,0,0,4,7,13,17,3,48,0,3,0,8,0,3,3,0,0,22,6,32,41,126,195,208,217,128,64,1012,0,0,3,15,6,11,3,0,0,41,0,0,0,4,6,0,0,0,0,19,0,0,3,16,19,45,97,48,20,248
LGA10130,0,4,4,18,0,0,0,0,0,30,0,5,0,4,4,0,3,0,4,15,0,0,3,5,0,3,0,0,0,16,14,47,40,115,27,22,19,13,3,297,53,92,241,263,177,155,127,104,43,1250,825,1833,2725,3402,1889,1840,1400,893,426,15220,0,0,0,0,0,0,0,0,0,0,1507,3216,4374,4764,2832,2831,2131,1235,517,23396,0,6,3,34,5,4,0,0,0,55,0,0,0,0,0,0,0,0,0,0,0,0,0,0,0,0,0,0,0,0,0,0,7,16,9,6,8,3,0,54,0,0,0,3,5,0,0,0,0,9,3,7,145,98,25,0,4,0,0,277,0,0,0,0,0,0,0,0,0,5,0,0,0,0,0,0,0,0,0,3,4,19,35,66,90,114,148,77,15,566,0,0,4,9,11,6,0,3,0,33,0,3,0,16,3,4,0,0,0,29,0,3,13,13,22,22,17,7,8,103
LGA10250,0,0,0,11,0,0,0,0,0,15,0,0,0,3,5,6,4,12,0,29,0,0,0,3,10,4,3,0,0,21,3,9,10,59,38,29,31,18,11,206,70,135,108,308,234,263,220,179,152,1660,997,2294,1925,4308,3060,3398,2805,1773,1104,21658,0,0,0,0,0,0,0,0,0,0,1918,4375,3529,6609,4515,5144,4200,2403,1296,33984,0,0,0,3,0,0,0,0,0,3,0,0,0,0,0,0,0,0,0,0,0,3,3,0,0,0,0,0,0,4,3,3,5,28,15,11,20,7,0,91,0,0,0,11,7,3,8,3,0,30,0,5,6,23,15,4,4,4,0,62,0,0,0,0,3,0,0,6,0,12,0,0,0,0,0,3,3,0,0,5,14,55,35,194,256,230,325,215,93,1421,0,0,0,17,8,13,8,3,3,44,0,3,3,25,4,8,3,0,3,44,0,0,3,21,13,17,44,25,6,141
LGA10300,0,0,0,0,0,0,0,0,0,0,0,0,0,0,0,0,0,0,0,0,0,0,0,0,0,0,0,0,0,0,0,0,6,7,0,0,0,0,0,12,3,21,13,29,12,23,7,12,4,131,71,162,111,262,132,186,86,76,22,1115,0,0,0,0,0,0,0,0,0,0,137,298,221,403,241,293,157,93,23,1869,0,0,0,0,0,0,0,0,0,0,0,0,0,0,0,0,0,0,0,0,0,0,0,0,0,0,0,0,0,0,0,0,0,0,0,0,0,0,0,0,0,0,0,0,0,0,0,0,0,0,0,0,0,0,0,0,0,0,0,4,0,0,0,0,0,0,0,0,0,0,0,0,0,0,0,0,0,0,0,0,0,0,0,0,0,6,3,0,0,18,0,0,0,3,0,0,0,0,0,14,0,0,0,0,0,0,0,0,0,0,0,0,0,0,0,0,0,0,0,3
LGA10470,0,0,0,13,6,0,0,0,0,24,0,0,0,0,6,4,0,3,0,11,0,0,3,3,7,6,0,0,0,13,0,6,18,37,23,18,15,8,8,132,52,129,274,313,198,220,194,158,122,1670,1209,2691,3000,4833,2665,2517,1951,1137,600,20605,0,3,0,9,0,0,0,0,0,9,2393,5147,5284,8423,4246,4030,2908,1489,616,34538,0,3,3,22,0,3,0,0,0,37,0,0,0,0,0,0,3,0,0,9,0,0,0,6,0,0,0,0,0,10,0,4,3,17,13,4,7,3,0,58,0,0,0,3,3,0,3,0,0,12,0,5,17,53,17,14,9,0,0,121,0,0,0,3,3,6,5,3,0,21,0,0,7,11,0,0,3,0,0,19,0,17,48,102,124,162,202,109,37,802,0,3,4,12,12,12,6,0,0,49,0,0,0,5,7,3,4,0,0,27,0,0,0,13,13,12,39,15,4,99
LGA10550,0,0,0,8,3,0,0,0,0,12,0,0,0,0,0,4,9,3,0,14,0,0,0,0,0,0,0,0,0,7,0,3,0,36,35,36,48,27,4,187,39,124,107,263,242,282,227,151,93,1520,718,1844,1451,2953,2450,3174,2504,1298,621,17001,0,0,0,0,0,0,0,0,0,0,1373,3469,2693,4617,3632,4709,3570,1710,668,26446,0,0,0,3,0,0,0,0,0,3,0,0,0,0,0,0,0,0,0,0,0,0,0,0,0,3,0,0,0,4,0,3,3,19,7,8,10,3,0,54,0,0,0,0,3,6,3,0,0,12,0,4,0,13,10,0,0,5,0,37,0,0,0,0,0,0,6,6,0,16,0,0,0,3,0,4,3,0,3,14,3,19,18,79,188,364,464,223,86,1437,0,0,0,3,3,0,0,0,0,16,0,0,0,8,10,3,3,7,0,25,0,6,0,14,33,48,83,40,16,238
LGA10600,0,0,0,3,0,0,0,0,0,3,0,0,0,0,6,8,3,0,3,18,0,0,0,0,3,5,0,0,0,7,0,0,0,18,10,14,20,9,3,90,16,52,25,92,77,90,86,50,31,522,304,801,521,1184,1002,1161,857,477,233,6548,0,0,0,0,0,0,0,0,0,0,571,1433,1007,1854,1400,1721,1241,670,268,10173,0,0,0,0,0,0,0,0,0,0,0,0,0,0,0,0,0,0,0,0,0,0,0,0,0,0,0,0,0,0,0,0,0,7,4,4,4,3,3,28,0,0,0,6,0,0,0,0,0,10,0,0,0,0,3,0,0,0,0,8,0,0,0,0,0,0,0,0,0,0,0,0,0,0,0,0,0,0,0,3,3,18,16,54,110,117,146,73,30,568,0,0,0,3,0,4,0,0,0,8,0,3,0,6,3,4,9,0,0,26,0,3,0,6,7,30,31,10,6,91
LGA10650,0,0,0,0,0,0,0,0,0,0,0,0,0,0,0,0,0,0,0,0,0,0,0,0,0,0,0,0,0,5,3,0,0,7,6,6,7,6,0,32,18,38,36,87,59,79,74,44,27,465,219,482,355,820,490,664,662,360,182,4236,0,0,0,0,0,0,0,0,0,0,414,855,650,1265,751,1052,1065,557,248,6866,0,0,0,0,0,0,0,0,0,0,0,0,0,0,0,0,0,0,0,0,0,0,0,0,0,0,0,0,0,0,0,4,3,3,0,0,0,0,0,11,0,0,0,0,0,0,0,0,0,0,0,0,0,4,7,0,0,0,0,10,0,0,0,0,0,0,0,0,0,0,0,0,0,3,0,0,5,0,0,6,0,3,0,4,19,29,54,43,14,168,0,0,0,3,0,0,0,0,0,0,0,0,0,0,0,0,0,0,0,0,0,0,0,4,0,5,18,4,7,39
LGA10750,0,4,27,218,109,138,36,14,7,559,0,0,0,14,14,19,12,7,0,58,0,7,35,74,29,15,3,0,0,165,94,426,918,2624,1439,1133,707,399,232,7972,628,1161,1084,2712,1211,1078,830,491,203,9394,13245,24010,22285,52554,21208,17289,11152,5348,2303,169390,8,70,391,1118,337,271,111,29,8,2342,24438,40312,30721,43921,17193,12728,8033,3564,1248,182150,34,161,150,1495,322,209,52,7,0,2427,3,3,27,144,109,110,67,37,5,506,0,0,8,70,25,20,13,3,0,141,0,32,63,115,50,26,15,4,3,294,3,4,16,182,148,125,142,38,18,668,27,114,335,1898,840,822,363,186,67,4658,0,4,18,121,177,199,262,196,58,1025,18,164,149,477,283,367,316,132,51,1955,28,235,167,920,1066,1104,1044,548,171,5287,17,179,558,3009,1499,1070,532,184,35,7080,6,6,6,43,37,30,24,8,4,167,0,15,55,103,93,96,340,155,95,952
LGA10800,0,0,0,0,0,0,0,0,0,0,0,0,0,0,0,0,3,0,0,3,0,0,0,4,0,0,0,0,0,3,0,0,0,3,0,0,0,0,0,14,12,41,31,66,48,50,43,49,46,393,184,441,291,629,355,405,300,242,135,2988,0,0,0,0,0,0,0,0,0,0,323,768,517,1049,562,697,500,337,140,4890,0,0,0,0,0,0,0,0,0,0,0,0,0,0,0,0,0,0,0,0,0,0,0,0,0,0,0,0,0,0,0,3,0,3,0,0,0,0,0,10,0,0,0,0,0,0,0,0,0,0,0,0,0,3,4,0,0,0,0,10,0,0,0,0,0,0,0,0,0,0,0,0,0,0,0,0,0,0,0,0,0,3,3,4,12,22,19,10,7,73,0,0,0,0,0,0,0,0,0,0,0,0,0,0,0,0,0,0,0,0,0,0,0,0,0,3,0,0,0,6
LGA10850,0,0,0,0,0,0,0,0,0,0,0,0,0,0,0,0,0,0,0,3,0,0,0,0,0,0,0,0,0,3,0,0,0,9,0,3,3,0,0,17,8,29,25,78,42,46,30,29,7,295,212,520,393,845,508,488,371,216,96,3647,0,0,0,0,0,0,0,0,0,0,429,983,710,1356,848,819,591,328,138,6206,0,0,0,0,0,0,0,0,0,0,0,0,0,0,0,0,0,0,0,0,0,0,0,0,0,0,0,0,0,0,0,0,0,0,3,0,0,0,0,3,0,0,0,0,0,0,0,0,0,0,0,0,0,3,3,0,0,0,0,11,0,0,0,0,0,0,0,0,0,0,0,0,0,0,0,0,0,0,0,0,0,5,3,17,30,26,42,24,3,151,0,0,0,0,0,0,0,0,0,0,0,0,0,0,0,3,0,0,0,4,0,0,0,0,0,4,16,0,0,23
LGA10900,0,0,22,31,12,7,3,0,0,71,0,0,0,3,16,10,23,12,3,68,0,0,0,3,3,4,0,0,0,13,7,12,33,180,132,136,155,74,38,761,70,163,160,404,302,340,316,172,72,1994,2067,4782,4067,8652,5767,6209,4891,2261,1079,39782,0,0,0,0,3,0,0,0,0,7,4036,9158,7551,13545,7963,8365,5853,2532,1034,60029,0,0,0,0,0,0,0,0,0,6,0,0,0,6,0,5,0,3,0,17,0,0,6,17,4,4,3,0,0,37,0,16,7,66,38,40,22,9,0,197,0,3,3,23,27,12,18,8,0,101,0,13,19,58,47,37,26,19,4,214,0,0,0,3,14,19,17,19,3,74,0,0,0,0,4,15,20,10,5,52,8,93,94,474,869,1019,1111,512,206,4385,0,0,3,15,25,20,14,3,3,81,3,0,3,22,19,29,17,8,5,102,4,7,3,51,92,83,198,93,33,557
LGA10950,0,0,0,0,0,0,0,0,0,0,0,0,0,0,0,0,0,0,0,0,0,0,0,0,0,0,0,0,0,3,0,0,0,3,0,3,0,0,0,6,17,16,14,40,16,18,12,4,11,154,115,161,160,301,180,137,152,93,39,1334,0,0,0,0,0,0,0,0,0,0,170,298,280,480,325,226,240,161,46,2233,0,0,0,0,0,0,0,0,0,0,0,0,0,0,0,0,0,0,0,0,0,0,0,0,0,0,0,0,0,0,0,0,0,0,0,0,0,0,0,0,0,0,0,0,0,0,0,0,0,0,0,0,0,3,0,0,0,0,0,3,0,0,0,0,0,0,0,0,0,0,0,0,0,0,0,0,0,0,0,0,0,0,0,0,0,3,5,3,0,20,0,3,0,3,0,0,0,0,0,7,0,0,0,0,0,0,0,0,0,0,0,0,0,0,0,0,0,0,0,4
LGA11100,4,3,17,73,28,22,13,0,0,161,0,0,0,8,4,0,0,0,0,16,0,0,3,10,3,0,0,0,0,17,13,35,100,593,225,274,242,125,57,1650,81,150,205,548,191,191,132,97,40,1623,1405,2434,3144,7935,2895,2241,1770,1101,497,23420,0,0,0,13,7,3,3,0,0,25,2564,4188,3577,6344,2531,1603,979,595,296,22686,17,61,108,688,182,109,18,3,0,1182,0,0,3,19,11,15,10,5,0,63,0,0,8,22,14,15,0,0,0,59,3,4,4,43,10,5,4,0,0,66,0,5,12,72,54,53,85,31,4,319,15,31,1010,1008,238,185,100,75,27,2689,0,0,0,12,23,20,46,58,11,168,0,0,6,21,20,68,115,99,45,370,4,36,63,369,249,136,108,50,25,1037,0,3,11,84,63,50,35,18,0,259,0,8,5,49,22,8,4,0,0,95,0,3,6,37,18,14,29,15,5,124
LGA11150,0,0,0,0,0,0,0,0,0,0,0,0,0,0,0,0,0,0,0,0,0,0,0,0,0,0,0,0,0,0,0,0,0,3,0,3,0,3,0,6,17,32,19,68,52,30,22,21,8,270,109,195,147,352,199,132,96,58,27,1329,0,0,0,0,0,0,0,0,0,0,176,324,231,489,282,225,150,69,24,1969,0,0,0,0,0,0,0,0,0,0,0,0,0,0,0,0,0,0,0,0,0,0,0,0,0,0,0,0,0,0,0,0,0,0,0,0,0,0,0,0,0,0,0,0,0,0,0,0,0,0,0,0,0,0,0,0,0,0,0,0,0,0,0,0,0,0,0,0,0,0,0,0,0,0,0,0,0,0,0,0,0,0,0,3,5,3,5,3,0,18,0,0,0,0,0,0,0,0,0,0,0,0,0,0,0,0,0,0,0,0,0,0,0,0,0,0,0,0,0,3
LGA11200,0,0,0,0,0,0,0,0,0,0,0,0,0,0,0,0,0,0,0,0,0,0,0,0,0,0,0,0,0,0,0,0,0,0,0,0,0,0,0,4,3,10,6,19,19,18,4,4,0,81,53,125,111,190,131,106,51,23,15,802,0,0,0,0,0,0,0,0,0,0,112,234,198,333,236,175,99,42,15,1448,0,0,0,0,0,0,0,0,0,0,0,0,0,0,0,0,0,0,0,0,0,0,0,0,0,0,0,0,0,0,0,0,0,0,0,0,0,0,0,0,0,0,0,0,0,0,0,0,0,0,0,0,0,0,0,0,0,0,0,0,0,0,0,0,0,0,0,0,0,0,0,0,0,0,0,0,0,0,0,0,0,0,0,0,3,6,0,0,0,8,0,0,0,0,0,0,0,0,0,0,0,0,0,0,0,0,0,0,0,0,0,0,0,0,0,0,0,0,0,0
LGA11250,0,0,0,3,0,0,0,0,0,3,0,0,0,0,0,0,0,0,0,0,0,0,0,0,0,0,0,0,0,4,0,0,3,9,3,0,3,0,0,27,31,50,58,179,86,132,116,77,53,788,478,981,920,2044,1167,1344,1038,716,398,9091,0,0,0,0,0,0,0,0,0,0,911,1823,1763,3415,2009,2282,1670,1011,485,15364,0,0,0,4,0,0,0,0,0,3,0,0,0,0,0,0,0,0,0,3,0,0,0,0,0,0,0,0,0,0,0,0,0,0,3,0,0,0,0,7,0,0,0,0,0,0,0,0,0,0,0,0,0,3,4,0,0,0,0,9,0,0,0,0,0,0,0,5,3,7,0,0,0,0,0,0,0,0,0,0,0,3,0,24,32,43,35,12,8,154,0,0,0,6,0,0,0,0,0,6,0,0,0,3,0,4,0,0,0,7,0,0,0,0,4,7,17,5,3,33
LGA11300,0,8,80,172,86,70,34,16,4,468,0,0,0,0,0,0,0,0,0,3,0,0,0,0,0,0,0,0,0,0,5,16,37,179,70,84,67,62,44,562,47,52,157,352,107,105,77,69,55,1019,818,1567,3344,6174,2267,1913,1326,1019,601,19028,0,0,0,3,0,0,0,0,0,3,1425,2531,2631,3321,1514,1085,599,390,280,13758,0,0,16,67,3,3,5,0,0,93,0,0,0,9,4,4,3,3,0,28,0,0,6,22,7,12,5,3,0,58,0,0,9,16,4,0,0,3,0,32,0,0,0,15,10,10,14,3,3,55,34,124,1953,2952,1027,784,316,257,125,7576,0,0,3,3,17,25,45,73,12,172,0,0,3,15,9,24,25,10,7,96,0,21,18,93,71,68,60,20,24,382,0,3,8,39,30,35,16,6,4,135,0,0,10,14,4,7,9,3,4,47,0,3,5,12,13,4,34,8,9,84
LGA11350,0,4,0,8,3,0,0,0,0,12,0,0,0,3,4,3,3,0,0,17,0,0,0,3,4,4,0,0,0,12,4,13,31,184,71,60,31,7,11,417,85,220,180,581,376,391,226,100,70,2222,775,1858,1379,4168,2614,2785,1615,703,450,16361,0,0,0,0,0,0,0,0,0,0,1348,3090,2167,4937,3085,3569,2080,837,448,21560,0,0,0,0,0,0,0,0,0,0,0,0,0,0,0,0,0,0,0,0,0,0,0,0,0,0,0,0,0,3,3,5,9,75,27,26,14,0,0,160,0,0,0,13,8,14,0,0,0,38,0,3,0,3,4,3,4,4,0,20,0,0,0,0,0,5,4,3,0,9,0,0,0,0,0,3,3,3,0,17,9,59,57,322,353,351,308,98,54,1620,0,0,0,10,0,8,3,0,0,19,0,3,5,65,19,15,16,8,0,131,3,13,11,78,66,89,61,17,4,341
LGA11400,0,0,0,0,0,0,0,0,0,0,0,0,0,0,0,0,0,0,0,3,0,0,3,0,0,0,0,0,0,7,0,0,0,12,3,4,9,3,0,33,17,55,49,111,81,72,79,46,23,543,402,1012,688,1423,957,868,771,401,188,6699,0,0,0,0,0,0,0,0,0,0,785,1911,1286,2362,1569,1479,1257,621,249,11515,0,0,0,0,0,0,0,0,0,0,0,0,0,0,0,3,0,0,0,3,0,0,0,0,0,0,0,0,0,0,0,0,0,0,4,0,0,0,0,10,0,0,0,0,0,0,0,0,0,0,0,0,0,4,0,0,6,0,0,8,0,0,0,0,0,4,0,5,0,10,0,0,0,0,0,0,0,0,0,0,0,3,3,36,39,64,66,41,9,260,0,0,0,0,0,0,0,0,0,0,0,3,0,0,0,0,0,0,0,5,0,0,3,3,0,4,16,5,3,36
LGA11450,0,9,7,48,19,11,0,3,0,89,0,0,3,7,14,4,7,6,5,43,0,5,21,31,10,7,0,0,0,80,7,17,33,340,206,152,73,44,19,892,146,208,230,616,251,231,165,102,63,2000,3221,5939,5056,12326,5015,3852,2571,1258,652,39884,0,0,11,52,16,9,3,4,0,93,6196,11241,8949,18047,6634,4669,2901,1310,605,60543,0,3,9,44,4,9,0,0,0,68,0,0,4,52,18,23,3,0,0,98,0,0,5,52,9,5,7,0,3,81,8,3,15,44,8,9,10,0,0,98,0,3,4,81,71,40,32,13,0,249,6,16,37,235,95,63,36,6,0,493,0,3,3,27,33,40,46,28,4,192,0,8,7,50,22,29,33,5,0,158,14,71,96,403,568,519,462,230,95,2454,0,14,43,286,111,58,32,0,0,541,0,3,3,16,5,5,3,3,0,43,0,3,15,33,31,44,89,26,20,257
LGA11500,5,15,33,236,91,80,21,13,5,490,0,0,0,12,10,24,15,3,0,58,0,9,33,36,20,7,5,0,0,107,29,166,256,1248,880,643,430,170,63,3883,311,598,644,1453,644,667,538,309,287,5448,5627,10833,10886,22918,10185,9630,6214,2609,1096,79999,0,10,42,127,39,30,22,5,0,266,10572,18639,16713,23981,9279,9669,5742,2021,694,97314,33,175,280,2004,562,259,33,9,3,3354,0,3,7,82,48,48,13,11,0,215,0,7,32,180,67,77,30,12,3,407,8,18,14,49,22,13,3,3,3,132,0,3,9,185,183,167,198,50,9,809,11,34,113,571,316,280,137,78,28,1568,0,0,9,48,60,92,112,63,11,393,9,65,50,256,119,138,108,43,12,798,17,79,48,434,765,984,979,481,129,3918,4,56,171,1131,629,408,193,69,10,2678,0,0,3,22,20,10,11,14,0,81,0,11,23,47,62,80,165,75,19,483
LGA11520,0,4,26,186,78,40,20,6,0,369,0,0,0,9,4,3,4,0,3,24,0,0,0,15,4,4,0,0,0,24,30,78,84,682,226,170,155,92,43,1575,144,201,289,1012,354,315,258,154,124,2856,2642,4358,5183,15325,6029,4953,3651,2242,1279,45666,0,0,0,8,0,0,0,0,0,14,4816,7475,6032,12884,6069,4496,2943,1336,811,46864,0,0,13,45,10,3,0,0,0,74,0,3,0,32,9,7,4,8,0,59,0,0,4,31,9,10,3,0,4,62,0,5,7,95,21,10,14,0,0,150,3,8,3,49,42,21,32,6,0,159,64,116,1937,4261,860,822,319,190,82,8647,0,0,3,23,24,27,45,40,11,162,4,15,11,76,38,83,76,49,24,367,34,106,98,746,479,330,275,113,48,2225,0,3,12,59,43,30,18,10,6,188,0,5,4,77,21,14,14,4,3,137,0,0,16,90,32,31,65,24,5,272
LGA11570,38,168,857,3691,2295,2072,717,371,172,10385,0,0,0,7,5,3,6,8,3,28,0,3,19,37,15,4,0,0,0,78,111,476,746,3292,1633,1289,952,609,270,9379,711,1145,1334,3103,1487,1227,931,718,373,11028,12163,22197,22649,50054,22350,18772,12599,8624,4568,173977,0,27,101,214,70,36,8,8,3,469,22199,38383,31461,40612,14154,10330,6916,4458,3152,171649,140,368,728,4917,602,280,37,5,4,7081,0,0,14,128,65,65,39,36,5,350,0,5,20,126,113,120,75,34,3,502,6,10,16,89,35,16,9,6,3,204,0,3,12,144,114,105,115,34,6,547,73,327,1765,6220,3901,3580,1429,1117,429,18846,0,0,12,44,82,93,173,174,35,616,68,132,121,878,371,499,435,257,97,2847,27,110,85,544,561,510,524,279,205,2841,3,32,123,750,478,484,243,98,18,2241,3,6,16,81,46,27,21,18,3,223,5,12,37,118,71,57,262,96,83,748
LGA11600,0,0,0,0,0,0,0,0,0,0,0,0,0,0,0,0,0,0,0,0,0,0,0,0,0,0,0,0,0,7,0,0,7,6,0,0,0,0,0,13,8,15,11,49,19,20,5,8,9,139,97,167,156,334,183,174,91,62,38,1303,0,0,0,0,0,0,0,0,0,0,171,306,253,473,330,323,164,105,44,2180,0,0,0,0,0,0,0,0,0,0,0,0,0,0,0,0,0,0,0,0,0,0,0,0,0,0,0,0,0,0,0,0,0,0,0,0,0,0,0,0,0,0,0,0,0,0,0,0,0,0,0,0,0,4,0,0,0,0,0,4,0,0,0,0,0,0,0,0,0,0,0,0,0,0,0,0,0,0,0,0,0,3,0,6,7,3,3,3,0,31,0,0,0,0,0,0,0,0,0,4,0,0,0,5,0,0,0,0,0,5,0,0,0,0,0,0,0,0,0,4
LGA11650,0,12,14,103,29,26,7,0,0,180,0,12,3,43,31,40,58,34,13,230,0,9,19,47,25,14,10,6,0,135,15,85,85,663,413,384,407,242,88,2384,400,855,954,2200,1468,1460,1516,1281,1013,11152,9299,19967,18718,38376,22575,22308,19339,11976,6407,168972,0,0,3,7,5,5,0,3,0,24,18079,37583,34011,59405,32401,31021,24882,14236,6756,258376,0,3,9,43,6,0,0,0,0,70,0,0,3,13,20,11,11,15,0,68,0,0,0,40,12,9,5,0,0,74,3,38,50,189,104,92,54,23,10,562,0,8,5,55,77,48,81,24,9,307,7,72,86,520,281,243,190,76,27,1498,3,0,4,17,41,63,64,62,6,266,0,5,4,40,23,75,113,58,26,348,67,573,580,2098,2702,2800,3231,2199,871,15125,0,9,15,128,81,80,39,25,4,379,0,6,12,79,54,49,47,23,5,280,3,19,24,141,128,172,397,171,123,1171
LGA11700,0,0,0,0,0,0,0,0,0,0,0,0,0,0,0,0,0,0,0,0,0,0,0,0,0,0,0,0,0,0,0,0,0,3,0,0,0,0,0,11,4,19,22,37,18,21,15,9,0,137,58,119,118,220,112,121,72,34,19,859,0,0,0,0,0,0,0,0,0,0,115,176,199,367,181,205,147,47,16,1457,0,0,0,0,0,0,0,0,0,0,0,0,0,0,0,0,0,0,0,0,0,0,0,0,0,0,0,0,0,0,0,0,0,0,0,0,0,0,0,3,0,0,0,0,0,0,0,0,0,0,0,0,0,0,0,3,0,0,0,3,0,0,0,0,0,0,0,0,0,0,0,0,0,3,0,0,0,0,0,3,0,0,0,4,0,4,3,0,0,14,0,0,0,0,0,0,0,0,0,3,0,0,0,0,0,0,0,0,0,0,0,0,0,0,0,0,7,0,0,5
LGA11720,0,0,0,3,0,0,0,0,0,9,0,0,0,0,3,4,7,0,0,12,0,0,0,3,3,0,0,0,0,5,0,0,8,26,13,16,33,13,10,122,114,215,212,548,308,345,304,166,104,2309,1884,3681,3384,6993,3493,3634,2770,1379,706,27928,0,0,0,6,0,0,0,0,0,6,3550,7016,6332,12203,5778,5810,4136,1970,802,47595,0,0,0,0,0,0,0,0,0,0,0,0,0,0,0,0,0,0,0,0,0,0,0,0,0,0,0,0,0,0,0,0,0,25,8,6,4,0,0,39,0,0,0,6,5,3,0,0,0,18,0,0,5,15,13,6,4,6,0,49,0,0,0,0,3,8,0,3,0,16,0,0,0,0,0,3,3,0,0,7,3,20,23,104,214,233,275,129,43,1042,0,3,3,15,10,8,8,0,0,47,0,0,0,5,3,8,3,0,0,15,0,0,0,3,10,26,86,17,9,159
LGA11730,0,0,3,11,3,0,0,0,0,15,0,0,0,0,0,8,4,3,0,18,0,0,0,4,3,0,4,0,0,7,3,5,6,46,27,31,28,12,4,158,74,161,166,398,302,382,362,226,105,2175,1160,2772,2389,4771,3473,4247,3648,2061,1014,25530,0,0,0,0,0,0,0,0,0,0,2302,5365,4540,7861,5524,6708,5707,3120,1304,42432,0,0,0,0,0,0,0,0,0,4,0,0,0,0,0,0,0,0,0,0,0,0,0,0,0,0,0,0,0,3,0,4,4,15,7,14,11,0,0,49,0,0,0,0,4,3,5,0,0,11,0,0,3,17,16,6,4,0,0,55,0,0,0,3,0,0,3,0,0,9,0,0,0,0,0,0,9,0,0,18,4,18,13,101,193,292,378,203,76,1283,0,0,0,13,3,7,7,0,0,31,0,0,0,0,3,8,6,5,0,28,0,3,0,6,18,39,56,29,8,157
LGA11750,0,0,0,3,0,0,0,0,0,3,0,0,0,0,0,0,0,0,0,3,0,0,0,0,0,0,0,0,0,3,0,4,3,8,0,0,0,0,0,12,22,23,29,72,55,31,20,19,10,284,187,315,249,638,275,258,167,128,47,2255,0,0,0,0,0,0,0,0,0,0,316,564,425,1006,426,468,283,162,59,3716,0,0,0,7,0,0,0,0,0,10,0,0,0,0,0,0,0,0,0,0,0,0,0,0,0,0,0,0,0,0,0,6,0,3,0,0,0,0,0,8,0,0,0,0,0,0,0,0,0,0,0,0,0,3,0,0,0,0,0,3,0,0,0,0,0,0,0,0,0,0,0,0,0,0,0,0,0,0,0,0,0,0,0,6,8,5,4,7,0,37,0,0,0,3,4,0,0,0,0,6,0,0,0,0,0,0,0,0,0,0,0,0,0,0,0,0,3,0,0,3
LGA11800,0,0,0,21,3,7,0,0,0,33,0,0,0,3,12,4,12,7,3,33,0,0,5,3,0,6,7,0,0,17,13,96,63,195,98,79,63,25,14,649,129,251,272,560,411,430,364,284,223,2930,1998,4584,3917,8274,5167,5473,4328,2601,1284,37629,0,16,51,38,21,4,3,0,0,137,3699,8166,6755,12161,7357,8201,6100,3364,1356,57154,0,0,0,18,3,0,0,0,0,23,0,0,0,3,3,5,0,3,0,10,0,3,3,5,0,0,0,0,0,10,0,4,3,46,20,31,22,4,3,135,0,0,0,6,0,0,3,0,0,12,0,6,20,46,23,22,12,3,0,129,0,0,0,0,0,4,10,10,0,24,0,11,0,13,0,7,10,3,0,52,13,76,73,285,400,495,624,388,160,2509,0,0,3,24,22,20,4,3,0,77,0,0,5,10,14,11,11,4,3,56,0,6,8,43,42,57,113,78,26,374
LGA12000,0,0,0,0,0,0,0,0,0,0,0,0,0,0,0,0,0,0,0,0,0,0,0,0,0,0,0,0,0,0,0,0,0,0,0,0,3,0,0,7,4,17,15,41,28,38,38,36,30,248,115,290,232,412,306,265,276,187,76,2156,0,0,0,0,0,0,0,0,0,0,228,585,415,690,502,457,423,264,80,3645,0,0,0,0,0,0,0,0,0,0,0,0,0,0,0,0,0,0,0,0,0,0,0,0,0,0,0,0,0,0,0,0,3,3,3,0,0,0,0,7,0,0,0,0,0,0,0,0,0,0,0,0,0,0,0,0,0,0,0,0,0,0,0,0,0,0,0,0,0,0,0,0,0,0,0,0,0,0,0,0,0,0,0,4,18,7,19,11,0,60,0,0,0,0,0,0,0,0,0,0,0,0,0,0,0,0,0,0,0,0,0,0,0,0,0,0,3,3,0,9
LGA12150,0,0,0,0,0,0,0,0,0,0,0,0,0,0,0,0,0,0,0,0,0,0,0,0,0,0,0,0,0,0,0,0,0,0,0,0,0,0,0,0,19,37,26,71,42,50,40,30,16,332,132,270,209,431,272,261,202,126,70,1970,0,0,0,0,0,0,0,0,0,0,236,452,353,646,457,432,323,183,86,3160,0,0,0,0,0,0,0,0,0,0,0,0,0,0,0,0,0,0,0,0,0,0,0,0,0,0,0,0,0,0,0,0,0,0,0,0,0,0,0,0,0,0,0,0,0,0,0,0,0,0,0,0,0,0,0,0,0,0,0,3,0,0,0,0,0,0,0,0,0,0,0,0,0,0,0,0,0,0,0,0,0,0,0,3,11,8,3,3,0,24,0,0,0,0,0,0,0,0,0,0,0,0,0,0,0,0,0,0,0,0,0,0,0,0,0,0,4,3,0,13
LGA12350,0,0,0,0,0,3,0,0,0,7,0,0,0,0,0,0,3,0,0,3,0,0,0,0,0,0,0,0,0,5,0,0,0,9,3,14,6,5,0,43,17,49,77,112,91,92,62,54,33,592,324,757,684,1190,852,899,824,505,273,6308,0,0,0,0,0,0,0,0,0,0,624,1389,1228,2006,1369,1473,1341,774,345,10532,0,0,0,0,0,0,0,0,0,0,0,0,0,0,0,0,0,0,0,3,0,0,0,3,0,0,0,0,0,3,0,0,0,3,0,0,0,0,0,9,0,0,0,0,0,3,0,0,0,3,0,0,0,4,3,5,3,4,0,19,0,0,0,0,3,0,4,3,4,12,0,0,0,0,0,0,0,0,0,0,0,0,0,12,38,32,76,36,13,203,0,0,0,4,0,3,0,0,0,7,0,0,0,0,0,0,3,0,0,8,0,0,0,3,0,8,17,8,3,39
LGA12380,4,12,91,686,645,754,277,117,56,2645,0,0,0,4,0,3,5,0,0,18,0,5,11,27,11,9,0,0,0,69,55,257,476,1689,786,544,449,264,128,4648,451,730,753,2027,796,699,473,342,182,6446,8251,13413,13739,33939,12349,10401,6734,4054,2111,105000,46,244,1506,3189,645,337,118,40,13,6137,14833,21351,15968,20008,5697,5134,3616,2086,1351,90056,8,37,93,686,87,65,12,3,0,991,0,0,13,139,104,94,58,41,0,463,0,3,12,123,96,74,38,11,6,358,0,13,27,52,20,8,3,0,0,121,0,0,17,98,94,73,95,42,10,426,65,276,1415,5435,2799,2334,972,619,209,14131,0,3,4,46,93,175,259,201,31,814,20,84,45,271,89,117,116,72,11,829,10,48,46,200,192,292,303,168,108,1369,5,37,115,698,370,314,179,73,12,1800,0,0,5,26,9,8,10,3,5,71,0,3,23,66,36,24,111,49,24,345
LGA12700,0,0,0,0,0,0,0,0,0,0,0,0,0,0,0,0,0,0,0,5,0,0,0,0,0,0,0,0,0,3,0,0,0,3,3,9,5,0,0,17,12,36,38,83,61,86,40,29,11,393,232,558,463,949,670,734,491,268,112,4479,0,0,0,0,0,0,0,0,0,0,457,1101,855,1580,1116,1199,858,450,158,7772,0,0,0,0,0,0,0,0,0,0,0,0,0,0,0,0,0,0,0,0,0,0,0,0,0,0,0,0,0,0,0,0,0,3,0,0,0,0,0,3,0,0,0,0,0,0,0,0,0,0,0,0,0,0,3,0,0,0,0,7,0,0,0,0,3,0,0,0,0,3,0,0,0,0,0,0,0,0,0,0,0,4,6,19,30,39,55,25,3,191,0,0,0,0,0,0,0,0,0,0,0,0,0,0,0,0,0,0,0,3,0,0,0,4,4,10,4,3,0,28
LGA12730,0,0,0,0,0,0,0,0,0,0,0,0,0,0,0,0,3,0,0,3,0,0,0,0,0,0,0,0,0,0,0,0,0,0,0,4,5,0,0,10,19,40,44,93,77,93,74,62,24,523,233,544,471,951,582,656,505,368,181,4492,0,0,0,0,0,0,0,0,0,0,453,982,847,1486,890,1101,768,520,223,7262,0,0,0,0,0,0,0,0,0,0,0,0,0,0,0,0,0,0,0,0,0,0,0,0,0,0,0,0,0,0,0,0,0,0,0,0,0,0,0,3,0,0,0,0,0,0,0,0,0,0,0,0,0,3,7,0,0,0,0,6,0,0,0,0,0,0,0,0,0,0,0,0,0,0,0,0,0,0,0,3,0,4,0,11,13,24,31,20,6,118,0,0,0,0,0,0,0,0,0,0,0,0,0,0,0,0,0,0,0,0,0,0,0,0,3,4,5,0,0,17
LGA12750,0,0,0,11,5,0,3,0,0,19,0,0,0,0,3,9,9,5,3,28,0,0,0,0,0,4,0,0,0,13,0,0,10,30,37,43,66,45,16,241,46,114,118,256,207,324,324,217,98,1702,729,1842,1506,3098,2409,3556,3265,1706,841,18955,0,0,0,0,0,0,0,0,0,0,1374,3517,2752,5028,3621,5122,4413,2115,935,28881,0,0,0,4,0,0,0,0,0,4,0,0,0,0,3,0,0,4,3,8,0,0,0,0,0,0,0,0,0,0,0,3,0,14,8,22,15,5,3,64,0,0,3,4,3,3,3,8,0,30,0,0,0,16,7,3,6,3,0,40,0,0,0,0,5,12,44,47,6,109,0,0,0,0,3,4,3,0,3,11,5,19,17,77,221,408,611,351,121,1836,0,0,0,5,4,6,5,0,0,19,0,0,3,3,9,11,9,3,4,40,0,0,0,7,24,49,139,77,29,317
LGA12850,68,273,1085,6281,3849,3239,1253,622,277,16947,0,0,0,0,3,5,3,3,0,11,3,4,3,9,4,0,0,0,0,25,79,353,548,1898,1450,1388,970,562,242,7493,304,589,610,1458,762,755,472,310,159,5414,5887,12514,14301,26932,13787,12859,7728,4660,2192,100855,0,10,80,145,35,12,6,3,3,307,10750,20626,19568,16631,4947,4259,2109,1252,638,80775,0,0,11,53,10,3,0,0,0,80,0,3,47,280,194,204,90,79,23,924,33,95,406,2417,1738,1486,771,294,140,7384,0,3,13,25,11,5,0,0,0,63,0,16,39,343,314,372,413,147,25,1673,13,65,216,988,756,810,471,372,355,4048,0,3,38,219,238,434,454,431,123,1938,3,15,19,76,48,98,83,75,16,430,4,20,24,89,156,249,279,126,68,1027,3,16,94,479,301,307,115,48,7,1372,0,7,10,38,15,7,13,9,8,108,3,13,29,36,38,44,194,94,43,498
LGA12870,0,0,0,0,0,0,0,0,0,3,0,0,0,0,0,0,0,0,0,3,0,0,0,0,0,0,0,0,0,3,0,0,0,3,4,6,3,3,0,24,20,50,51,98,69,118,100,82,53,621,308,742,578,1113,780,959,910,569,226,6174,0,0,0,0,0,0,0,0,0,0,594,1355,1065,1844,1284,1534,1442,815,282,10208,0,0,0,3,0,0,0,0,0,4,0,0,0,0,0,0,0,0,0,0,0,0,0,0,0,0,0,0,0,0,0,0,0,0,0,0,0,0,0,0,0,0,0,0,0,0,0,0,0,0,0,3,0,5,3,0,0,0,0,11,0,0,0,0,0,0,3,0,3,4,0,0,0,0,0,0,0,0,0,3,0,3,3,16,46,57,90,63,23,296,0,0,0,0,3,0,0,0,0,3,0,0,0,0,0,0,0,0,0,0,0,0,0,3,5,4,19,12,0,46
LGA12900,0,0,0,0,0,0,0,0,0,0,0,0,0,0,0,0,0,0,0,0,0,0,0,0,0,0,0,0,0,0,0,0,0,3,0,3,0,0,0,6,29,41,50,92,75,64,66,53,18,490,325,641,509,1016,622,592,534,378,166,4784,0,0,0,0,0,0,0,0,0,0,577,1203,990,1700,1021,1024,905,576,218,8216,0,0,0,3,0,0,0,0,0,0,0,0,0,0,0,0,0,0,0,0,0,0,0,0,0,0,0,0,0,0,0,0,0,4,0,0,4,0,0,11,0,0,0,0,0,0,0,0,0,0,0,0,0,6,3,4,0,0,0,14,0,0,0,0,0,0,3,0,0,3,0,0,0,0,0,0,0,0,0,0,0,0,0,15,17,16,23,13,3,92,0,0,0,0,0,0,0,0,0,3,0,0,0,0,0,0,0,0,0,0,0,0,0,0,3,0,0,0,0,12
LGA12930,3,10,63,270,136,119,58,17,10,678,0,0,0,11,4,3,9,3,3,33,0,0,8,24,11,7,3,0,0,48,20,72,169,850,447,386,293,197,102,2535,154,275,354,1047,436,416,355,247,192,3481,4120,7821,9635,22328,9998,8787,6025,3922,2456,75086,0,0,0,8,3,0,0,0,0,9,7733,13619,12284,16046,7898,6085,4489,2778,2113,73047,9,23,151,589,56,32,6,0,0,859,0,3,10,86,84,67,41,27,8,325,0,0,3,37,8,14,3,0,4,71,3,12,23,59,17,21,9,3,3,142,0,11,3,85,58,60,61,18,0,295,168,550,3075,9335,4140,3465,1555,1032,339,23654,0,3,4,51,112,112,195,185,26,701,10,44,38,299,214,254,248,139,80,1317,22,93,60,403,335,358,365,183,115,1934,3,17,35,265,157,127,84,39,7,737,0,0,9,43,21,12,15,7,4,101,4,13,23,61,43,25,74,44,17,297
LGA12950,0,0,0,0,0,0,0,0,0,0,0,0,0,0,0,0,0,0,0,0,0,0,0,0,0,0,0,0,0,0,0,0,0,4,0,0,0,0,0,11,4,14,19,38,22,26,33,22,7,184,116,273,220,434,269,305,263,183,75,2142,0,0,0,0,0,0,0,0,0,0,237,509,402,712,476,518,426,290,109,3679,0,0,0,0,0,0,0,0,0,0,0,0,0,0,0,0,0,0,0,0,0,0,0,0,0,0,0,0,0,0,0,0,0,0,0,0,0,0,0,0,0,0,0,0,0,0,0,0,0,0,0,0,0,0,0,0,0,0,0,0,0,0,0,0,0,0,0,0,0,0,0,0,0,0,0,0,0,0,0,0,0,0,0,3,6,8,10,11,0,32,0,0,0,0,3,0,0,0,0,3,0,0,0,0,0,0,0,0,0,0,0,0,0,0,0,0,0,0,0,9
LGA13010,0,0,0,0,0,0,0,0,0,0,0,0,0,0,0,0,0,3,0,4,0,0,0,0,0,0,0,0,0,0,0,0,0,3,11,3,3,4,0,30,18,45,41,103,50,67,108,63,45,539,240,520,425,835,557,668,660,374,187,4453,0,0,0,0,0,0,0,0,0,0,417,933,763,1424,886,1105,968,528,186,7219,0,0,0,0,0,0,0,0,0,0,0,0,0,0,0,0,0,0,0,0,0,0,0,0,0,0,0,0,0,0,0,0,0,0,0,0,3,0,0,3,0,0,0,0,0,0,0,0,0,0,0,0,0,4,0,3,3,0,0,18,0,0,0,0,0,0,0,0,0,0,0,0,0,0,0,0,0,0,0,0,0,3,0,10,26,53,62,27,11,190,0,0,0,3,3,0,0,0,0,3,0,0,0,0,0,0,0,0,0,0,0,0,0,3,0,0,11,6,0,23
LGA13310,0,0,0,0,0,0,0,0,0,3,0,0,0,0,0,0,3,0,0,3,0,0,3,3,0,4,0,0,0,18,3,6,15,44,15,23,24,15,5,141,49,86,105,250,154,155,146,119,58,1123,851,1711,1556,3460,1992,2006,1618,946,484,14631,0,0,3,0,3,0,0,0,0,6,1626,3319,3018,5782,3294,3171,2421,1282,562,24472,0,0,0,18,0,0,0,0,0,18,0,0,0,4,0,0,0,0,0,3,0,0,3,6,3,0,3,0,0,18,0,0,0,9,3,6,6,0,0,24,0,0,0,3,4,3,5,3,0,21,0,3,3,37,16,9,0,3,0,77,0,0,0,4,3,4,7,3,0,17,0,0,0,3,4,3,4,4,0,23,3,12,5,71,126,148,198,98,31,690,0,0,3,12,7,7,0,0,0,28,0,3,3,8,3,3,6,0,0,26,0,0,0,12,12,16,28,20,10,101
LGA13340,0,0,0,0,0,0,0,0,0,0,0,0,0,0,0,0,0,0,0,0,0,0,0,0,0,0,0,0,0,0,0,0,0,5,3,0,0,4,0,11,16,40,28,93,53,77,52,26,28,424,309,790,496,1047,736,785,576,271,154,5170,0,0,0,0,0,0,0,0,0,0,598,1501,990,1696,1225,1293,978,438,199,8918,0,0,0,0,0,0,0,0,0,0,0,0,0,0,0,0,0,0,0,0,0,0,0,0,0,0,0,0,0,0,0,0,0,0,3,0,0,0,0,6,0,0,0,0,0,0,0,0,0,0,0,0,0,5,0,0,0,0,0,5,0,0,0,0,0,5,4,0,0,8,0,0,0,0,0,0,0,0,0,0,0,4,4,24,39,50,60,17,4,196,0,3,4,4,3,3,0,0,0,19,0,0,0,0,4,0,0,0,0,3,0,0,0,0,8,10,18,4,3,49
LGA13450,0,0,0,0,0,0,0,0,0,0,0,0,0,0,0,0,0,0,0,3,0,3,4,10,5,0,0,0,0,27,0,18,28,88,66,38,16,6,0,256,69,169,121,319,159,186,154,101,72,1358,873,1771,1486,3296,1671,1486,1076,758,424,12847,0,10,14,55,23,6,4,0,0,108,1586,2968,2428,4287,2364,2154,1244,790,310,18126,0,0,0,3,3,0,0,0,0,9,0,0,0,0,0,0,0,0,0,0,0,0,0,0,0,0,0,0,0,0,0,0,0,3,0,0,0,0,0,5,0,0,0,3,6,3,0,0,0,12,0,3,3,32,8,3,11,0,0,68,0,0,0,0,0,0,0,0,0,0,0,0,0,7,0,3,3,0,0,18,3,8,16,47,48,33,41,21,9,230,0,12,22,58,31,30,13,11,0,170,0,0,0,8,0,0,0,0,0,13,0,0,3,9,0,8,3,7,0,28
LGA13510,0,0,0,3,0,0,0,0,0,6,0,0,0,0,0,0,0,0,0,0,0,0,0,0,0,0,0,0,0,0,0,0,0,3,3,6,6,4,4,26,13,30,44,99,60,79,80,57,27,482,269,671,531,1118,681,815,774,512,258,5624,0,0,0,0,0,0,0,0,0,0,544,1323,981,1822,1166,1359,1217,800,323,9536,0,0,0,0,0,0,0,0,0,0,0,0,0,0,0,0,0,0,0,0,0,0,0,0,0,0,0,0,0,0,0,0,0,0,0,0,0,0,0,10,0,0,0,0,0,0,0,0,0,0,0,0,0,3,3,0,3,0,0,15,0,0,0,0,0,0,0,0,0,0,0,0,0,0,0,0,0,0,0,0,0,0,5,11,22,43,64,29,18,187,0,0,0,3,0,0,0,0,0,3,0,0,0,0,0,0,0,0,0,0,0,0,3,3,0,3,9,0,0,28
LGA13550,0,0,0,5,0,0,0,0,0,3,0,0,0,0,0,0,3,0,0,3,0,0,0,0,0,0,0,0,0,0,0,0,0,11,4,3,0,3,0,16,26,49,51,124,80,68,57,65,27,555,435,791,664,1453,771,750,604,440,211,6107,0,0,0,3,0,0,0,0,0,3,852,1486,1225,2445,1268,1333,983,649,266,10502,0,0,0,0,0,0,0,0,0,0,0,0,0,0,0,0,0,0,0,0,0,0,0,0,0,0,0,0,0,0,0,0,0,3,0,0,0,0,0,8,0,0,0,0,0,0,0,0,0,4,0,0,3,17,12,0,0,0,0,32,0,0,0,0,0,0,0,0,0,0,0,0,0,0,0,0,0,0,0,4,0,0,6,23,17,28,27,6,5,120,0,0,0,0,0,0,0,0,0,0,0,0,0,0,0,0,0,0,0,6,0,0,0,3,3,3,3,3,0,22
LGA13660,0,0,0,0,0,0,0,0,0,0,0,0,0,0,0,0,0,0,0,0,0,0,0,0,0,0,0,0,0,0,0,0,0,0,0,0,0,5,0,10,14,22,21,52,43,49,44,30,14,283,164,295,230,496,370,348,377,211,107,2592,0,0,0,0,0,0,0,0,0,0,300,576,425,820,616,595,632,351,121,4433,0,0,0,0,0,0,0,0,0,0,0,0,0,0,0,0,0,0,0,0,0,0,0,0,0,0,0,0,0,0,0,0,0,0,0,0,0,0,0,0,0,0,0,0,0,0,0,0,0,0,0,0,0,3,0,0,0,0,0,3,0,0,0,0,0,0,0,0,0,0,0,0,0,0,0,0,0,0,0,3,0,3,0,7,10,9,18,14,7,76,0,0,0,0,0,3,0,0,0,6,0,0,0,0,0,0,0,0,0,0,0,0,0,4,0,4,10,0,0,18
LGA13800,0,0,5,21,4,6,0,0,0,41,0,0,0,6,4,3,6,8,0,41,0,0,0,3,4,3,0,0,0,18,3,10,15,81,73,58,61,27,20,342,94,182,265,454,353,276,240,140,62,2065,1990,4253,4394,8216,4904,3938,2857,1430,639,32635,0,0,0,0,0,0,0,0,0,0,3889,8238,8120,13546,7265,5626,3556,1643,655,52539,0,0,0,0,0,0,0,0,0,0,0,0,0,0,0,3,4,3,0,8,0,0,0,0,0,0,3,0,0,4,0,0,0,18,17,9,10,0,0,57,0,0,0,8,9,10,10,0,0,38,0,3,23,107,43,30,28,7,3,239,0,0,0,4,11,23,19,14,4,74,0,3,0,0,0,13,12,0,0,28,6,47,70,324,527,536,479,265,101,2351,0,0,3,26,22,8,9,7,0,74,0,0,3,7,8,6,8,0,5,41,0,5,0,31,31,51,105,44,26,298
LGA13850,0,0,0,0,0,0,0,0,0,0,0,0,0,0,0,0,0,0,0,0,0,0,0,0,0,0,0,0,0,0,0,0,0,3,0,0,0,0,0,3,7,21,18,40,28,21,38,22,13,203,64,191,154,294,227,199,182,117,32,1461,0,0,0,0,0,0,0,0,0,0,131,324,282,430,374,349,267,164,34,2350,0,0,0,0,0,0,0,0,0,0,0,0,0,0,0,0,0,0,0,0,0,0,0,0,0,0,0,0,0,0,0,0,0,0,0,0,0,0,0,0,0,0,0,0,0,0,0,0,0,0,0,0,0,0,3,0,0,0,0,3,0,0,0,0,0,0,0,0,0,0,0,0,0,0,0,0,0,0,0,0,0,0,0,0,0,4,11,4,3,25,0,0,0,5,6,4,0,0,0,12,0,0,0,0,0,0,0,0,0,0,0,0,0,3,0,0,3,0,0,6
LGA13910,0,0,0,0,0,0,0,0,0,0,0,0,0,3,0,0,0,0,0,6,0,0,0,0,0,0,0,0,0,0,3,0,4,19,9,9,13,3,0,59,31,64,82,148,119,118,116,71,31,785,533,1211,1053,1901,1276,1245,1180,667,337,9402,0,0,0,0,0,0,0,0,0,3,1023,2334,1857,3145,2054,2090,1878,1002,438,15814,0,0,0,3,0,0,0,0,0,5,0,0,3,0,0,5,0,3,0,12,0,0,0,0,3,0,3,0,0,3,0,0,0,5,3,0,0,0,0,11,0,0,0,0,0,3,0,0,0,3,0,0,3,14,0,7,4,7,0,32,0,0,0,3,0,3,3,0,0,9,0,0,0,0,0,0,4,0,0,3,5,3,8,26,37,60,103,45,12,297,0,0,0,4,0,0,0,0,0,9,0,0,0,0,0,0,7,0,0,7,0,0,0,0,0,5,16,10,0,31
LGA14000,4,6,25,144,75,64,16,0,3,339,0,3,3,11,16,11,7,12,8,77,0,5,8,51,26,18,8,5,0,125,18,108,126,719,419,287,249,156,95,2183,99,211,236,619,356,295,257,242,187,2501,3898,9564,8784,18295,10963,8861,6353,3857,2453,73027,0,0,5,57,41,34,29,3,0,174,7526,16023,13455,16400,10417,8614,6315,3850,2359,84949,0,0,6,61,24,16,12,5,0,135,0,0,0,10,8,6,0,3,0,40,0,0,4,20,17,6,4,0,0,46,0,14,25,109,80,59,25,12,13,341,0,3,4,23,37,35,47,15,6,168,108,388,629,3722,1568,1115,704,377,130,8745,0,0,0,9,39,26,20,23,5,122,0,6,6,30,36,39,43,35,19,218,53,428,382,1061,1302,993,1008,526,265,6015,0,7,14,94,93,60,45,20,9,341,0,19,15,68,34,18,19,3,3,177,4,27,31,105,93,68,140,80,39,589
LGA14100,0,0,0,15,14,3,3,0,0,41,0,0,0,0,4,0,3,0,3,9,0,0,0,8,0,0,0,0,0,8,0,8,13,57,31,25,25,29,74,255,14,35,39,90,48,47,46,40,55,410,326,893,676,1498,1048,863,731,474,502,7016,0,0,0,0,9,8,3,3,0,21,666,1701,1556,1794,1204,989,798,419,369,9508,0,0,0,3,0,0,0,0,0,3,0,0,0,0,3,4,0,0,0,9,0,0,0,0,0,0,4,0,0,6,0,0,0,7,3,9,11,0,0,39,0,0,0,4,3,3,0,0,0,14,5,20,42,115,97,62,29,65,17,455,0,0,0,0,8,0,5,4,3,19,0,0,0,7,11,6,10,6,8,51,5,41,34,103,120,88,98,37,37,559,0,0,0,6,6,6,3,3,0,22,0,0,3,3,3,3,3,0,0,18,0,0,6,10,8,5,18,8,15,68
LGA14170,5,27,219,648,274,340,119,71,43,1748,0,0,0,51,29,15,6,5,0,112,0,0,4,33,17,8,5,0,0,66,21,74,255,1559,538,500,501,295,151,3887,306,435,717,2870,895,725,494,277,162,6881,5326,8272,9921,35251,12775,9636,6377,3755,2004,93302,0,0,3,13,3,3,0,0,0,23,9595,14606,13395,37119,13827,9226,4995,1864,1087,105719,3,12,46,312,44,25,3,0,0,442,0,0,0,46,22,13,13,16,0,115,0,0,10,45,18,31,5,7,4,122,7,25,40,341,109,68,33,9,0,633,3,4,6,175,66,37,58,20,3,380,28,130,1002,2313,1051,925,426,331,177,6373,0,0,5,35,49,46,70,88,27,318,0,10,8,53,40,59,99,47,37,356,105,323,346,3311,1841,1024,725,240,89,8007,0,0,10,194,105,104,69,15,8,508,3,12,48,333,69,44,28,10,4,566,3,22,33,297,153,96,121,53,21,801
LGA14200,0,0,7,9,0,0,0,0,0,14,0,0,0,0,0,0,0,0,0,0,0,0,0,0,0,0,0,0,0,0,0,7,3,21,7,4,13,5,0,57,44,84,70,168,113,132,109,66,35,816,547,1118,924,1799,1066,1120,959,614,269,8423,0,0,0,0,0,0,0,0,0,0,1004,2013,1704,2854,1697,1804,1527,952,327,13875,0,0,0,0,0,0,0,0,0,0,0,0,0,0,0,0,0,0,0,0,0,0,0,0,0,0,0,0,0,0,0,0,0,3,0,3,3,0,0,9,0,0,0,0,3,0,0,0,0,3,0,0,0,3,5,3,0,0,0,7,0,0,0,0,0,0,0,0,0,3,0,0,0,0,0,0,0,0,0,0,0,8,5,13,34,45,58,30,16,206,0,3,0,6,0,0,0,0,0,13,0,0,0,0,0,3,0,0,0,9,0,0,0,0,4,9,15,4,0,38
LGA14300,0,0,0,0,0,0,0,0,0,0,0,0,0,0,0,0,0,0,0,0,0,0,0,0,0,0,0,0,0,0,0,0,0,3,0,0,0,0,0,13,17,33,27,64,44,51,37,18,8,305,178,368,295,606,367,390,314,144,68,2720,0,0,0,0,0,0,0,0,0,4,307,701,622,1383,688,672,502,226,92,5191,0,0,0,0,0,0,0,0,0,0,0,0,0,0,0,0,0,0,0,0,0,0,0,6,0,0,0,0,0,6,0,0,0,3,0,0,0,0,0,4,0,0,0,0,0,0,0,0,0,0,0,0,4,20,4,0,0,0,0,28,0,0,0,0,0,0,0,0,0,0,0,0,0,0,0,0,0,0,0,0,0,3,0,10,14,22,20,15,4,81,0,0,4,0,0,0,0,0,0,3,0,0,0,0,0,0,0,0,0,0,0,0,0,0,0,0,3,0,3,10
LGA14350,0,0,0,4,0,0,0,0,0,6,0,0,0,0,0,0,0,0,0,6,0,0,0,3,0,0,0,0,0,6,0,0,0,22,17,14,18,9,3,88,60,149,109,288,217,263,216,119,57,1485,771,1688,1412,2772,1889,2395,1954,1008,542,14439,0,0,0,0,0,0,0,0,0,0,1413,3119,2694,4661,2979,3758,3102,1529,681,23939,0,0,0,4,0,0,0,0,0,3,0,0,0,0,0,0,0,0,0,0,0,0,0,4,0,0,0,0,0,3,0,3,3,3,9,9,0,0,0,24,0,0,0,0,0,0,3,0,3,13,0,0,4,24,6,10,0,0,0,50,0,0,0,0,0,0,0,0,3,3,0,0,0,0,0,0,4,0,0,3,3,0,7,28,90,149,206,105,45,631,0,0,3,10,3,8,5,3,0,34,0,0,0,3,0,0,3,0,0,5,0,3,0,13,10,17,39,19,9,110
LGA14400,0,0,0,3,0,0,0,0,0,4,0,0,0,0,3,3,7,0,3,20,0,0,0,0,0,4,0,0,0,10,6,0,3,22,18,33,29,11,4,123,25,42,55,139,103,101,118,86,80,758,540,1191,1067,2155,1465,1784,1468,811,456,10936,0,0,0,0,0,0,0,0,0,0,1043,2290,2080,3398,2125,2673,1938,1020,464,17036,0,0,0,0,0,0,0,0,0,0,0,0,0,0,0,0,0,0,0,3,0,0,0,0,3,0,0,0,0,3,0,0,13,13,4,3,7,4,0,48,0,0,0,3,6,3,4,0,0,10,0,4,3,19,9,14,10,0,0,59,0,0,0,5,8,8,0,0,0,17,0,0,0,0,0,3,6,0,0,17,3,26,22,130,200,198,311,160,62,1112,0,0,0,5,0,3,0,0,0,15,0,0,0,0,8,5,0,0,0,14,0,0,0,9,11,25,34,15,5,106
LGA14500,0,9,9,119,62,31,13,3,0,254,0,5,4,23,18,10,12,9,0,81,0,0,11,37,37,34,8,3,0,143,19,111,128,516,352,210,223,139,85,1784,67,204,256,463,326,213,252,251,329,2363,2938,8634,7856,13264,9814,6995,5581,3765,2538,61394,0,0,3,7,10,6,0,0,0,26,5402,13855,11187,10596,8412,6344,5472,3910,2492,67679,0,0,0,15,7,3,0,0,0,26,0,0,0,9,3,9,3,0,0,19,0,0,7,10,5,3,0,0,0,26,3,33,48,98,104,58,39,15,0,400,0,0,0,27,30,16,34,9,3,120,106,546,819,3356,1561,974,619,319,91,8390,0,0,0,7,14,19,17,18,3,81,0,6,3,16,17,28,40,29,9,148,63,841,698,993,1554,933,782,582,297,6739,0,0,9,53,29,39,25,12,4,167,0,14,26,75,27,27,28,7,6,210,5,38,33,98,124,57,125,72,43,592
LGA14550,0,0,0,0,0,0,0,0,0,0,0,0,0,0,0,0,0,0,0,0,0,0,0,0,0,0,0,0,0,8,0,3,0,9,10,9,8,0,0,37,13,42,26,76,88,79,60,40,16,442,196,529,385,761,690,817,572,301,151,4411,0,0,0,0,0,0,0,0,0,0,357,955,723,1218,1022,1343,874,444,193,7144,0,0,0,3,0,0,0,0,0,3,0,0,0,0,0,0,0,0,0,0,0,0,0,0,0,0,0,0,0,0,0,0,0,3,3,5,3,0,0,19,0,0,0,0,0,0,0,0,0,0,0,0,4,0,4,0,0,0,0,7,0,0,0,0,0,0,0,0,0,0,0,0,0,0,0,0,0,0,0,3,0,0,0,11,46,64,89,26,8,256,0,0,4,0,0,3,0,0,0,7,0,0,0,3,3,0,3,0,0,12,0,0,0,6,9,21,19,7,0,55
LGA14600,0,0,0,0,0,0,0,0,0,0,0,0,0,0,0,0,0,0,0,0,0,0,0,0,0,0,0,0,0,0,0,0,0,5,0,0,3,0,0,12,28,41,32,98,60,43,46,28,12,388,231,418,344,723,363,376,313,219,110,3099,0,0,0,0,0,0,0,0,0,0,434,758,578,1120,572,683,514,361,143,5163,0,0,0,0,0,0,0,0,0,0,0,0,0,0,0,0,0,0,0,0,0,0,0,0,0,0,0,0,0,0,0,0,0,3,0,0,0,0,0,3,0,0,0,0,0,0,0,0,0,0,0,0,0,4,0,0,0,0,0,11,0,0,0,0,0,0,0,0,0,0,0,0,0,4,0,0,3,0,0,7,0,0,0,11,4,5,6,3,3,42,0,0,0,0,0,0,0,0,0,0,0,0,0,0,0,0,0,0,0,0,0,0,0,0,0,0,3,3,0,9
LGA14650,3,0,12,50,13,4,0,0,0,84,0,3,8,17,23,22,28,10,9,110,0,3,3,33,5,13,3,0,0,66,6,53,53,274,159,133,175,104,78,1029,192,324,389,974,621,708,763,556,376,4895,5724,11820,11145,23340,13378,13502,11657,6942,3568,101077,0,0,0,0,0,0,0,0,0,3,11375,22744,21287,38899,21639,21547,17058,9517,4185,168252,0,8,3,39,11,0,3,0,0,65,0,0,0,9,13,9,9,9,0,45,0,0,3,28,10,6,4,0,0,59,4,16,16,89,63,39,28,11,0,264,0,0,0,26,20,16,24,8,0,93,7,17,55,198,81,80,48,19,8,522,0,4,0,17,21,24,25,38,4,128,0,0,0,12,8,14,19,11,0,69,27,212,148,649,877,962,1165,796,314,5155,0,3,3,40,40,28,16,6,3,150,0,3,4,24,16,12,10,4,3,81,0,12,12,67,60,94,443,124,76,883
LGA14700,0,0,5,44,12,9,0,0,0,73,0,0,0,4,5,5,4,0,3,20,0,3,3,8,9,3,0,0,0,28,12,35,36,407,108,82,73,49,29,833,36,55,69,335,87,106,70,50,28,839,1199,2038,1778,6204,2422,1941,1403,822,512,18313,0,0,0,7,0,0,3,3,0,11,2138,3493,2954,5579,2505,1947,1433,765,457,21270,0,4,7,49,17,9,0,0,0,83,0,0,0,7,4,0,0,3,0,11,0,0,0,3,5,0,0,0,0,12,3,9,11,64,24,23,4,3,0,136,0,8,7,18,3,5,13,7,0,59,18,30,134,674,241,189,88,73,30,1476,0,0,0,7,16,14,20,9,6,70,0,3,0,6,12,11,25,15,15,86,28,150,81,544,331,211,205,123,58,1737,0,0,5,30,12,13,6,4,0,71,0,3,12,44,14,9,3,0,3,95,0,3,10,69,28,15,35,14,12,196
LGA14750,0,0,0,0,0,0,0,0,0,3,0,0,0,0,0,0,0,0,0,0,0,0,0,0,0,0,0,0,0,0,4,6,4,6,3,5,0,0,0,21,31,65,60,116,77,86,80,56,26,601,363,788,774,1216,725,692,541,368,157,5633,0,0,3,23,5,3,0,0,0,33,632,1429,1345,1920,1195,1124,784,489,168,9091,0,0,0,0,0,0,0,0,0,3,0,0,0,0,0,0,0,0,0,0,0,0,0,0,0,0,0,0,0,0,0,0,0,3,0,0,0,0,0,10,0,0,0,0,0,0,0,0,0,3,0,0,3,3,7,4,0,0,0,19,0,0,0,0,0,3,3,0,0,8,0,0,0,0,0,0,0,0,0,3,0,0,3,11,18,17,24,19,4,92,0,0,4,3,4,0,0,0,0,18,0,0,0,0,0,0,0,0,0,0,0,0,0,3,3,0,3,3,0,16
LGA14850,0,0,5,13,6,4,0,0,0,31,0,0,0,0,0,4,3,3,0,15,0,0,0,4,0,4,3,0,0,12,7,9,25,67,33,43,38,7,10,231,76,146,229,439,287,311,193,135,101,1912,1112,2626,2606,5044,3180,3365,2216,1262,750,22160,0,0,0,0,0,0,0,0,0,0,2093,5016,4537,7790,4847,5176,3321,1739,841,35360,0,0,0,6,0,0,0,0,0,11,0,0,0,0,0,0,0,0,0,0,0,0,0,0,0,0,0,0,0,3,0,7,6,23,18,11,17,3,0,85,0,0,0,3,0,3,0,0,0,9,5,0,12,26,9,5,0,4,0,64,0,0,0,3,0,0,3,0,0,7,0,0,0,3,0,3,3,0,0,16,0,17,32,143,215,266,233,99,51,1052,0,0,3,3,9,3,8,0,0,29,0,0,4,12,15,10,11,0,0,55,3,3,3,38,35,59,64,9,4,220
LGA14870,0,0,7,12,0,0,0,0,0,15,0,0,0,0,5,0,0,0,0,13,0,0,0,0,0,0,0,0,0,0,0,0,4,7,14,15,8,13,0,68,48,121,104,249,165,188,180,91,47,1198,581,1176,1056,2239,1418,1547,1322,734,328,10401,0,0,0,3,0,0,0,0,0,4,1068,2155,2020,3715,2205,2326,1925,989,384,16782,0,0,0,5,0,0,0,0,0,7,0,0,0,0,3,0,0,0,0,3,0,0,0,8,0,0,0,0,0,5,0,0,0,4,3,7,0,0,0,13,0,0,0,3,0,0,7,0,0,14,0,3,0,17,6,17,6,0,0,53,0,0,0,0,0,3,6,3,0,15,0,0,0,0,0,0,3,0,0,4,3,0,3,46,94,121,157,85,34,542,0,0,0,11,5,5,7,0,0,26,0,0,0,3,0,3,0,3,3,15,0,0,0,5,3,11,40,12,3,78
LGA14900,14,53,205,1596,818,641,169,87,28,3598,0,0,0,4,0,5,3,0,3,24,0,25,58,101,34,3,4,0,0,220,49,319,509,2106,1361,1123,690,340,128,6633,519,965,936,2277,1005,849,615,381,174,7714,7560,15031,14366,30596,13534,10464,6431,3532,1459,102975,0,0,49,138,27,24,10,3,0,255,14004,25185,20672,24926,9017,5632,3416,1978,719,105550,10,30,42,430,98,67,17,3,0,702,0,6,98,540,326,267,132,75,5,1451,0,14,102,687,352,322,122,37,15,1652,3,10,22,41,29,8,10,3,0,129,3,9,33,336,340,278,216,57,13,1276,19,45,147,962,570,467,228,110,40,2589,0,0,89,470,324,356,274,207,40,1769,13,107,97,423,271,256,144,74,34,1413,9,91,66,298,397,406,372,215,74,1932,11,143,445,2720,1433,1170,420,175,32,6541,0,4,8,26,17,21,8,10,3,107,0,12,55,73,55,45,171,74,43,518
LGA14920,0,0,0,0,0,0,0,0,0,0,0,0,0,0,0,0,0,0,0,0,0,0,0,0,0,0,0,0,0,0,0,0,0,3,3,6,0,0,0,12,16,47,37,83,65,80,57,33,15,439,199,478,368,812,507,584,481,279,108,3815,0,0,0,0,0,0,0,0,0,0,421,886,684,1350,824,960,783,434,167,6505,0,0,0,0,0,0,0,0,0,0,0,0,0,0,0,0,0,0,0,0,0,0,0,0,0,0,0,0,0,0,0,0,0,0,0,3,0,0,0,6,0,0,0,0,0,0,0,0,0,0,0,0,0,0,3,0,0,0,0,7,0,0,0,0,0,0,4,0,0,4,0,0,0,0,0,0,0,0,0,0,0,0,3,11,21,28,34,22,0,122,0,0,0,0,0,0,0,0,0,0,0,0,0,0,0,0,0,0,0,0,0,0,0,0,0,3,0,4,0,11
LGA14950,0,0,0,0,0,0,0,0,0,0,0,0,0,0,0,0,0,0,0,0,0,0,0,0,0,0,0,0,0,0,0,0,0,0,3,0,0,0,0,4,4,27,13,21,35,23,23,18,8,180,109,242,139,295,210,230,184,114,55,1579,0,0,0,0,0,0,0,0,0,0,194,408,264,490,337,410,306,161,73,2643,0,0,0,0,0,0,0,0,0,0,0,0,0,0,0,0,0,0,0,0,0,0,0,0,0,0,0,0,0,0,0,0,0,0,0,0,0,0,0,0,0,0,0,0,0,0,0,0,0,0,0,0,0,5,0,0,0,0,0,6,0,0,0,0,0,0,0,0,0,0,0,0,0,0,0,0,0,0,0,0,0,0,0,5,7,11,15,11,3,47,0,0,0,0,0,0,0,0,0,0,0,0,0,0,0,0,0,0,0,0,0,0,0,0,0,0,0,0,0,3
LGA15050,0,0,4,9,6,3,0,0,0,31,0,0,0,4,12,9,8,5,0,31,0,3,13,30,5,3,0,0,0,58,0,9,15,97,52,47,43,6,7,278,101,218,192,510,288,266,257,180,108,2118,2792,5395,4868,10649,5240,4534,3427,1814,848,39571,0,0,6,0,0,0,0,0,0,6,5490,10376,8999,17813,8289,7372,5155,2532,966,66989,0,0,0,28,0,3,0,0,0,39,0,0,0,0,0,3,0,3,0,9,0,0,0,0,0,0,0,0,0,3,3,8,3,34,16,8,8,4,0,83,0,4,0,7,4,7,0,0,3,25,3,3,9,57,35,31,12,8,3,162,0,0,0,0,8,7,6,3,0,22,0,3,3,11,4,4,10,0,3,30,7,62,53,232,265,274,323,153,49,1412,0,7,8,34,18,3,5,3,0,77,0,0,0,6,9,0,5,0,0,20,0,0,3,22,23,38,144,20,19,270
LGA15240,0,0,0,14,4,4,0,0,0,19,0,0,0,0,4,4,11,4,3,30,0,0,5,3,3,8,6,0,0,28,0,13,9,54,49,65,88,47,23,351,93,258,283,583,509,643,715,482,306,3879,1954,4806,4081,7865,5891,7541,7713,4319,2049,46215,0,0,0,0,0,0,0,0,0,3,3871,9128,7486,12698,9252,11692,11480,6205,2482,74289,0,0,0,14,0,4,0,0,0,18,0,0,0,0,0,0,0,0,0,8,0,0,0,4,0,4,3,0,0,10,0,3,13,26,23,23,10,3,0,94,0,0,0,5,4,3,15,7,0,34,0,3,3,43,25,26,13,8,4,122,0,0,0,0,4,15,22,14,0,56,0,0,0,11,5,10,20,14,0,68,7,21,42,180,385,584,1097,590,202,3108,0,0,0,7,5,11,9,3,0,41,0,0,0,5,4,17,8,7,3,50,0,4,3,20,38,47,150,85,22,377
LGA15270,0,0,0,9,3,0,0,0,0,13,0,0,0,0,0,0,0,0,0,8,0,0,0,3,0,3,0,0,0,8,0,7,0,14,15,12,12,15,3,84,72,138,128,302,189,214,192,108,28,1368,821,1531,1146,2775,1692,1563,1385,757,305,11975,0,0,0,0,0,0,0,0,0,0,1536,2893,2136,4477,2684,2407,2039,996,357,19525,0,0,0,7,0,0,0,0,0,7,0,0,0,0,0,0,0,0,0,4,0,0,0,0,0,0,0,0,0,3,0,0,0,10,3,0,0,0,0,21,0,0,0,0,0,4,3,0,0,8,0,0,0,11,7,6,3,0,0,36,0,0,0,0,0,0,0,4,0,14,0,0,0,3,0,0,0,0,0,5,0,12,11,56,95,116,151,105,27,562,0,0,3,5,3,0,0,0,0,18,0,0,0,5,0,0,0,0,0,8,0,0,0,3,8,13,33,5,10,77
LGA15300,0,0,0,3,0,0,0,0,0,3,0,0,0,0,0,0,0,0,0,0,0,0,0,0,0,0,0,0,0,3,0,3,3,13,4,8,6,3,0,41,62,85,89,240,122,118,97,56,20,891,519,903,731,1709,879,769,586,313,113,6520,0,0,0,0,0,0,0,0,0,0,909,1591,1293,2570,1477,1261,940,493,137,10675,0,0,0,0,0,0,0,0,0,0,0,0,0,0,0,0,0,0,0,3,0,0,0,4,0,0,0,0,0,3,0,0,0,4,4,3,0,0,0,7,0,0,0,0,0,0,0,0,0,0,0,4,0,3,0,0,0,0,0,7,0,0,0,0,0,3,3,3,0,6,0,0,0,0,0,0,0,0,0,0,0,0,3,18,17,20,18,6,0,80,0,6,3,20,11,8,3,0,0,45,0,0,0,0,0,0,0,0,0,0,0,0,0,8,0,0,0,0,0,11
LGA15350,0,3,3,20,9,4,3,0,0,40,0,0,0,8,15,3,6,0,0,34,0,0,0,4,3,5,3,0,0,18,17,38,30,332,98,64,61,22,31,690,40,88,89,300,156,131,99,76,62,1053,732,1700,1437,4091,2371,1791,1713,870,578,15290,0,0,0,0,0,0,0,0,0,0,1242,2518,2083,3695,2175,1895,1817,937,577,16952,0,0,0,19,0,0,0,0,0,19,0,0,0,7,0,4,0,0,0,11,0,5,0,3,0,0,0,0,0,7,0,13,6,50,36,25,12,4,0,142,0,0,0,11,5,6,7,0,0,31,10,25,41,213,95,73,36,29,7,520,0,4,0,12,9,12,7,6,6,62,0,0,0,3,0,9,21,10,9,46,36,313,147,617,525,315,276,133,67,2428,0,0,0,6,8,3,6,0,0,31,3,14,19,80,23,10,6,3,6,169,3,9,15,66,34,15,48,21,8,219
LGA15520,0,0,0,0,0,0,0,0,0,0,0,0,0,0,0,0,0,4,0,4,0,0,0,0,0,0,0,0,0,0,0,0,0,6,7,5,3,0,0,21,18,42,33,88,73,107,88,66,23,544,306,684,516,1144,780,885,853,505,204,5881,0,0,0,0,0,0,0,0,0,0,588,1236,933,1857,1272,1492,1378,748,278,9785,0,0,0,3,0,0,0,0,0,3,0,0,0,0,0,0,0,0,0,0,0,0,0,0,0,0,0,0,0,0,0,0,0,0,3,0,0,0,0,3,0,0,0,0,0,0,0,0,0,0,0,0,0,3,0,0,0,0,0,12,0,0,0,0,0,0,3,0,0,3,0,0,0,0,0,0,0,0,0,0,0,0,3,18,21,38,82,65,4,231,0,0,0,3,3,4,0,0,0,14,0,0,0,0,0,0,0,0,0,0,0,0,0,0,0,10,18,6,3,32
LGA15560,0,0,0,0,0,0,0,0,0,0,0,0,0,0,0,0,0,0,0,0,0,0,0,0,0,0,0,0,0,0,0,0,0,3,0,0,3,0,0,12,9,42,17,61,36,31,30,11,3,240,96,254,180,433,269,244,180,111,41,1812,0,0,0,0,0,0,0,0,0,0,196,475,369,688,420,431,286,177,60,3107,0,0,0,0,0,0,0,0,0,3,0,0,0,0,0,0,0,0,0,0,0,0,0,0,0,0,0,0,0,0,0,0,0,0,0,0,0,0,0,0,0,0,0,0,0,0,0,0,0,0,0,0,0,0,3,0,0,0,0,3,0,0,0,0,0,0,0,0,0,0,0,0,0,0,0,0,0,0,0,0,0,0,0,4,8,7,11,10,3,39,0,0,0,0,0,0,0,0,0,0,0,0,0,0,0,0,0,0,0,0,0,0,0,0,0,0,3,0,0,3
LGA15650,0,0,0,0,0,0,0,0,0,3,0,0,0,0,0,0,3,0,0,6,0,0,3,9,3,0,0,0,0,15,0,7,6,24,13,3,3,3,0,56,34,68,58,143,100,78,65,41,12,598,588,1150,971,2083,1098,854,622,332,137,7837,0,0,0,0,0,0,0,0,0,0,1153,2154,1757,3578,1847,1428,1011,492,169,13589,0,0,0,6,0,0,0,0,0,11,0,0,0,0,0,0,0,0,0,0,0,0,0,0,0,0,0,0,0,0,0,0,3,6,0,0,0,0,0,15,0,0,0,0,0,0,0,0,0,3,0,0,3,25,11,3,0,0,0,47,0,0,0,0,0,4,0,3,0,3,0,0,0,0,0,0,0,0,0,0,0,3,9,39,48,55,45,24,5,219,0,0,0,12,0,3,0,0,0,11,0,0,0,3,0,3,0,0,0,9,0,0,0,3,3,3,7,0,0,15
LGA15700,0,0,0,0,0,0,0,0,0,3,0,0,0,0,0,3,3,4,3,12,0,0,0,0,0,0,0,0,0,0,4,0,0,18,9,22,15,8,0,72,24,64,66,153,133,141,148,100,88,920,444,1119,855,1687,1269,1694,1503,803,418,9794,0,0,0,0,0,0,0,0,0,0,858,2096,1608,2701,1942,2613,2229,1126,482,15653,0,0,0,0,0,0,0,0,0,0,0,0,0,0,0,0,0,3,0,5,0,0,0,0,0,0,0,0,0,0,0,4,0,5,0,9,3,0,0,27,0,0,0,3,3,0,0,0,0,5,0,0,3,4,8,6,0,0,0,18,0,0,0,0,0,0,4,0,0,5,0,0,0,0,0,0,0,0,0,4,0,9,9,35,86,132,219,144,45,670,0,0,0,5,4,4,0,0,3,23,0,0,0,3,0,6,3,3,0,13,0,0,0,0,8,19,37,11,4,78
LGA15750,0,0,0,0,0,0,0,0,0,0,0,0,0,0,0,0,4,0,0,5,0,0,0,3,0,0,0,0,0,7,0,0,0,4,0,8,3,0,0,19,60,88,78,194,113,95,76,72,61,829,493,930,675,1561,859,838,630,400,166,6559,0,0,0,0,0,0,0,0,0,0,826,1674,1240,2504,1429,1446,1047,577,168,10905,0,0,0,0,0,3,0,0,0,7,0,0,0,0,0,0,0,0,0,0,0,0,0,0,0,0,0,0,0,4,0,0,0,3,0,0,0,0,0,8,0,0,0,0,0,0,0,0,0,0,0,0,7,7,3,0,0,0,0,18,0,0,0,0,0,0,0,0,0,0,0,0,0,0,0,0,0,0,0,0,0,3,0,12,18,22,31,8,0,95,0,0,0,0,0,0,0,0,0,3,0,0,0,0,0,0,0,0,0,0,0,0,0,5,3,3,8,0,0,27
LGA15800,0,0,0,0,0,0,0,0,0,0,0,0,0,0,0,0,0,0,0,0,0,0,0,0,0,0,0,0,0,0,0,0,0,3,3,3,0,0,0,13,22,41,31,72,40,61,48,23,20,356,178,403,295,610,363,413,342,202,132,2953,0,0,0,0,0,0,0,0,0,4,336,692,537,973,598,681,560,321,166,4859,0,0,0,0,0,0,0,0,0,0,0,0,0,0,0,0,0,0,0,0,0,0,0,0,0,0,0,0,0,0,0,0,0,3,0,0,0,0,0,6,0,0,0,0,0,0,0,0,0,0,0,0,0,0,0,3,3,0,0,9,0,0,0,0,0,0,0,0,0,0,0,0,0,0,0,0,0,0,0,0,0,0,8,6,7,22,10,7,0,64,0,0,0,0,0,0,0,0,0,0,0,0,3,3,0,0,0,0,0,8,0,0,0,0,0,6,5,0,0,17
LGA15850,0,0,0,0,0,0,0,0,0,0,0,0,0,0,0,0,0,0,0,0,0,0,0,0,0,0,0,0,0,0,0,0,0,0,6,0,0,0,0,7,10,27,34,65,50,82,50,33,19,360,225,435,331,692,410,448,365,216,111,3226,0,0,0,0,0,0,0,0,0,0,415,861,625,1136,656,702,610,336,143,5484,0,0,0,4,0,0,0,0,0,4,0,0,0,0,0,0,0,0,0,0,0,0,0,0,0,0,0,0,0,0,0,0,0,3,0,0,0,0,0,3,0,0,0,0,0,0,0,0,0,0,0,0,0,0,3,0,0,0,0,3,0,0,0,0,0,0,0,0,0,0,0,0,0,0,0,0,0,0,0,0,0,0,0,8,4,16,20,11,0,62,0,0,0,0,0,0,0,0,0,0,0,0,0,0,0,0,0,0,0,0,0,0,3,0,0,3,4,0,3,13
LGA15900,7,17,30,109,25,25,5,0,0,217,0,0,6,15,12,19,12,5,6,73,0,5,32,31,4,6,0,0,0,86,39,105,166,529,152,112,119,76,60,1357,124,225,434,918,431,485,401,354,246,3617,4308,8301,11189,21920,9994,9257,6684,4342,2771,78766,33,42,55,108,12,5,0,0,0,256,8548,15439,18975,34507,15871,14564,9811,5588,3092,126387,4,7,16,109,18,10,0,0,0,160,0,0,3,36,22,36,32,16,0,146,4,3,9,18,7,3,0,0,3,49,7,27,33,143,60,36,17,3,0,322,0,0,8,38,11,8,3,0,0,76,18,31,633,738,142,76,46,17,20,1718,0,0,6,14,42,36,36,39,9,177,0,10,5,25,7,9,18,9,4,84,25,179,192,738,586,590,507,268,146,3222,0,4,9,56,38,24,5,8,0,139,0,7,10,57,18,7,4,5,4,117,0,14,24,89,59,58,269,52,34,601
LGA15950,0,0,13,84,17,12,16,8,0,143,0,3,6,29,9,0,8,3,5,64,0,0,0,22,12,14,3,0,0,49,17,74,106,1060,200,135,122,66,38,1807,130,128,213,1187,317,305,254,130,87,2747,1886,2342,2775,15039,4324,3907,3195,1503,769,35744,0,0,3,0,0,0,0,0,0,3,3301,3475,3477,13363,3917,3740,3181,1540,676,36674,0,0,7,35,6,5,0,0,0,54,0,0,0,14,0,3,3,0,0,30,0,0,0,6,0,0,0,0,0,13,3,19,11,190,42,52,34,8,0,363,0,0,0,46,14,13,3,3,0,81,9,83,164,915,306,203,154,81,39,1961,0,0,0,21,17,4,14,18,5,80,4,0,3,32,9,18,28,14,8,117,64,219,168,1823,816,556,546,209,68,4461,0,0,3,66,32,27,17,9,0,158,8,15,22,291,52,14,28,5,0,438,0,7,17,186,54,30,81,22,10,409
LGA15990,0,0,33,128,53,29,14,4,0,260,3,8,11,110,64,37,32,20,8,287,0,0,13,69,37,25,17,0,4,162,54,237,316,2717,851,484,418,233,111,5422,307,606,590,1878,923,794,751,553,447,6854,7602,16593,13005,35050,19163,14581,11773,7121,4489,129370,0,0,3,31,4,24,12,0,0,78,14372,28966,20963,38271,21533,17109,13196,7717,4373,166494,0,0,5,77,15,5,0,0,0,100,0,0,5,62,43,50,21,5,3,196,3,6,0,19,14,9,3,0,0,55,13,70,75,499,278,148,64,24,19,1186,3,17,11,134,59,39,48,25,10,354,13,92,464,1181,792,571,241,157,66,3566,0,0,15,79,100,142,167,148,42,691,0,0,3,36,29,66,115,61,36,340,208,1519,1139,5988,4283,2564,2472,1298,621,20084,0,3,16,96,50,74,38,21,3,315,7,115,95,547,190,76,55,23,13,1121,11,89,121,593,365,203,329,183,76,1970
LGA16100,0,0,0,0,0,0,0,0,0,0,0,0,0,0,0,0,0,0,0,0,0,0,0,0,0,0,0,0,0,0,0,0,0,3,3,6,11,3,0,30,21,24,29,50,57,43,46,29,8,308,153,295,278,483,365,378,380,142,65,2543,0,0,0,0,0,0,0,0,0,3,263,547,580,830,585,560,539,178,82,4173,0,0,0,0,0,0,0,0,0,0,0,0,0,3,3,0,0,0,0,4,0,0,0,0,0,0,0,0,0,3,0,0,0,0,0,0,3,0,0,7,0,0,0,0,0,0,0,0,0,0,0,0,0,3,4,0,0,0,0,10,0,0,0,0,0,0,3,0,0,4,0,0,0,0,0,0,0,0,0,0,0,0,0,11,23,30,48,26,5,138,0,0,0,0,0,0,0,0,0,3,0,0,0,0,0,0,0,0,0,0,0,0,0,4,3,3,10,3,0,29
LGA16150,0,0,3,21,0,0,0,0,0,20,0,0,0,4,3,3,0,3,0,12,0,0,20,24,11,4,3,0,0,58,0,18,17,63,26,23,17,21,20,201,63,116,157,364,217,176,170,143,70,1475,1426,2638,2501,5409,2608,2374,1929,1224,605,20728,0,0,0,5,0,0,0,0,0,8,2839,5027,4377,8428,4045,3773,2824,1659,681,33654,0,0,3,13,0,0,0,0,0,16,0,0,0,0,0,0,0,0,0,3,0,0,0,0,0,0,0,0,0,4,0,3,5,24,4,0,0,0,0,41,0,0,0,0,0,0,0,0,0,6,0,4,4,56,23,23,21,11,0,140,0,0,0,0,6,4,4,10,6,26,0,8,3,3,0,0,3,0,0,13,3,28,22,86,120,140,135,86,44,663,0,3,0,17,16,3,0,0,0,38,0,0,0,10,0,0,3,3,0,17,0,0,0,17,6,19,50,16,9,109
LGA16200,0,0,0,4,0,0,0,0,0,3,0,0,0,0,0,0,3,0,0,4,0,0,0,0,0,0,0,0,0,0,0,4,0,3,8,4,6,3,3,26,27,71,65,150,109,97,110,85,46,761,457,984,907,1599,933,976,748,531,283,7416,0,0,0,0,0,0,0,0,0,0,877,1829,1611,2600,1545,1633,1159,739,337,12328,0,0,0,0,0,0,0,0,0,3,0,0,0,0,0,0,0,0,0,0,0,0,0,0,0,0,0,0,0,0,0,3,0,3,0,0,0,0,0,7,0,0,0,0,0,0,0,0,0,0,0,0,5,17,7,6,4,0,0,41,0,0,0,0,0,0,3,0,0,7,0,0,0,0,0,0,0,0,0,4,0,4,3,22,27,29,42,29,15,172,0,0,3,3,5,3,0,0,0,18,0,0,0,0,0,0,0,0,0,4,0,0,0,3,0,3,10,4,0,21
LGA16260,3,4,50,334,181,149,60,19,11,804,0,0,0,14,8,3,9,10,3,44,0,7,15,81,9,8,3,0,0,126,70,211,257,1420,521,412,313,197,90,3488,437,490,605,2488,697,612,487,312,221,6357,8215,12071,12487,40160,13600,11568,7819,4620,2453,112996,7,22,126,429,106,124,67,17,5,912,13558,18439,15307,24013,9433,7849,6257,4001,2204,101064,19,56,96,701,101,52,21,8,0,1066,0,0,12,68,38,35,16,7,0,180,0,0,19,79,41,19,9,9,0,172,18,20,27,136,55,39,17,4,5,321,0,9,17,112,86,62,75,25,3,401,231,636,2547,10161,3958,3083,1479,904,236,23242,0,3,10,46,66,58,67,81,5,340,12,12,20,181,59,115,90,51,21,562,38,168,167,720,627,631,621,422,171,3573,3,17,68,513,269,256,131,53,14,1325,0,10,6,75,24,20,12,8,7,168,7,14,35,129,77,44,143,87,24,553
LGA16350,0,14,21,130,41,22,6,7,5,247,0,0,0,5,21,25,16,8,0,77,4,15,16,65,12,8,3,3,0,122,11,106,255,889,507,397,323,140,76,2694,349,560,714,1726,793,749,602,325,146,5964,6988,13179,13320,29365,12664,11486,7306,3403,1529,99243,0,21,56,161,40,25,13,8,0,325,13525,23990,22771,41005,15880,13219,7435,2802,1253,141876,0,25,27,202,28,25,10,0,0,318,0,0,12,61,36,42,22,20,3,190,0,3,4,46,24,15,3,0,0,89,0,11,16,67,35,26,13,6,0,175,0,0,0,78,52,54,47,29,3,271,6,42,87,553,216,176,91,47,13,1232,0,3,7,48,117,152,144,102,17,580,4,35,44,160,113,160,108,51,12,684,23,133,155,848,1307,1460,1344,635,213,6123,0,24,84,464,258,214,87,30,6,1176,0,4,14,25,17,18,17,6,4,107,4,5,17,87,76,136,324,128,48,830
LGA16380,0,0,3,17,0,7,3,0,0,35,0,0,0,4,3,9,4,9,3,37,0,0,3,6,3,3,8,0,0,26,6,7,21,74,69,58,63,54,23,373,80,174,208,481,367,414,576,393,198,2901,1879,4517,3721,7716,5368,5956,6097,3751,1830,40846,0,0,0,0,0,0,0,0,0,0,3581,8593,6803,12195,8099,8973,8578,4888,2147,63862,0,0,0,7,0,0,0,0,0,7,0,0,0,0,0,3,0,0,0,7,0,0,0,3,0,0,0,0,0,4,3,4,3,49,22,26,15,12,3,134,0,0,0,7,5,5,8,0,0,28,0,11,15,52,27,23,17,10,3,154,0,0,0,0,3,7,4,12,3,36,0,4,3,7,10,9,18,4,3,60,11,69,61,283,474,540,904,659,252,3257,0,0,0,16,9,10,8,4,0,53,0,4,0,17,8,12,15,3,0,68,0,5,5,23,26,49,114,84,25,338
LGA16400,0,0,3,13,0,4,0,0,0,23,0,0,3,6,17,7,11,5,0,58,0,0,3,8,3,0,3,0,0,21,0,7,5,74,44,48,70,30,16,299,98,202,229,541,350,420,463,317,192,2810,1920,4144,3716,7395,4706,5037,4774,2457,1026,35174,0,0,0,0,0,0,0,0,0,0,3592,7902,6866,12053,7312,7495,6673,3276,1095,56262,0,0,0,6,0,0,0,0,0,4,0,0,0,0,6,0,7,0,0,12,0,3,0,6,0,0,0,0,0,10,0,12,8,33,28,18,17,6,0,118,0,0,0,9,5,4,16,10,0,38,0,13,3,32,26,4,5,8,3,91,0,0,0,3,9,13,12,33,0,78,0,0,0,3,0,14,12,5,0,33,7,105,82,268,421,504,749,403,143,2666,0,0,3,13,3,3,7,5,3,46,0,5,0,10,0,9,12,8,0,45,3,7,0,27,20,53,155,55,12,338
LGA16490,0,0,6,22,9,5,0,0,0,50,0,0,0,5,11,8,7,0,0,27,0,0,4,4,9,3,4,0,0,29,3,15,32,183,86,92,64,50,38,558,98,230,222,590,324,295,223,101,51,2122,1694,3574,3333,7880,4483,3436,2086,969,434,27899,0,0,0,7,0,0,0,0,0,12,3315,6437,5763,11332,6505,4793,2556,948,355,41998,8,13,12,130,3,3,0,0,0,166,0,0,0,4,5,7,0,8,0,33,0,4,0,9,4,0,0,0,0,19,0,6,3,33,25,17,18,4,3,115,0,0,0,15,13,7,7,0,0,40,4,11,15,94,42,24,14,3,0,210,0,0,4,9,19,40,50,44,7,170,10,5,0,24,0,8,4,0,0,48,11,75,63,259,444,347,295,152,44,1692,0,8,13,64,25,11,6,0,0,123,0,6,6,19,10,11,8,3,0,62,0,0,7,28,33,55,102,40,23,286
LGA16550,4,11,61,166,43,52,23,17,3,378,0,3,0,53,20,6,8,5,3,102,0,3,3,32,14,12,0,3,0,74,47,118,374,2049,605,550,539,311,172,4770,223,332,759,1840,608,518,460,315,297,5353,3766,6516,11346,23926,8672,6772,5138,3294,2053,71482,0,0,3,13,3,3,0,0,0,22,6723,11020,10939,20828,8636,6408,4102,2328,1389,72379,0,3,61,176,53,37,13,4,0,341,0,0,0,27,8,20,10,18,0,83,0,4,13,22,19,9,4,3,0,75,8,26,46,291,67,41,18,8,0,506,6,8,15,182,58,71,79,24,13,449,40,105,5213,2838,600,483,308,231,99,9929,0,0,0,21,21,36,49,39,18,185,0,6,3,45,43,75,183,138,42,550,70,311,368,2825,1151,657,517,222,123,6245,0,5,22,119,76,50,35,7,3,315,26,121,110,547,140,53,37,11,7,1043,5,24,56,355,110,44,96,60,54,810
LGA16610,0,0,0,0,0,0,0,0,0,0,0,0,0,0,0,0,3,0,0,4,0,0,0,0,0,0,0,0,0,3,0,0,3,13,3,8,14,5,4,45,45,105,104,217,165,168,127,92,35,1062,695,1455,1287,2287,1462,1651,1374,884,394,11489,0,0,0,0,0,0,0,0,0,0,1268,2742,2375,3790,2417,2706,2256,1341,524,19421,0,0,0,0,0,0,0,0,0,0,0,0,0,0,0,0,0,0,0,0,0,0,0,3,0,0,0,0,0,0,0,0,0,6,6,4,3,0,0,28,0,0,0,0,0,0,0,0,0,0,0,0,0,9,3,3,0,0,0,21,0,0,0,0,0,0,0,0,0,3,0,0,0,0,0,0,0,0,0,3,0,0,4,33,48,83,107,65,20,370,0,0,0,3,0,0,0,0,0,7,0,0,0,0,0,0,3,0,0,3,0,0,0,0,4,14,15,8,3,44
LGA16650,6,9,71,261,94,104,35,13,5,597,0,0,0,0,0,0,3,0,4,8,0,0,5,26,5,0,0,0,0,38,44,100,283,1721,451,432,378,219,74,3702,167,252,358,1214,440,363,342,327,346,3808,3237,5230,6727,18661,6691,5677,4324,3084,1702,55325,0,0,3,7,7,3,0,0,0,25,5938,9096,7910,13947,5365,3527,2325,1470,1053,50635,24,46,332,1489,130,42,3,3,0,2071,0,0,13,79,36,48,18,20,5,224,0,3,0,25,13,14,5,0,0,59,0,3,7,75,16,9,0,3,0,127,0,6,20,113,96,76,92,31,6,437,26,92,1374,3468,1289,1232,586,295,101,8462,0,3,0,52,49,55,78,88,18,338,6,50,44,301,188,271,264,180,78,1382,17,42,58,411,284,227,236,128,73,1474,3,6,30,219,133,104,60,28,10,600,3,3,8,71,16,8,5,4,3,135,4,3,12,88,34,28,48,25,9,251
LGA16700,0,9,76,222,95,68,30,10,4,523,0,0,0,9,5,3,7,5,3,38,0,3,13,23,7,6,3,0,0,56,45,107,127,930,298,282,218,150,73,2224,146,150,353,859,325,265,223,196,139,2655,3498,5677,7866,19551,7472,6463,4376,3001,1895,59791,0,3,7,90,54,50,25,5,4,240,6156,9694,9016,13407,6259,4924,3182,2149,1638,56433,4,13,101,255,21,12,4,0,0,403,0,0,4,21,16,18,9,8,0,76,0,0,12,34,13,9,7,0,3,75,4,7,27,93,36,25,19,5,0,219,0,0,10,54,32,36,36,14,4,177,127,300,2642,6458,1913,1564,824,535,185,14547,0,0,4,22,36,61,79,65,17,278,3,10,7,72,49,69,83,71,26,394,37,119,116,560,463,397,341,197,94,2322,3,4,15,132,74,63,49,20,5,369,0,7,14,81,19,13,14,4,4,169,3,11,19,123,49,28,73,38,27,377
LGA16900,0,3,0,23,15,11,4,0,0,58,0,0,3,9,39,15,19,16,4,106,0,0,0,7,4,4,0,0,0,13,0,9,13,116,141,191,129,132,61,792,79,192,202,454,299,318,294,182,72,2096,2067,4555,4433,8607,4797,4436,3338,1943,839,35015,0,0,0,0,0,0,0,0,0,4,4123,8656,8260,13964,6545,5373,3602,1734,691,52953,0,0,0,0,5,0,0,0,0,7,0,0,5,12,16,8,17,3,3,67,0,3,0,14,7,0,5,0,0,24,0,3,4,30,7,12,4,0,0,68,0,0,4,29,53,25,63,22,3,197,0,6,10,59,14,11,7,3,0,107,0,0,0,7,32,35,37,62,8,185,0,9,0,26,6,14,16,4,0,82,9,47,59,269,719,736,695,488,148,3174,0,0,0,27,4,6,3,4,0,46,0,0,3,10,13,7,10,3,0,39,0,0,3,24,40,127,180,119,65,547
LGA16950,0,0,3,21,4,3,0,0,0,34,0,3,0,6,14,13,27,13,4,91,0,3,0,10,0,7,5,3,0,25,3,10,18,109,83,108,127,94,30,589,136,295,321,728,559,664,689,442,235,4072,2484,5441,4754,9693,6365,7966,7541,4259,1861,50364,0,0,3,4,0,0,0,0,0,4,4807,10242,8858,16058,9448,11667,10152,5362,2149,78741,0,4,0,19,0,0,0,0,0,27,0,0,0,0,7,7,0,9,0,24,0,0,0,5,0,0,3,0,0,13,0,3,3,35,16,36,28,5,0,122,0,0,3,9,11,15,21,10,5,67,0,17,22,83,50,28,29,9,7,252,0,0,0,3,17,19,67,42,3,154,0,0,0,7,0,14,24,6,5,64,3,85,91,276,689,910,1452,872,285,4662,0,0,3,21,10,14,10,3,4,68,3,0,0,15,9,8,8,8,5,59,0,0,0,25,42,99,216,135,40,561
LGA17000,0,0,3,4,5,0,0,0,0,11,0,0,0,0,0,0,0,0,0,0,0,0,0,3,3,0,0,0,0,5,0,7,0,29,11,11,10,7,0,61,45,118,65,238,144,132,109,50,28,926,777,1637,1425,2980,1636,1348,832,432,226,11288,0,0,0,0,0,0,0,0,0,0,1450,2968,2855,4936,2662,2216,1285,641,274,19291,0,0,0,7,0,0,0,0,0,4,0,0,0,0,0,0,0,0,0,0,0,0,0,0,0,0,0,0,0,0,0,3,0,4,5,0,3,0,0,15,0,0,0,0,3,0,0,0,0,3,0,0,3,16,14,3,0,0,0,33,0,0,0,0,0,0,0,0,0,0,0,0,0,4,0,0,3,0,0,9,0,6,15,55,95,76,76,41,4,374,0,0,3,7,3,0,0,0,0,11,0,0,0,5,0,0,3,0,0,7,0,0,0,9,6,9,16,8,0,50
LGA17040,0,0,0,3,0,0,0,0,0,4,0,0,0,0,0,0,0,3,0,7,0,0,0,0,0,0,0,0,0,3,0,0,6,17,28,28,40,14,9,145,16,85,83,221,169,129,116,82,62,961,441,1196,1033,2256,1517,1373,1087,564,285,9756,0,0,0,0,0,0,0,0,0,0,896,2291,1925,3692,2284,2148,1460,679,267,15637,0,0,0,0,0,0,0,0,0,0,0,0,0,0,0,0,0,0,0,3,0,0,0,0,0,0,0,0,0,0,0,4,15,26,5,5,3,0,0,58,0,0,0,0,0,3,0,0,0,3,0,0,6,14,8,5,3,4,0,48,0,0,0,0,5,4,4,3,0,17,0,0,0,0,0,0,0,3,0,4,0,7,23,87,131,150,159,83,26,669,0,0,0,3,3,3,0,3,0,14,0,0,0,9,4,8,3,0,0,28,0,0,6,7,17,24,75,48,17,194
LGA17080,0,0,0,3,0,0,0,0,0,3,0,0,0,0,0,0,0,0,0,3,0,0,0,0,0,0,0,0,0,7,0,0,0,14,3,19,9,8,7,65,30,58,58,132,108,131,94,70,64,750,405,881,694,1488,920,1091,873,482,276,7119,0,0,0,0,0,0,0,0,0,0,752,1628,1253,2475,1545,1673,1379,730,284,11711,0,0,0,0,0,0,0,0,0,0,0,0,0,0,0,0,0,0,0,0,0,0,0,0,0,0,0,0,0,0,0,0,0,4,3,6,0,0,0,15,0,0,0,0,0,0,0,0,0,3,0,0,0,11,3,6,4,0,0,28,0,0,0,0,0,0,3,3,0,11,0,0,0,0,0,0,0,0,0,3,0,0,3,15,35,66,63,44,15,234,0,0,4,6,3,0,0,0,0,18,0,0,0,0,0,3,0,0,0,6,0,0,0,5,4,10,20,11,8,61
LGA17100,0,8,54,171,127,101,33,20,5,526,0,0,0,0,0,0,0,0,0,3,0,0,0,8,0,0,0,0,0,6,3,26,56,197,112,75,70,55,32,610,72,103,178,539,152,102,71,47,27,1292,1095,1917,2972,6908,2476,1987,1203,846,474,19874,0,0,7,6,3,0,0,0,0,15,1887,2941,3256,3430,1214,915,539,365,261,14801,0,0,13,72,22,15,0,0,0,125,0,3,0,7,0,4,8,6,0,33,0,0,5,22,12,4,7,3,0,56,3,0,4,28,0,6,0,0,0,44,0,0,3,11,17,9,11,7,0,60,13,76,493,1575,713,620,278,193,74,4040,0,0,0,3,9,11,22,41,7,97,0,6,12,36,38,65,36,19,5,217,4,27,17,88,49,36,29,22,14,293,0,3,11,62,27,30,16,11,5,165,0,0,0,14,6,3,4,0,0,30,0,0,7,18,5,3,24,4,10,71
LGA17150,0,4,8,114,64,52,19,4,0,260,0,0,5,26,24,12,24,15,3,111,0,3,8,34,7,3,3,0,0,51,20,108,147,1023,495,417,356,163,70,2798,210,368,417,1313,651,609,500,387,309,4764,6568,13633,12596,29033,15609,14003,10393,6085,3827,111750,0,0,0,5,0,0,0,0,0,4,12960,25811,23000,42476,21440,19257,13224,7272,4235,169667,0,3,6,62,15,11,3,0,0,92,0,4,4,58,46,41,15,13,0,186,0,0,7,21,21,12,6,0,0,72,3,20,29,193,98,54,33,11,4,450,0,3,15,78,92,54,72,18,3,335,25,75,205,1117,641,553,221,125,41,3007,0,4,3,36,74,89,100,84,23,403,0,19,22,152,121,227,218,125,49,932,67,354,347,1674,1611,1278,1371,802,375,7890,0,7,9,112,87,80,36,17,3,352,0,11,16,88,61,23,21,11,3,239,4,9,26,164,131,113,222,153,55,887
LGA17200,3,12,239,498,124,178,89,34,17,1185,0,0,13,61,16,9,4,4,0,114,0,0,4,28,7,7,4,0,0,56,44,79,748,3481,476,411,399,281,112,6028,370,325,2286,5649,1112,966,625,371,191,11885,3478,3500,19962,48234,9199,7547,5003,2524,1075,100530,0,0,0,27,0,3,0,0,0,34,5762,5396,10663,36482,9780,7274,4351,1696,697,82098,5,0,68,186,12,7,9,0,0,282,0,5,5,80,27,22,6,10,0,158,0,0,23,51,5,13,11,3,0,108,3,6,150,692,121,67,23,17,0,1082,0,0,19,293,63,35,42,10,3,468,57,183,10163,6681,1112,955,542,446,139,20289,0,0,6,74,35,34,38,32,7,222,0,5,12,73,38,45,35,18,19,242,42,106,857,5248,1332,888,617,240,62,9385,0,4,20,184,65,68,43,12,8,409,6,18,305,1380,105,42,39,11,6,1915,4,5,162,649,142,79,156,53,7,1261
LGA17310,0,3,8,22,3,3,0,0,0,37,0,0,0,0,4,3,0,0,0,13,0,0,3,6,5,3,0,0,0,17,0,9,5,45,23,20,14,12,7,126,125,226,254,569,332,404,302,273,152,2636,1877,3995,3412,7256,3978,4002,3162,1959,942,30581,0,0,0,0,0,0,0,0,0,3,3608,7514,6088,11601,6341,6370,5027,2820,1113,50479,0,0,0,36,0,0,0,0,0,41,0,0,0,0,0,0,0,0,0,0,0,0,0,0,0,0,0,0,0,0,0,6,9,9,12,9,9,0,0,45,0,0,0,0,4,0,0,0,0,4,0,3,12,59,25,20,5,0,0,132,0,0,0,0,3,3,0,3,0,9,0,0,0,3,0,3,0,0,0,14,5,20,21,84,133,164,196,124,39,788,4,6,0,21,12,0,3,0,0,51,0,4,3,5,0,3,0,0,0,21,0,0,4,13,5,14,32,26,8,107
LGA17350,0,0,0,0,0,0,0,0,0,6,0,0,0,0,0,0,0,0,0,0,0,0,0,0,0,0,0,0,0,0,0,0,0,0,0,0,3,0,0,10,3,16,18,45,24,35,38,29,3,216,169,377,295,600,423,422,379,268,135,3073,0,0,0,0,0,0,0,0,0,0,345,770,577,1000,717,739,657,381,196,5383,0,0,0,0,0,0,0,0,0,0,0,0,0,0,0,0,0,0,0,0,0,0,3,0,0,0,0,0,0,3,0,0,0,3,0,3,0,0,0,3,0,0,0,0,0,0,0,0,0,0,0,0,0,0,0,3,0,0,0,9,0,0,0,0,0,0,0,0,0,0,0,0,0,3,0,0,0,0,0,4,0,0,0,8,19,18,22,13,3,76,0,0,0,0,0,0,0,0,0,4,0,0,0,0,0,0,0,0,0,0,0,0,0,3,0,3,4,8,0,18
LGA17400,0,0,0,4,0,0,0,0,0,4,0,0,0,0,0,0,0,0,0,3,0,0,0,0,0,0,0,0,0,6,0,0,3,3,0,9,4,0,0,16,20,34,27,75,43,86,73,58,42,455,143,383,266,596,401,658,549,262,116,3375,0,0,0,0,0,0,0,0,0,0,246,692,477,895,681,986,817,356,113,5262,0,0,0,0,0,0,0,0,0,0,0,0,0,0,0,0,0,0,0,0,0,0,0,0,0,0,0,0,0,0,0,0,0,0,0,3,3,0,0,4,0,0,0,0,0,0,0,0,0,0,0,0,0,0,0,5,0,0,0,3,0,0,0,0,0,0,0,0,0,0,0,0,0,0,0,0,0,0,0,0,0,0,3,5,15,35,70,27,4,157,0,0,0,0,0,4,0,0,0,4,0,0,0,0,0,3,0,0,0,7,0,0,0,0,0,3,13,9,0,26
LGA17420,0,9,10,111,83,72,17,0,0,306,0,6,3,7,11,15,13,9,3,63,0,0,15,32,34,16,5,0,0,105,19,146,183,689,419,339,245,129,54,2219,105,274,263,709,381,329,292,143,60,2557,4765,11602,10091,20972,11632,9624,6941,2921,1247,79791,0,4,20,148,81,66,34,12,3,363,9071,20417,16268,20764,11076,8731,6779,2820,1053,96977,0,14,22,135,78,53,30,0,0,319,0,0,3,32,35,11,6,8,0,92,0,0,4,40,21,13,0,0,0,84,0,26,57,112,46,39,11,3,0,291,0,0,5,55,76,51,48,8,4,252,94,289,383,3714,1428,1179,645,231,109,8067,0,0,3,34,90,87,94,61,13,381,0,35,26,148,114,132,126,43,17,639,43,345,406,917,1159,861,889,441,132,5194,0,0,30,288,210,146,75,29,3,787,0,6,9,43,15,20,4,5,0,111,0,16,43,99,78,76,200,72,26,611
LGA17550,0,4,0,11,3,0,0,0,0,21,0,0,0,8,7,13,14,13,7,63,0,0,0,10,6,4,3,3,0,27,7,26,22,198,84,83,91,62,23,593,124,274,260,706,531,644,589,445,291,3861,2272,5176,4337,9660,6302,7212,6129,4040,2132,47261,0,0,0,0,0,0,0,0,0,0,4425,9453,7836,14309,8903,10129,8259,4837,2337,70497,0,0,0,0,0,0,0,0,0,0,0,0,0,3,3,7,0,0,0,11,0,4,0,6,0,0,0,0,0,5,0,12,9,80,36,40,16,14,5,205,0,0,0,6,7,0,0,5,0,24,3,10,43,88,32,25,15,7,6,228,0,0,0,3,3,5,11,12,0,28,0,0,0,6,0,3,11,6,4,26,15,116,110,410,624,731,1077,941,380,4400,0,3,3,27,21,18,13,11,3,95,3,6,5,34,11,16,18,11,7,113,0,11,10,37,44,58,150,81,31,428
LGA17620,0,0,0,9,3,0,0,0,0,16,0,0,0,0,0,0,0,0,0,3,0,0,0,3,0,0,0,0,0,4,0,0,3,19,12,0,0,0,0,36,30,93,70,198,108,95,82,63,27,769,417,1038,730,1760,948,889,675,469,216,7140,0,0,0,4,0,0,0,0,0,4,787,1836,1258,2653,1485,1513,1109,649,274,11559,0,0,0,4,0,0,0,0,0,8,0,0,0,0,0,0,0,0,0,0,0,3,0,3,0,0,0,0,0,4,0,0,0,6,3,0,0,0,0,7,0,0,0,0,0,0,0,0,0,0,0,0,0,28,8,4,3,0,0,39,0,0,0,0,3,0,0,0,0,3,0,0,0,0,0,0,0,0,0,3,0,3,14,48,54,39,49,25,9,247,0,0,0,3,0,0,0,0,0,3,0,0,0,3,0,0,3,0,0,6,0,0,3,5,3,3,8,7,0,33
LGA17640,0,0,0,0,0,0,0,0,0,0,0,0,0,0,4,0,0,3,0,7,0,0,0,0,0,0,0,0,0,0,0,0,0,5,4,3,3,0,0,21,13,28,30,63,68,56,51,46,3,358,206,436,359,729,589,578,501,284,97,3785,0,0,0,0,0,0,0,0,0,0,425,825,646,1199,969,957,819,427,166,6433,0,0,0,0,0,0,0,0,0,0,0,0,0,0,0,0,0,0,0,0,0,0,0,0,0,0,0,0,0,0,0,0,0,0,0,5,3,0,0,5,0,0,0,0,0,0,0,0,0,0,0,0,0,0,3,0,0,0,0,10,0,0,0,0,0,0,0,0,0,3,0,0,0,0,0,0,0,0,0,0,0,0,0,18,29,56,57,18,3,179,0,0,3,0,0,0,0,0,0,7,0,0,0,0,0,0,3,0,0,5,0,0,0,3,0,7,11,8,0,24
LGA17650,0,0,0,0,0,0,0,0,0,3,0,0,0,0,0,0,0,0,0,0,0,0,0,0,0,0,0,0,0,0,0,0,0,3,11,5,0,0,0,20,10,31,17,47,50,45,40,18,7,271,154,441,305,612,486,496,370,188,76,3120,0,0,0,0,0,0,0,0,0,0,286,790,557,998,722,818,607,270,94,5137,0,0,0,0,0,0,0,0,0,0,0,0,0,0,0,0,0,0,0,0,0,0,0,0,0,0,0,0,0,0,0,0,0,3,0,0,0,0,0,4,0,0,0,0,0,0,0,0,0,0,0,0,0,0,0,0,0,0,0,3,0,0,0,0,0,0,0,0,0,0,0,0,0,0,0,0,0,0,0,0,0,7,0,9,25,31,38,20,7,144,0,0,0,3,0,0,0,0,0,3,0,0,0,0,0,0,0,0,0,3,0,0,0,3,3,0,11,0,3,21
LGA17750,0,3,3,17,0,5,0,0,0,25,0,0,0,5,4,0,0,0,0,7,0,3,10,21,6,6,0,0,0,46,3,30,47,151,26,36,28,16,7,344,90,171,249,495,251,278,215,159,93,2008,1975,4216,4646,8233,3867,3730,2626,1710,887,31880,0,5,21,52,9,3,0,0,0,86,3929,7596,8218,12860,6209,6013,4153,2428,1096,52510,4,10,3,53,3,3,0,0,0,82,0,0,0,0,0,0,0,0,0,9,0,0,0,0,0,0,0,0,0,0,3,3,3,24,13,7,4,0,0,63,0,3,0,5,5,3,9,0,0,21,4,13,32,138,42,17,12,0,0,264,0,0,0,0,4,4,0,10,0,21,0,22,6,33,15,11,5,0,0,98,4,45,38,119,156,166,149,91,52,826,0,3,7,18,10,9,7,0,0,53,0,0,0,11,8,0,3,3,0,31,0,0,0,11,8,17,40,23,19,127
LGA17850,0,0,0,0,0,0,0,0,0,0,0,0,0,0,0,0,0,0,0,0,0,0,0,0,0,0,0,0,0,0,0,0,0,7,4,0,0,0,0,17,9,20,14,34,18,28,28,25,20,197,85,181,149,299,203,224,217,125,61,1540,0,0,0,0,0,0,0,0,0,0,155,316,257,487,348,378,356,177,59,2545,0,0,0,0,0,0,0,0,0,0,0,0,0,0,0,0,0,0,0,0,0,0,0,0,0,0,0,0,0,0,0,0,0,0,0,0,0,0,0,0,0,0,0,0,0,0,0,0,0,0,0,0,0,3,3,0,0,0,0,6,0,0,0,0,0,0,0,0,0,0,0,0,0,0,0,0,0,0,0,0,0,0,0,3,10,7,19,5,0,49,0,0,0,0,0,0,0,0,0,0,0,0,0,0,0,0,0,0,0,0,0,0,0,0,0,3,0,0,0,8
LGA17900,0,0,0,0,0,0,0,0,0,0,0,0,0,0,0,0,0,0,0,0,0,0,0,0,0,0,0,0,0,0,0,0,0,9,4,9,7,6,3,39,22,44,34,103,64,43,54,32,4,396,194,405,266,718,428,379,301,149,43,2875,0,0,0,0,0,0,0,0,0,0,358,717,500,1082,627,701,479,197,54,4715,0,0,0,0,0,0,0,0,0,0,0,0,0,0,0,0,3,0,0,10,0,0,0,0,0,0,0,0,0,0,0,0,0,0,0,0,0,0,0,3,0,0,0,0,0,0,0,0,0,0,0,0,0,6,5,0,0,0,0,11,0,0,0,0,0,0,8,12,0,24,0,0,0,0,0,0,0,0,0,3,0,0,0,10,11,22,21,8,0,81,0,0,0,0,0,4,0,0,0,5,0,0,0,0,0,0,0,0,0,0,0,0,0,0,0,7,14,6,0,41
LGA17950,0,0,0,0,0,0,0,0,0,0,0,0,0,0,0,0,0,0,0,0,0,0,0,0,0,0,0,0,0,0,0,0,0,3,0,0,0,0,0,9,11,23,19,32,28,23,24,16,3,174,107,197,125,296,191,171,148,96,41,1366,0,0,0,0,0,0,0,0,0,0,187,327,217,484,298,317,258,138,53,2275,0,0,0,0,0,0,0,0,0,0,0,0,0,0,0,0,0,0,0,0,0,0,0,0,0,0,0,0,0,0,0,0,0,0,0,0,0,0,0,0,0,0,0,0,0,0,0,0,0,0,0,0,0,4,0,0,0,0,0,4,0,0,0,0,0,0,0,0,0,0,0,0,0,0,0,0,0,0,0,0,0,0,0,3,3,3,4,0,3,23,0,0,0,0,0,0,0,0,0,0,0,0,0,0,0,0,0,0,0,5,0,0,0,3,0,0,3,0,0,10
LGA18020,0,0,0,3,0,0,0,0,0,4,0,0,0,0,0,0,0,0,0,3,0,0,0,0,0,0,0,0,0,0,0,0,0,0,0,7,5,4,0,26,23,65,42,107,87,85,92,58,24,586,231,607,416,864,662,712,637,382,183,4692,0,0,0,0,0,0,0,0,0,0,431,1077,776,1332,1022,1172,988,608,242,7657,0,0,0,0,3,0,0,0,0,4,0,0,0,0,0,0,0,0,0,0,0,0,0,0,0,0,0,0,0,0,0,0,0,3,0,0,0,0,0,10,0,0,0,0,0,0,0,0,0,4,0,0,0,0,4,0,3,0,0,3,0,0,0,0,0,0,3,0,0,4,0,0,0,0,0,0,0,0,0,0,0,0,0,13,20,31,62,26,14,163,0,0,0,0,0,0,0,0,0,3,0,0,0,0,0,0,0,0,0,3,0,0,3,10,0,5,13,3,3,39
LGA18050,0,0,3,38,3,5,7,0,0,56,6,0,3,46,7,5,3,0,0,64,0,0,4,8,12,4,4,10,0,41,24,69,273,1551,308,351,405,234,165,3382,167,220,304,1645,400,300,273,218,183,3708,2011,3165,3185,14267,4043,2908,2321,1486,941,34334,0,0,0,3,0,0,0,0,0,3,3603,5322,3730,11331,3944,2630,1641,875,501,33569,0,0,5,31,5,0,0,0,0,35,0,0,0,11,0,3,0,0,0,17,0,0,0,8,0,0,0,0,0,12,6,3,16,229,43,25,4,4,0,332,3,0,30,248,20,10,12,5,0,336,10,27,127,222,107,83,70,41,39,710,0,0,0,13,6,14,10,12,9,66,0,0,0,15,3,30,33,35,22,131,33,217,254,2722,701,320,292,150,72,4752,0,0,0,21,18,15,10,11,0,79,7,19,84,526,54,29,28,14,5,767,0,8,22,308,76,29,77,38,34,601
LGA18100,0,0,0,0,0,0,0,0,0,0,0,0,0,0,0,0,0,0,0,0,0,0,0,0,0,0,0,0,0,0,0,0,0,3,0,0,3,0,0,11,11,13,13,31,25,28,34,23,14,191,95,198,146,335,245,280,284,153,82,1831,0,0,0,0,0,0,0,0,0,0,166,394,265,558,400,477,460,242,116,3082,0,0,0,0,0,0,0,0,0,0,0,0,0,0,0,0,0,0,0,0,0,0,0,0,0,0,0,0,0,0,0,0,0,0,0,0,0,0,0,0,0,0,0,0,0,0,0,0,0,0,0,0,0,3,0,0,0,0,0,3,0,0,0,0,0,0,0,0,0,0,0,0,0,0,0,0,0,0,0,5,0,0,0,0,14,10,23,18,3,67,0,0,0,0,0,0,0,0,0,0,0,0,0,0,0,0,0,0,0,0,0,0,0,0,0,3,6,0,0,11
LGA18200,0,0,0,0,0,0,0,0,0,0,0,0,0,0,0,0,0,0,0,0,0,0,0,0,0,0,0,0,0,0,0,0,0,0,0,8,0,0,0,9,18,32,30,69,49,59,59,26,7,359,188,416,356,714,452,494,403,180,88,3288,0,0,0,0,0,0,0,0,0,0,384,776,621,1201,776,820,651,304,114,5650,0,0,0,0,0,0,0,0,0,0,0,0,0,0,0,0,0,0,0,0,0,0,0,0,0,0,0,0,0,0,0,0,0,3,0,3,0,0,0,7,0,0,0,0,0,0,0,0,0,0,0,0,0,0,0,0,0,0,0,3,0,0,0,0,0,0,3,0,0,3,0,0,0,0,0,0,0,0,0,0,0,0,3,17,12,24,19,16,3,95,0,0,0,3,3,0,0,0,0,10,0,0,0,0,0,0,0,0,0,0,0,0,0,0,0,3,3,0,0,14
LGA18230,0,0,0,21,3,0,0,0,0,30,0,0,0,0,0,0,3,0,0,9,0,3,10,22,8,0,4,0,0,47,0,9,5,38,12,17,18,7,3,119,100,201,221,548,322,315,266,175,94,2245,1761,3266,3084,6433,3267,3223,2319,1488,666,25505,0,0,4,0,0,0,0,0,0,7,3280,6173,5536,10045,5298,5130,3585,2172,858,42080,3,6,3,45,5,0,0,0,0,67,0,0,0,0,0,0,0,0,0,0,0,0,0,3,0,0,0,0,0,8,0,3,4,12,3,3,4,0,0,25,0,0,0,4,0,0,0,0,0,8,3,8,15,98,28,20,6,0,4,175,0,0,0,0,0,0,3,3,0,7,3,4,0,17,3,3,0,0,0,34,3,11,20,65,85,104,150,64,23,527,0,0,5,29,5,9,3,0,0,44,0,0,6,7,0,0,3,0,0,19,0,0,10,15,9,9,24,5,4,76
LGA18250,0,0,34,115,32,18,8,5,3,222,0,0,0,9,8,0,3,5,0,34,0,0,0,15,8,11,3,0,0,29,18,76,71,489,168,150,133,99,53,1253,93,174,197,669,254,192,163,110,97,1945,2374,4597,4311,12452,5243,3996,2881,1690,1078,38624,0,0,0,7,5,6,3,3,0,25,4098,7187,4952,8530,4358,3233,2226,1223,894,36692,0,0,8,39,5,3,0,0,0,58,0,0,0,0,6,0,3,5,0,19,0,0,6,17,3,3,0,0,0,36,5,23,18,99,49,24,19,3,5,250,0,3,3,19,20,10,7,4,0,68,94,377,1155,3250,1183,878,552,313,99,7902,0,0,0,13,21,43,78,82,16,260,0,0,3,11,18,26,50,37,19,161,55,237,143,748,609,383,332,142,82,2739,0,0,3,47,36,23,7,6,4,115,0,14,17,90,31,10,10,6,9,192,0,8,13,78,35,23,42,26,19,244
LGA18350,0,3,7,27,0,0,0,0,0,38,0,3,0,5,7,3,20,9,3,46,0,0,0,8,7,0,0,0,0,19,0,3,16,71,55,81,87,36,23,378,53,170,133,318,248,263,287,174,72,1725,1128,2998,2487,4692,3448,3547,3789,2014,894,24988,0,0,0,0,0,0,0,0,0,0,2202,5463,4278,7174,4855,4781,4618,2552,969,36901,0,0,0,15,3,0,0,0,0,19,0,0,0,0,3,0,0,0,0,3,0,0,0,4,0,0,0,0,0,11,0,10,4,25,21,32,12,12,0,113,0,0,0,10,14,3,3,0,0,28,0,9,101,33,19,15,14,6,4,208,0,0,0,0,6,7,8,4,0,34,0,0,0,4,3,7,10,4,3,31,5,56,66,214,408,532,795,439,153,2678,0,0,0,18,12,13,5,3,0,53,0,3,3,11,9,10,14,6,0,54,0,3,3,18,23,45,105,44,20,274
LGA18400,3,0,0,14,3,3,0,0,0,21,0,0,0,6,4,7,6,0,0,29,0,0,4,6,7,3,0,0,0,19,3,12,12,66,60,56,42,37,34,315,65,130,155,382,214,246,145,105,35,1475,1576,3559,3107,6311,3432,3044,1967,919,404,24314,0,0,0,3,0,0,0,0,0,3,3129,6985,5850,10395,5146,4286,2555,1055,418,39803,0,0,3,8,3,0,0,0,0,15,0,0,0,7,3,3,0,0,0,17,0,0,0,7,3,0,0,0,0,8,0,0,4,20,13,7,0,0,0,47,0,0,0,15,18,11,8,0,0,55,0,5,10,38,23,22,16,7,0,124,0,0,0,7,17,29,21,11,5,97,0,0,0,3,4,3,8,11,3,34,8,19,35,215,432,435,421,238,42,1845,0,3,0,29,4,7,0,0,0,52,0,0,0,0,12,0,4,0,0,26,0,0,3,20,22,33,63,30,5,184
LGA18450,0,18,102,162,74,96,36,16,6,514,0,5,4,22,46,49,45,31,15,207,0,7,10,26,6,7,6,0,0,58,60,213,256,799,477,439,370,314,167,3096,251,411,686,1336,759,805,731,586,341,5912,5878,11943,13759,26037,13362,12514,9671,6605,3313,103087,0,4,9,6,9,0,6,0,0,34,11104,21989,23336,38799,18176,15706,10199,5865,2764,147934,3,9,30,56,11,6,0,0,0,114,0,3,14,97,59,63,32,33,6,307,0,0,0,17,8,3,0,0,0,32,4,29,35,158,76,42,20,10,8,375,0,0,5,96,125,76,134,52,11,506,16,68,1059,1419,187,155,66,44,22,3035,0,0,17,106,138,123,169,204,50,808,7,9,5,39,21,28,33,14,6,164,40,260,238,1006,1688,1603,1750,1091,434,8092,0,0,11,68,37,33,37,4,0,194,4,3,24,44,43,31,37,9,3,206,3,0,25,106,83,189,377,212,110,1117
LGA18500,0,0,3,35,16,6,0,0,0,58,0,0,3,36,5,3,3,0,0,51,0,0,0,11,17,3,5,0,4,43,13,49,87,652,174,189,293,155,132,1739,114,177,225,917,341,290,288,211,159,2723,1372,2867,2867,9420,3704,3119,2981,1661,1014,29009,0,0,0,0,0,0,0,0,0,3,2345,4477,3912,9166,3675,3094,2726,1423,723,31550,3,0,0,8,0,0,0,0,0,14,0,0,0,9,3,3,0,0,0,12,0,0,3,0,0,0,0,0,0,8,4,12,9,129,40,26,15,7,0,250,0,3,3,45,7,12,10,4,0,78,11,68,108,239,146,82,74,51,13,797,0,0,0,3,12,7,6,11,7,45,0,0,0,9,12,23,46,31,9,127,52,244,242,1347,567,372,364,211,74,3476,0,0,4,21,10,12,5,3,3,58,3,11,33,210,46,27,32,18,10,384,0,9,17,108,53,29,80,42,58,390
LGA18710,0,0,0,3,0,0,0,0,0,8,0,0,0,0,7,0,0,0,0,11,0,0,0,4,0,0,0,0,0,9,0,3,8,22,25,13,8,3,3,86,17,61,60,130,87,101,78,39,14,579,473,1180,891,1931,1286,1096,787,383,183,8209,0,0,0,0,0,0,0,0,0,0,953,2202,1558,3053,2001,1646,1136,539,224,13312,0,0,0,3,0,0,0,0,0,3,0,0,0,3,0,4,0,0,0,7,0,0,0,0,0,0,0,0,0,0,0,3,0,5,11,10,3,3,0,38,0,0,0,4,0,0,3,0,0,7,0,0,3,8,5,3,0,0,0,26,0,0,0,0,7,3,9,3,0,25,0,0,0,0,0,0,0,0,0,0,0,12,23,74,117,131,138,51,24,578,0,0,0,6,3,0,0,0,0,13,0,0,0,3,0,3,0,0,0,4,0,0,3,9,11,16,23,7,7,70
LGA19399,0,0,0,0,0,0,0,0,0,0,0,0,0,0,0,0,0,0,0,0,0,0,0,0,0,0,0,0,0,0,0,0,0,4,0,0,0,0,0,4,3,5,3,18,4,12,9,0,3,53,34,54,46,138,61,76,47,14,10,492,0,0,0,0,0,0,0,0,0,0,59,105,79,226,113,138,82,31,14,839,0,0,0,0,0,0,0,0,0,0,0,0,0,0,0,0,0,0,0,0,0,0,0,0,0,0,0,0,0,0,0,0,0,0,0,0,0,0,0,0,0,0,0,0,0,0,0,0,0,0,0,0,0,0,0,0,0,0,0,0,0,0,0,0,0,0,0,0,0,0,0,0,0,0,0,0,0,0,0,0,0,0,0,3,3,5,3,5,0,15,0,0,0,0,0,0,0,0,0,3,0,0,0,0,0,0,0,0,0,0,0,0,0,4,0,0,0,0,0,3
LGA19499,0,0,11,16,3,3,3,0,0,31,0,0,3,3,3,0,3,0,0,11,0,0,0,0,0,7,0,0,0,7,7,9,28,70,28,15,3,3,0,168,19,25,162,324,113,111,82,20,4,864,149,200,848,1720,646,732,477,120,48,4939,0,0,4,3,0,0,0,0,0,4,252,278,956,2451,1096,1080,718,148,42,7028,0,0,7,8,0,0,0,0,0,21,0,0,0,4,0,0,0,0,0,3,0,0,0,4,0,4,0,0,0,10,0,0,17,13,3,0,3,0,0,34,0,0,0,19,4,5,3,0,0,25,0,8,98,83,13,11,3,0,3,225,0,0,0,3,5,3,0,0,0,10,0,0,0,12,3,3,0,0,0,23,4,4,106,115,69,73,93,21,3,501,0,0,7,10,6,0,0,0,0,22,0,6,22,36,3,0,0,0,0,69,0,0,20,21,14,9,9,9,0,78
LGA19799,0,0,0,0,0,3,3,0,0,13,0,0,0,0,0,0,0,0,0,0,0,0,0,0,0,0,0,0,0,0,0,0,0,0,3,0,4,0,0,10,0,0,0,4,5,3,6,3,0,26,4,14,12,39,31,53,60,24,7,239,0,0,0,0,0,0,0,0,0,0,9,22,20,42,34,34,43,24,6,232,0,0,0,0,0,0,0,0,0,0,0,0,0,0,0,0,0,0,0,0,0,0,0,0,0,0,0,0,0,0,0,0,0,0,0,0,0,0,0,0,0,0,0,0,0,0,0,0,0,3,0,0,0,3,3,3,3,3,0,20,0,0,0,0,0,0,0,0,0,3,0,0,0,0,0,3,0,0,0,0,0,0,0,0,0,3,11,3,0,18,0,0,0,0,0,0,0,0,0,0,0,0,0,0,0,0,0,0,0,0,0,0,0,0,0,0,0,0,0,0
